"","errorType","errorName","OBJECTID","quadrat","tag","StemTag","sp","lx","ly","dbh_2023","hom","status_2023","codes_2023","notes_2023","status_2024","fad_2024","comment_mortality_2024","mort_census_status","status_2025","fad_choices","fad_2025","crown_intact","crown_living","crown_check","lean_angle","liana_load","dead_with_resprout","comment_mortality_2025","personnel_list","GlobalID","date_measured","x","y","CreationDate...34","Creator...35","EditDate...36","Editor...37","CreationDate...38","Creator...39","EditDate...40","Editor...41","CreationDate...42","Creator...43","EditDate...44","Editor...45"
"1","error","missedStem",2464,1606,160759,1,"saal",12.5,15.3,164,1.3,"LI","","","LI","W,R","","not started","","","",NA,NA,NA,1,0,0,"","","1d781d33-87dc-47c6-ad66-f156804847ab","",-78.14410949,38.89163541,"5/20/2025 12:19:49 PM","shuej21","5/23/2025 11:28:19 AM","shuej21",NA,NA,NA,NA,NA,NA,NA,NA
"2","error","missedStem",2465,1606,160760,1,"fagr",19.6,12.7,263,1.3,"LI","","","LI","","","not started","","","",NA,NA,NA,1,0,0,"","","698b42ef-4be9-4476-886e-0bc78c91941d","",-78.14402793,38.89161148,"5/20/2025 12:19:49 PM","shuej21","5/23/2025 11:28:19 AM","shuej21",NA,NA,NA,NA,NA,NA,NA,NA
"3","error","missedStem",2511,1606,160904,1,"nysy",6.7,7.6,242,1.3,"LI","","","LI","","","not started","","","",NA,NA,NA,1,0,0,"","","041b19ff-6f46-469f-bf06-b3bdc4cf0955","",-78.14417704,38.8915665,"5/20/2025 12:19:49 PM","shuej21","5/23/2025 11:28:19 AM","shuej21",NA,NA,NA,NA,NA,NA,NA,NA
"4","error","missedStem",2512,1606,160905,1,"fagr",7.7,9.1,111,1.3,"LI","","","LI","W","","not started","","","",NA,NA,NA,1,0,0,"","","59f28578-385c-4b2b-8ba5-05c358a68fb6","",-78.14416538,38.89157993,"5/20/2025 12:19:49 PM","shuej21","5/23/2025 11:28:19 AM","shuej21",NA,NA,NA,NA,NA,NA,NA,NA
"5","error","missedStem",2513,1606,160906,1,"fagr",5.3,14.1,196,1.3,"LI","","","LI","","","not started","","","",NA,NA,NA,1,0,0,"","","874229ea-7b35-42c4-97cd-0e5e7135e41c","",-78.14419256,38.89162513,"5/20/2025 12:19:49 PM","shuej21","5/23/2025 11:28:19 AM","shuej21",NA,NA,NA,NA,NA,NA,NA,NA
"6","error","missedStem",3405,1914,190586,1,"ulru",2.3,1.1,177,1.3,"LI","","","LI","K,LF","","not started","","","",NA,NA,NA,1,0,0,"","","f3ffa764-c4ad-4a40-9fa9-5d30a898a406","",-78.14352208,38.89294462,"5/20/2025 12:19:49 PM","shuej21","5/23/2025 11:28:19 AM","shuej21",NA,NA,NA,NA,NA,NA,NA,NA
"7","error","missedStem",3406,1914,190595,1,"caovl",3.7,9.8,107,1.3,"LI","","","LI","W","","not started","","","",NA,NA,NA,1,0,0,"","","909bef13-470a-4dd0-9dd8-fe1c4587194d","",-78.14350513,38.89302285,"5/20/2025 12:19:49 PM","shuej21","5/23/2025 11:28:19 AM","shuej21",NA,NA,NA,NA,NA,NA,NA,NA
"8","error","missedStem",3407,1914,190597,1,"quru",4.2,11.2,612,1.3,"LI","RT","","LI","","","not started","","","",NA,NA,NA,1,0,0,"","","455d216c-bcda-487c-bc8d-48aeac61b3d8","",-78.14349924,38.89303542,"5/20/2025 12:19:49 PM","shuej21","5/23/2025 11:28:19 AM","shuej21",NA,NA,NA,NA,NA,NA,NA,NA
"9","error","missedStem",3455,1914,190793,1,"litu",12.2,1.3,639,1.3,"LI","","","LI","","","not started","","","",NA,NA,NA,1,0,0,"","","63ca0c14-a4b7-4ac3-9374-c9c29f1348a2","",-78.14340799,38.89294569,"5/20/2025 12:19:49 PM","shuej21","5/23/2025 11:28:19 AM","shuej21",NA,NA,NA,NA,NA,NA,NA,NA
"10","error","missedStem",3456,1914,190794,1,"quru",10.6,1.4,692,1.3,"LI","RT","","LI","","","not started","","","",NA,NA,NA,1,0,0,"","","bc66146e-9272-4cd2-a8ad-0b129e1d844b","",-78.14342641,38.89294671,"5/20/2025 12:19:49 PM","shuej21","5/23/2025 11:28:19 AM","shuej21",NA,NA,NA,NA,NA,NA,NA,NA
"11","error","missedStem",3457,1914,190795,1,"qupr",10.2,1.6,132,1.3,"LI","","","LI","","","not started","","","",NA,NA,NA,1,0,0,"","","639ec35e-7f30-4401-9ec6-44bcca1edcab","",-78.143431,38.89294854,"5/20/2025 12:19:49 PM","shuej21","5/23/2025 11:28:19 AM","shuej21",NA,NA,NA,NA,NA,NA,NA,NA
"12","error","missedStem",3458,1914,190798,1,"cagl",12.5,8.4,284,1.3,"LI","","","LI","","","not started","","","",NA,NA,NA,1,0,0,"","","d36cbebb-62ff-4a3c-9d2b-c4e47076bc72","",-78.14340387,38.8930096,"5/20/2025 12:19:49 PM","shuej21","5/23/2025 11:28:19 AM","shuej21",NA,NA,NA,NA,NA,NA,NA,NA
"13","error","missedStem",3468,1916,190831,1,"cagl",19.4,5.1,105,1.3,"LI","","","LI","","ES","not started","","","",NA,NA,NA,1,0,0,"","","73dddba7-a50d-4af9-9711-de747d2b38b4","",-78.14332093,38.89333956,"5/20/2025 12:19:49 PM","shuej21","5/23/2025 11:28:19 AM","shuej21",NA,NA,NA,NA,NA,NA,NA,NA
"14","error","missedStem",3469,1916,190832,1,"cagl",18.5,10,108,1.3,"LI","","","LI","","ES","not started","","","",NA,NA,NA,1,0,0,"","","f0ccd774-6f46-4d12-a9ac-41444e626c80","",-78.14333084,38.89338375,"5/20/2025 12:19:49 PM","shuej21","5/23/2025 11:28:19 AM","shuej21",NA,NA,NA,NA,NA,NA,NA,NA
"15","error","missedStem",3472,1916,190840,1,"litu",15,17.2,225,1.3,"LI","DV","","LI","UP,CR","ES","not started","","","",NA,NA,NA,1,0,0,"","","87384685-69fa-4e4b-b7e1-7ccee74414c2","",-78.1433705,38.89344884,"5/20/2025 12:19:49 PM","shuej21","5/23/2025 11:28:19 AM","shuej21",NA,NA,NA,NA,NA,NA,NA,NA
"16","error","missedStem",3473,1916,190845,1,"qupr",10.6,12,621,1.3,"LI","SV","","LI","","ES","not started","","","",NA,NA,NA,1,0,0,"","","7f79b16d-6f6f-4132-b572-c7e8a73c7e4b","",-78.14342168,38.89340234,"5/20/2025 12:19:49 PM","shuej21","5/23/2025 11:28:19 AM","shuej21",NA,NA,NA,NA,NA,NA,NA,NA
"17","error","missedStem",3474,1916,190846,1,"nysy",11.7,7.7,171,1.3,"LI","","","LI","","ES","not started","","","",NA,NA,NA,1,0,0,"","","42ba2b27-7bc0-4802-aed2-61f81df92608","",-78.14340941,38.89336354,"5/20/2025 12:19:49 PM","shuej21","5/23/2025 11:28:19 AM","shuej21",NA,NA,NA,NA,NA,NA,NA,NA
"18","error","missedStem",3475,1916,190853,1,"cagl",8.8,0.1,103,1.3,"LI","","","LI","","ES","not started","","","",NA,NA,NA,1,0,0,"","","2b4353ee-e7b9-4b94-a1fb-2f676b26e084","",-78.14344353,38.89329531,"5/20/2025 12:19:49 PM","shuej21","5/23/2025 11:28:19 AM","shuej21",NA,NA,NA,NA,NA,NA,NA,NA
"19","error","missedStem",3476,1914,190905,1,"cagl",11.3,19.1,274,1.3,"LI","","","LI","","","not started","","","",NA,NA,NA,1,0,0,"","","440dd7f3-575e-4a49-a3fa-635b8efa590e","",-78.14341669,38.89310604,"5/20/2025 12:19:49 PM","shuej21","5/23/2025 11:28:19 AM","shuej21",NA,NA,NA,NA,NA,NA,NA,NA
"20","error","missedStem",3482,1916,190924,1,"nysy",3,5.2,239,1.3,"LI","","","LI","","ES","not started","","","",NA,NA,NA,1,0,0,"","","84e6100e-5958-4992-95f3-32b19f365797","",-78.14350988,38.89334166,"5/20/2025 12:19:49 PM","shuej21","5/23/2025 11:28:19 AM","shuej21",NA,NA,NA,NA,NA,NA,NA,NA
"21","error","missedStem",3483,1916,190927,1,"nysy",10,4.6,119,1.3,"LI","","","LI","","ES","not started","","","",NA,NA,NA,1,0,0,"","","de211db0-67ce-45a9-9126-9940ea1e0c0d","",-78.14342929,38.89333575,"5/20/2025 12:19:49 PM","shuej21","5/23/2025 11:28:19 AM","shuej21",NA,NA,NA,NA,NA,NA,NA,NA
"22","error","missedStem",3484,1916,190932,1,"cato",6.4,17.3,111,1.3,"LI","","","LI","","ES","not started","","","",NA,NA,NA,1,0,0,"","","a035f7a3-1474-415c-bc2a-9e03f576e4f6","",-78.14346958,38.89345037,"5/20/2025 12:19:49 PM","shuej21","5/23/2025 11:28:19 AM","shuej21",NA,NA,NA,NA,NA,NA,NA,NA
"23","error","missedStem",3738,2014,201099,1,"litu",15.5,3.2,462,1.3,"LI","","","LI","","ES","not started","","","",NA,NA,NA,1,0,0,"","","0b6a40af-c15f-428f-a836-3e9a309f366c","",-78.14313935,38.8929611,"5/20/2025 12:19:49 PM","shuej21","5/23/2025 11:28:19 AM","shuej21",NA,NA,NA,NA,NA,NA,NA,NA
"24","error","missedStem",3739,2014,201100,1,"litu",14.4,1.8,276,1.3,"LI","","","LI","","ES","not started","","","",NA,NA,NA,1,0,0,"","","8da08983-767d-4837-90c7-7a38ebb98c81","",-78.14315215,38.89294857,"5/20/2025 12:19:49 PM","shuej21","5/23/2025 11:28:19 AM","shuej21",NA,NA,NA,NA,NA,NA,NA,NA
"25","error","missedStem",3762,2014,201264,1,"litu",0.3,6.8,451,1.3,"LI","","","LI","","ES","not started","","","",NA,NA,NA,1,0,0,"","","857931e2-ca3e-4e2b-b831-7b2a011b1932","",-78.14331415,38.89299463,"5/20/2025 12:19:49 PM","shuej21","5/23/2025 11:28:19 AM","shuej21",NA,NA,NA,NA,NA,NA,NA,NA
"26","error","missedStem",3763,2014,201274,1,"litu",5.3,8.9,630,1.3,"LI","","","LI","W,R","ES","not started","","","",NA,NA,NA,1,0,0,"","","cf2ae83f-bd7c-4865-a653-297cfab0cf5d","",-78.14325634,38.89301317,"5/20/2025 12:19:49 PM","shuej21","5/23/2025 11:28:19 AM","shuej21",NA,NA,NA,NA,NA,NA,NA,NA
"27","error","missedStem",3764,2014,201278,1,"litu",2.2,11.8,681,1.3,"LI","","","LI","","ES","not started","","","",NA,NA,NA,1,0,0,"","","12e4543e-21af-45af-9ca7-cdfc9a4fdcdc","",-78.14329179,38.89303951,"5/20/2025 12:19:49 PM","shuej21","5/23/2025 11:28:19 AM","shuej21",NA,NA,NA,NA,NA,NA,NA,NA
"28","error","missedStem",3765,2014,201279,1,"quru",1.9,13,511,1.3,"LI","","","LI","","ES","not started","","","",NA,NA,NA,1,0,0,"","","b28fee95-a067-43f1-82af-c3bd5330cb23","",-78.14329513,38.89305034,"5/20/2025 12:19:49 PM","shuej21","5/23/2025 11:28:19 AM","shuej21",NA,NA,NA,NA,NA,NA,NA,NA
"29","error","missedStem",3766,2014,201289,1,"cato",8.7,15.4,168,1.3,"LI","","","LI","","ES","not started","","","",NA,NA,NA,1,0,0,"","","4c8161bc-4a9c-4c93-b006-136920878021","",-78.14321656,38.89307145,"5/20/2025 12:19:49 PM","shuej21","5/23/2025 11:28:19 AM","shuej21",NA,NA,NA,NA,NA,NA,NA,NA
"30","error","missedStem",3768,2014,201291,1,"prav",6.8,12.7,122,1.3,"LI","","","LI","","ES","not started","","","",NA,NA,NA,1,0,0,"","","a06383b2-b52d-44a7-aeb4-1e896f5b2dd6","",-78.1432387,38.89304728,"5/20/2025 12:19:49 PM","shuej21","5/23/2025 11:28:19 AM","shuej21",NA,NA,NA,NA,NA,NA,NA,NA
"31","error","missedStem",3773,2014,201301,1,"qupr",14.8,3.2,168,1.3,"LI","","","LI","","ES","not started","","","",NA,NA,NA,1,0,0,"","","19d4dda7-be69-4e04-90b3-ec0af4cc42b9","",-78.14314741,38.89296115,"5/20/2025 12:19:49 PM","shuej21","5/23/2025 11:28:19 AM","shuej21",NA,NA,NA,NA,NA,NA,NA,NA
"32","error","missedStem",3774,2014,201302,1,"litu",13.4,3.2,352,1.3,"LI","","","LI","W,K,F","ES","not started","","","",NA,NA,NA,1,0,0,"","","eec1dbe2-9764-4be5-bc77-0babb8b21529","",-78.14316354,38.89296125,"5/20/2025 12:19:49 PM","shuej21","5/23/2025 11:28:19 AM","shuej21",NA,NA,NA,NA,NA,NA,NA,NA
"33","error","missedStem",3775,2014,201303,1,"acpl",14.1,6.4,220,1.3,"LI","","","LI","","ES","not started","","","",NA,NA,NA,1,0,0,"","","f9e8ebff-832c-4556-8902-09d27874b6bb","",-78.14315518,38.89299002,"5/20/2025 12:19:49 PM","shuej21","5/23/2025 11:28:19 AM","shuej21",NA,NA,NA,NA,NA,NA,NA,NA
"34","error","missedStem",3776,2014,201304,1,"litu",14.9,6.4,274,1.3,"LI","","","LI","","ES","not started","","","",NA,NA,NA,1,0,0,"","","8204d8b1-413d-407d-9473-e9bc33a57ac4","",-78.14314596,38.89298996,"5/20/2025 12:19:49 PM","shuej21","5/23/2025 11:28:19 AM","shuej21",NA,NA,NA,NA,NA,NA,NA,NA
"35","error","missedStem",3777,2014,201310,1,"cagl",18,13.6,154,1.3,"LI","SV","","LI","","ES","not started","","","",NA,NA,NA,1,0,0,"","","c2132228-895f-465f-94dc-8dbc6cb04bd8","",-78.14310957,38.89305456,"5/20/2025 12:19:49 PM","shuej21","5/23/2025 11:28:19 AM","shuej21",NA,NA,NA,NA,NA,NA,NA,NA
"36","error","missedStem",3778,2014,201313,1,"nysy",20,9.9,124,1.3,"LI","","","LI","R,W","ES","not started","","","",NA,NA,NA,1,0,0,"","","810d2e65-918b-4751-823c-c5d9dc99ee57","",-78.14308687,38.8930211,"5/20/2025 12:19:49 PM","shuej21","5/23/2025 11:28:19 AM","shuej21",NA,NA,NA,NA,NA,NA,NA,NA
"37","error","missedStem",3779,2014,201316,1,"litu",19.8,17.8,654,1.3,"LI","","","LI","","ES","not started","","","",NA,NA,NA,1,0,0,"","","9f284918-3036-4775-b2fe-44acf91c098f","",-78.14308844,38.89309225,"5/20/2025 12:19:49 PM","shuej21","5/23/2025 11:28:19 AM","shuej21",NA,NA,NA,NA,NA,NA,NA,NA
"38","error","missedStem",3780,2014,201318,1,"cagl",12.6,18.4,148,1.3,"LI","","","LI","","ES","not started","","","",NA,NA,NA,1,0,0,"","","ba817ce1-050b-41ce-9bf5-f81d8f0a250f","",-78.14317134,38.89309818,"5/20/2025 12:19:49 PM","shuej21","5/23/2025 11:28:19 AM","shuej21",NA,NA,NA,NA,NA,NA,NA,NA
"39","error","missedStem",3781,2014,201320,1,"prav",13.6,15.8,314,1.3,"LI","","","LI","","ES","not started","","","",NA,NA,NA,1,0,0,"","","5378461f-97ae-4ff9-8dc4-2abbaf6e134c","",-78.14316006,38.89307469,"5/20/2025 12:19:49 PM","shuej21","5/23/2025 11:28:19 AM","shuej21",NA,NA,NA,NA,NA,NA,NA,NA
"40","error","missedStem",5074,502,50157,1,"caco",8.2,4.1,166,1.3,"LI","","","LI","","ES","not started","","","",NA,NA,NA,1,0,0,"","","a00c2017-5be1-47d3-b309-a0efd7ee90d7","",-78.14668223,38.890848,"5/20/2025 12:19:49 PM","shuej21","5/23/2025 11:28:19 AM","shuej21",NA,NA,NA,NA,NA,NA,NA,NA
"41","error","missedStem",5075,503,50168,1,"caco",4.1,0,102,1.3,"LI","RT","","LI","","","not started","","","",NA,NA,NA,1,0,0,"","","129ccd4a-c4bf-4270-97d1-5d01f247aa7d","",-78.14674808,38.89097403,"5/20/2025 12:19:49 PM","shuej21","5/23/2025 11:28:19 AM","shuej21",NA,NA,NA,NA,NA,NA,NA,NA
"42","error","missedStem",5076,503,50172,1,"caovl",6.7,6.2,256,1.3,"LI","","","LI","","","not started","","","",NA,NA,NA,1,0,0,"","","303a7b15-53da-49d3-90c9-8e4ce9eebb65","",-78.14672571,38.89102382,"5/20/2025 12:19:49 PM","shuej21","5/23/2025 11:28:19 AM","shuej21",NA,NA,NA,NA,NA,NA,NA,NA
"43","error","missedStem",5084,502,50205,1,"fagr",18.7,2.8,242,1.3,"LI","RT","","LI","","","not started","","","",NA,NA,NA,1,0,0,"","","67de154b-8aab-41c9-a00c-2147b8b3e125","",-78.14658147,38.89081809,"5/20/2025 12:19:49 PM","shuej21","5/23/2025 11:28:19 AM","shuej21",NA,NA,NA,NA,NA,NA,NA,NA
"44","error","missedStem",5085,502,50206,1,"cato",17,8.3,329,1.3,"LI","","","LI","","","not started","","","",NA,NA,NA,1,0,0,"","","cc1a78c6-0797-49c1-9f27-ed931c8bc06c","",-78.14660054,38.89086774,"5/20/2025 12:19:49 PM","shuej21","5/23/2025 11:28:19 AM","shuej21",NA,NA,NA,NA,NA,NA,NA,NA
"45","error","missedStem",5086,502,50209,1,"caco",11,7.8,195,1.3,"LI","","","LI","","ES","not started","","","",NA,NA,NA,1,0,0,"","","e8925cd8-98da-4552-b87e-ba727497de34","",-78.14666972,38.89086367,"5/20/2025 12:19:49 PM","shuej21","5/23/2025 11:28:19 AM","shuej21",NA,NA,NA,NA,NA,NA,NA,NA
"46","error","missedStem",5087,502,50212,1,"cato",16.6,17.8,158,1.3,"LI","","","LI","","","not started","","","",NA,NA,NA,1,0,0,"","","fe11e14d-a65f-420a-9e24-170387927ff1","",-78.14660427,38.89095331,"5/20/2025 12:19:49 PM","shuej21","5/23/2025 11:28:19 AM","shuej21",NA,NA,NA,NA,NA,NA,NA,NA
"47","error","missedStem",5088,502,50215,1,"caca",9.5,18.9,115,1.3,"LI","","","LI","B","","not started","","","",NA,NA,NA,1,0,0,"","","cd456161-529f-4d90-a0a0-46132da68ba7","",-78.14668597,38.89096373,"5/20/2025 12:19:49 PM","shuej21","5/23/2025 11:28:19 AM","shuej21",NA,NA,NA,NA,NA,NA,NA,NA
"48","error","missedStem",5089,503,50217,1,"qupr",10.3,1.5,399,1.3,"LI","","","DS","R,DF","","not started","","","",NA,NA,NA,1,0,0,"","","29cb6232-1a00-4c12-9e1f-3ecaf4d539ab","",-78.14667651,38.89098708,"5/20/2025 12:19:49 PM","shuej21","5/23/2025 11:28:19 AM","shuej21",NA,NA,NA,NA,NA,NA,NA,NA
"49","error","missedStem",5090,503,50218,1,"cagl",12.3,2,131,1.3,"LI","","","LI","","","not started","","","",NA,NA,NA,1,0,0,"","","3801b8d1-df37-44bc-aa76-5dc2258feb42","",-78.14665342,38.89099144,"5/20/2025 12:19:49 PM","shuej21","5/23/2025 11:28:19 AM","shuej21",NA,NA,NA,NA,NA,NA,NA,NA
"50","error","missedStem",5091,503,50220,1,"prav",17.3,0.1,189,1.3,"LI","","","LI","","","not started","","","",NA,NA,NA,1,0,0,"","","369336bf-f13c-4974-8888-75c74f508930","",-78.14659599,38.89097397,"5/20/2025 12:19:49 PM","shuej21","5/23/2025 11:28:19 AM","shuej21",NA,NA,NA,NA,NA,NA,NA,NA
"51","error","missedStem",5440,502,53151,1,"cato",16.1,13,239,1.3,"LI","","","LI","","","not started","","","",NA,NA,NA,1,0,0,"","","3e9d1432-66e0-4e6f-928f-aff2eac82017","",-78.14661047,38.89091012,"5/20/2025 12:19:49 PM","shuej21","5/23/2025 11:28:19 AM","shuej21",NA,NA,NA,NA,NA,NA,NA,NA
"52","error","missedStem",5443,601,60015,1,"qual",10.4,9.2,531,1.3,"LI","","","LI","","","not started","","","",NA,NA,NA,1,0,0,"","","9e0546cd-3469-4588-bbd9-75358ef03d2d","",-78.14644793,38.89069478,"5/20/2025 12:19:49 PM","shuej21","5/23/2025 11:28:19 AM","shuej21",NA,NA,NA,NA,NA,NA,NA,NA
"53","error","missedStem",5444,601,60016,1,"qual",12.9,11.7,548,1.3,"LI","","","LI","","","not started","","","",NA,NA,NA,1,0,0,"","","6460894e-b4a5-4938-ac46-8f1f68b7aa3e","",-78.14641889,38.8907171,"5/20/2025 12:19:49 PM","shuej21","5/23/2025 11:28:19 AM","shuej21",NA,NA,NA,NA,NA,NA,NA,NA
"54","error","missedStem",5445,601,60020,1,"qupr",9.4,20,192,1.3,"LI","","","LI","","","not started","","","",NA,NA,NA,1,0,0,"","","0172c8e2-22c2-4e8f-94c3-1cc39dab27bb","",-78.14645845,38.8907921,"5/20/2025 12:19:49 PM","shuej21","5/23/2025 11:28:19 AM","shuej21",NA,NA,NA,NA,NA,NA,NA,NA
"55","error","missedStem",5486,601,60210,1,"qual",4.2,14.8,232,1.3,"LI","","","LI","","","not started","","","",NA,NA,NA,1,0,0,"","","1f1c1675-d7e9-464c-b290-aff156ee3eee","",-78.14651884,38.89074565,"5/20/2025 12:19:49 PM","shuej21","5/23/2025 11:28:19 AM","shuej21",NA,NA,NA,NA,NA,NA,NA,NA
"56","error","missedStem",5487,601,60212,1,"qual",1.6,16.5,348,1.3,"LI","","","LI","","","not started","","","",NA,NA,NA,1,0,0,"","","eb02dd90-481a-494c-b8af-ee471631010d","",-78.14654864,38.89076115,"5/20/2025 12:19:49 PM","shuej21","5/23/2025 11:28:19 AM","shuej21",NA,NA,NA,NA,NA,NA,NA,NA
"57","error","missedStem",5488,602,60214,1,"caca",3.7,5.1,177,1.1,"LI","","","LI","","","not started","","","",NA,NA,NA,1,0,0,"","","825dd623-9c49-47d6-856f-3f0662559339","",-78.14652365,38.89083843,"5/20/2025 12:19:49 PM","shuej21","5/23/2025 11:28:19 AM","shuej21",NA,NA,NA,NA,NA,NA,NA,NA
"58","error","missedStem",5489,602,60219,1,"cato",7.2,8.2,272,1.3,"LI","","","LI","","","not started","","","",NA,NA,NA,1,0,0,"","","eeb036db-763d-4400-807c-35f12ae3955d","",-78.14648303,38.89086609,"5/20/2025 12:19:49 PM","shuej21","5/23/2025 11:28:19 AM","shuej21",NA,NA,NA,NA,NA,NA,NA,NA
"59","error","missedStem",5490,602,60222,1,"fagr",9,12.1,234,1.3,"LI","","","LI","","","not started","","","",NA,NA,NA,1,0,0,"","","8705c925-a533-4051-bd72-d9b21ad6f49c","",-78.14646193,38.89090108,"5/20/2025 12:19:49 PM","shuej21","5/23/2025 11:28:19 AM","shuej21",NA,NA,NA,NA,NA,NA,NA,NA
"60","error","missedStem",5491,602,60226,1,"cagl",4.2,18.6,125,1.3,"LI","","","LI","","","not started","","","",NA,NA,NA,1,0,0,"","","b8c4ae17-e3cd-4550-a2d8-758778fb44d7","",-78.14651663,38.89095996,"5/20/2025 12:19:49 PM","shuej21","5/23/2025 11:28:19 AM","shuej21",NA,NA,NA,NA,NA,NA,NA,NA
"61","error","missedStem",5808,702,70022,1,"litu",1,1.9,827,1.3,"LI","RT","","LI","","","not started","","","",NA,NA,NA,1,0,0,"","","3893ba12-afe7-4147-be9e-a45912c466b3","",-78.14632462,38.89080836,"5/20/2025 12:19:49 PM","shuej21","5/23/2025 11:28:19 AM","shuej21",NA,NA,NA,NA,NA,NA,NA,NA
"62","error","missedStem",5809,702,70023,1,"quve",7.8,3.7,541,1.3,"LI","","","LI","DF","","not started","","","",NA,NA,NA,1,0,0,"","","45a1590a-4bba-4647-80a9-ccc6515d9afc","",-78.1462461,38.89082407,"5/20/2025 12:19:49 PM","shuej21","5/23/2025 11:28:19 AM","shuej21",NA,NA,NA,NA,NA,NA,NA,NA
"63","error","missedStem",5810,702,70027,1,"qual",1.8,9,485,1.3,"LI","","","LI","B","","not started","","","",NA,NA,NA,1,0,0,"","","a7082437-4aef-48d7-8bbc-75031644db80","",-78.14631474,38.89087223,"5/20/2025 12:19:49 PM","shuej21","5/23/2025 11:28:19 AM","shuej21",NA,NA,NA,NA,NA,NA,NA,NA
"64","error","missedStem",5811,702,70030,1,"quve",5.3,12,516,1.3,"LI","","","LI","DF","","not started","","","",NA,NA,NA,1,0,0,"","","de029d2d-f53e-45e1-afac-1490590056a6","",-78.14627414,38.89089899,"5/20/2025 12:19:49 PM","shuej21","5/23/2025 11:28:19 AM","shuej21",NA,NA,NA,NA,NA,NA,NA,NA
"65","error","missedStem",5812,702,70031,1,"amar",1.1,10.7,108,1.3,"LI","","","LI","","","not started","","","",NA,NA,NA,1,0,0,"","","a925ed93-5625-4022-ab38-309ff5ad5f57","",-78.14632265,38.89088759,"5/20/2025 12:19:49 PM","shuej21","5/23/2025 11:28:19 AM","shuej21",NA,NA,NA,NA,NA,NA,NA,NA
"66","error","missedStem",5855,702,70220,1,"qual",18.3,0.8,578,1.3,"LI","","","LI","","","not started","","","",NA,NA,NA,1,0,0,"","","48b9c87b-b20a-4923-9107-cf671c9ab721","",-78.1461254,38.8907972,"5/20/2025 12:19:49 PM","shuej21","5/23/2025 11:28:19 AM","shuej21",NA,NA,NA,NA,NA,NA,NA,NA
"67","error","missedStem",5856,702,70221,1,"fagr",10.1,4,115,1.3,"LI","","","LI","","","not started","","","",NA,NA,NA,1,0,0,"","","8a7c57fa-6e9a-4a0b-9dbd-e317195d8fac","",-78.14621958,38.89082661,"5/20/2025 12:19:49 PM","shuej21","5/23/2025 11:28:19 AM","shuej21",NA,NA,NA,NA,NA,NA,NA,NA
"68","error","missedStem",5857,702,70222,1,"cato",12.2,5.6,151,1.3,"LI","","","LI","","","not started","","","",NA,NA,NA,1,0,0,"","","28a78264-c11f-4fe5-9a6c-1a0fa911d85f","",-78.14619523,38.89084086,"5/20/2025 12:19:49 PM","shuej21","5/23/2025 11:28:19 AM","shuej21",NA,NA,NA,NA,NA,NA,NA,NA
"69","error","missedStem",5858,702,70223,1,"fagr",10.5,13.1,282,1.3,"LI","","","LI","","","not started","","","",NA,NA,NA,1,0,0,"","","24915354-46d0-4b5f-a274-4da948b0d71d","",-78.14621412,38.89090852,"5/20/2025 12:19:49 PM","shuej21","5/23/2025 11:28:19 AM","shuej21",NA,NA,NA,NA,NA,NA,NA,NA
"70","error","missedStem",5859,702,70224,1,"fagr",9.5,12.3,147,1.3,"LI","","","LI","","","not started","","","",NA,NA,NA,1,0,0,"","","f9dd0710-8286-43e0-9f53-e08e7e72b4b9","",-78.14622572,38.89090139,"5/20/2025 12:19:49 PM","shuej21","5/23/2025 11:28:19 AM","shuej21",NA,NA,NA,NA,NA,NA,NA,NA
"71","error","missedStem",5861,702,70226,1,"qual",19.1,7.6,152,1.3,"LI","","","LI","","","not started","","","",NA,NA,NA,1,0,0,"","","b34a7698-a7a8-4200-9462-f548dc6d2cd0","",-78.14611555,38.89085837,"5/20/2025 12:19:49 PM","shuej21","5/23/2025 11:28:19 AM","shuej21",NA,NA,NA,NA,NA,NA,NA,NA
"72","error","missedStem",6178,802,80012,1,"saal",10.3,2.3,155,1.3,"LI","RT","","LI","","","not started","","","",NA,NA,NA,1,0,0,"","","cc8718f4-bf8f-4e09-b0e4-24e7362cc86a","",-78.145987,38.89080983,"5/20/2025 12:19:49 PM","shuej21","5/23/2025 11:28:19 AM","shuej21",NA,NA,NA,NA,NA,NA,NA,NA
"73","error","missedStem",6179,802,80013,1,"saal",3.3,6.5,240,1.3,"LI","I,RT","","LI","DF","","not started","","","",NA,NA,NA,1,0,0,"","","f056d9ca-446f-4c10-b284-387309caae1c","",-78.14606726,38.89084816,"5/20/2025 12:19:49 PM","shuej21","5/23/2025 11:28:19 AM","shuej21",NA,NA,NA,NA,NA,NA,NA,NA
"74","error","missedStem",6180,802,80015,1,"quve",1.5,9.9,575,1.3,"LI","","","LI","K","","not started","","","",NA,NA,NA,1,0,0,"","","062c2ef6-4c1c-415a-9763-2803b56a39e4","",-78.14608768,38.8908789,"5/20/2025 12:19:49 PM","shuej21","5/23/2025 11:28:19 AM","shuej21",NA,NA,NA,NA,NA,NA,NA,NA
"75","error","missedStem",6564,901,90003,1,"caco",11.7,3.2,175,NA,"LI","RT,SV,DV","Needs mortality - A, intact 98, alive 95, lianas <25%","LI","","","not started","","","",NA,NA,NA,1,0,0,"","","6fa9055e-cf1e-404a-84e9-cc34f6a263d5","",-78.14574221,38.89063629,"5/20/2025 12:19:49 PM","shuej21","5/23/2025 11:28:19 AM","shuej21",NA,NA,NA,NA,NA,NA,NA,NA
"76","error","missedStem",6565,901,90005,1,"divi",11.2,4.9,263,1.3,"LI","","","LI","","","not started","","","",NA,NA,NA,1,0,0,"","","3da6ca17-cc3b-41ed-8640-5a6cc91b7a23","",-78.14574782,38.89065163,"5/20/2025 12:19:49 PM","shuej21","5/23/2025 11:28:19 AM","shuej21",NA,NA,NA,NA,NA,NA,NA,NA
"77","error","missedStem",6566,901,90008,1,"caco",1.1,5.7,169,1.3,"LI","RT,DV","","LI","","","not started","","","",NA,NA,NA,1,0,0,"","","47509b14-9db6-4f1e-a7e7-f8a556f24d9d","",-78.14586411,38.89065957,"5/20/2025 12:19:49 PM","shuej21","5/23/2025 11:28:19 AM","shuej21",NA,NA,NA,NA,NA,NA,NA,NA
"78","error","missedStem",6567,901,90009,1,"caco",1.3,8.4,512,1.3,"LI","DV,RT","","LI","","","not started","","","",NA,NA,NA,1,0,0,"","","e67f5c3d-d9d0-4ad2-b356-5ffaea836328","",-78.14586155,38.89068387,"5/20/2025 12:19:49 PM","shuej21","5/23/2025 11:28:19 AM","shuej21",NA,NA,NA,NA,NA,NA,NA,NA
"79","error","missedStem",6568,901,90010,1,"caco",1.3,15.3,232,1.3,"LI","","","LI","","","not started","","","",NA,NA,NA,1,0,0,"","","2d66bc5b-670c-46de-b43b-7f76f076592a","",-78.14586091,38.890746,"5/20/2025 12:19:49 PM","shuej21","5/23/2025 11:28:19 AM","shuej21",NA,NA,NA,NA,NA,NA,NA,NA
"80","error","missedStem",6569,901,90012,1,"acru",7.1,14.6,209,1.3,"LI","RT","","LI","","","not started","","","",NA,NA,NA,1,0,0,"","","9c449cd1-57d8-419b-8800-8bdf29ab23e3","",-78.14579415,38.89073927,"5/20/2025 12:19:49 PM","shuej21","5/23/2025 11:28:19 AM","shuej21",NA,NA,NA,NA,NA,NA,NA,NA
"81","error","missedStem",7160,1606,160907,1,"fram",1.3,19.2,0,1.3,"DS","","","DS","","Duplicate data point","not started","","","",NA,NA,NA,1,0,0,"","","cf5d0e8e-ad76-499e-935b-1086542f5b54","",-78.14423817,38.89167135,"5/20/2025 12:19:49 PM","shuej21","5/23/2025 11:28:19 AM","shuej21",NA,NA,NA,NA,NA,NA,NA,NA
"82","error","missedStem",7279,1914,190591,1,"fram",7.6,3.7,0,1.3,"DS","","","","","","not started","","","",NA,NA,NA,1,0,0,"","","b30b7456-68e6-47ab-a2b5-84206aad2939","",-78.14346077,38.89296764,"5/20/2025 12:19:49 PM","shuej21","5/23/2025 11:28:19 AM","shuej21",NA,NA,NA,NA,NA,NA,NA,NA
"83","error","missedStem",7288,1916,190928,1,"caovl",1,8.4,233,1.3,"DS","","","DC","","ES","not started","","","",NA,NA,NA,1,0,0,"","","1e525b59-68bc-46b8-b1b6-1ed141073a8a","",-78.14353263,38.89337062,"5/20/2025 12:19:49 PM","shuej21","5/23/2025 11:28:19 AM","shuej21",NA,NA,NA,NA,NA,NA,NA,NA
"84","error","missedStem",7420,502,50160,1,"fram",7.4,11,0,1.3,"DS","","","","","","not started","","","",NA,NA,NA,1,0,0,"","","3ad21855-8076-4e41-815d-45fb9dc91c16","",-78.1467109,38.89089275,"5/20/2025 12:19:49 PM","shuej21","5/23/2025 11:28:19 AM","shuej21",NA,NA,NA,NA,NA,NA,NA,NA
"85","error","missedStem",7421,502,50213,1,"quve",12.9,17.6,197,1.3,"DS","","","DS","","Most stem on ground","not started","","","",NA,NA,NA,1,0,0,"","","cf86dd80-14e8-4eec-98fc-67f4914c4503","",-78.14664692,38.89095178,"5/20/2025 12:19:49 PM","shuej21","5/23/2025 11:28:19 AM","shuej21",NA,NA,NA,NA,NA,NA,NA,NA
"86","error","missedStem",7437,602,60022,1,"qupr",13.3,1.1,312,1.3,"DS","","","DS","","","not started","","","",NA,NA,NA,1,0,0,"","","fd49581f-6ccb-4ad0-a38a-3060e03eef8b","",-78.14641341,38.89080172,"5/20/2025 12:19:49 PM","shuej21","5/23/2025 11:28:19 AM","shuej21",NA,NA,NA,NA,NA,NA,NA,NA
"87","error","missedStem",7438,602,60023,1,"qupr",14.3,2.3,0,1.3,"DS","","","","","","not started","","","",NA,NA,NA,1,0,0,"","","eb2949f7-a903-4788-aa99-b501b439bbd5","",-78.14640178,38.89081245,"5/20/2025 12:19:49 PM","shuej21","5/23/2025 11:28:19 AM","shuej21",NA,NA,NA,NA,NA,NA,NA,NA
"88","error","missedStem",7439,602,60026,1,"qupr",12.2,7.1,167,1.3,"DS","","","DS","","","not started","","","",NA,NA,NA,1,0,0,"","","be7b708c-aaea-4fea-bc4b-ce993c8dc9bb","",-78.14642553,38.89085582,"5/20/2025 12:19:49 PM","shuej21","5/23/2025 11:28:19 AM","shuej21",NA,NA,NA,NA,NA,NA,NA,NA
"89","error","missedStem",7827,1604,160733,1,"fram",11.6,2.2,69,1.3,"LI","L","","LI","","","not started","","","",NA,NA,NA,1,0,0,"","","b5f095ed-5b97-4c09-8003-467d7e64d0cc","",-78.14412482,38.89115734,"5/20/2025 12:19:49 PM","shuej21","5/23/2025 11:28:19 AM","shuej21",NA,NA,NA,NA,NA,NA,NA,NA
"90","error","missedStem",7831,1606,160757,1,"frpe",12.9,9.2,0,1.3,"DS","R","","DS","","","not started","","","",NA,NA,NA,1,0,0,"","","3df7ccc6-6ca7-4c76-bf24-f9658d4bf821","",-78.14410546,38.89158046,"5/20/2025 12:19:49 PM","shuej21","5/23/2025 11:28:19 AM","shuej21",NA,NA,NA,NA,NA,NA,NA,NA
"91","error","missedStem",8038,1914,190593,1,"fram",8.8,5.4,0,1.3,"DS","R","","","","","not started","","","",NA,NA,NA,1,0,0,"","","2ca7e702-1117-4c5a-aceb-61bd70d7692a","",-78.14344678,38.89298286,"5/20/2025 12:19:49 PM","shuej21","5/23/2025 11:28:19 AM","shuej21",NA,NA,NA,NA,NA,NA,NA,NA
"92","error","missedStem",8039,1914,190594,1,"fram",4.2,9.7,0,NA,"DC","","","","","","not started","","","",NA,NA,NA,1,0,0,"","","030c34ba-7955-4780-8748-1ec0b54e1c5e","",-78.14349938,38.89302192,"5/20/2025 12:19:49 PM","shuej21","5/23/2025 11:28:19 AM","shuej21",NA,NA,NA,NA,NA,NA,NA,NA
"93","error","missedStem",8040,1914,190596,1,"fram",0.7,10.1,0,1.3,"DN","","","","","","not started","","","",NA,NA,NA,1,0,0,"","","24d52829-53f3-46b4-bbc2-8f7688128c73","",-78.14353967,38.89302577,"5/20/2025 12:19:49 PM","shuej21","5/23/2025 11:28:19 AM","shuej21",NA,NA,NA,NA,NA,NA,NA,NA
"94","error","missedStem",8041,1914,190599,1,"fram",4.2,14.4,0,1.3,"DS","","","","","","not started","","","",NA,NA,NA,1,0,0,"","","786620c0-a13b-434b-9bc5-06a2b0aa462d","",-78.14349894,38.89306424,"5/20/2025 12:19:49 PM","shuej21","5/23/2025 11:28:19 AM","shuej21",NA,NA,NA,NA,NA,NA,NA,NA
"95","error","missedStem",8059,1914,190792,1,"fram",14.6,0.5,80,1.3,"LI","SV","","","","","not started","","","",NA,NA,NA,1,0,0,"","","7b7f9a2f-eada-4c73-9ea3-1213645f1d12","",-78.14338041,38.89293832,"5/20/2025 12:19:49 PM","shuej21","5/23/2025 11:28:19 AM","shuej21",NA,NA,NA,NA,NA,NA,NA,NA
"96","error","missedStem",8060,1914,190796,1,"fram",13.2,5.1,96,1.3,"LI","","","","","","not started","","","",NA,NA,NA,1,0,0,"","","028e90ee-3fa0-403c-a1ad-00f501441234","",-78.14339611,38.89297984,"5/20/2025 12:19:49 PM","shuej21","5/23/2025 11:28:19 AM","shuej21",NA,NA,NA,NA,NA,NA,NA,NA
"97","error","missedStem",8061,1914,190799,1,"fram",11.1,10.2,0,1.3,"DC","R","","","","","not started","","","",NA,NA,NA,1,0,0,"","","73682dcf-9659-44e1-bc46-24892840d10e","",-78.14341983,38.89302591,"5/20/2025 12:19:49 PM","shuej21","5/23/2025 11:28:19 AM","shuej21",NA,NA,NA,NA,NA,NA,NA,NA
"98","error","missedStem",8066,1914,190903,1,"fram",5.8,17,0,1.3,"DC","","","","","","not started","","","",NA,NA,NA,1,0,0,"","","be4acd06-c885-4971-8ce0-91b2bf11580f","",-78.14348026,38.89308753,"5/20/2025 12:19:49 PM","shuej21","5/23/2025 11:28:19 AM","shuej21",NA,NA,NA,NA,NA,NA,NA,NA
"99","error","missedStem",8067,1914,190904,1,"fram",10.1,16.6,0,1.3,"DS","","","","","","not started","","","",NA,NA,NA,1,0,0,"","","3a89df07-4da1-4b92-a222-016eeff103b3","",-78.14343075,38.89308362,"5/20/2025 12:19:49 PM","shuej21","5/23/2025 11:28:19 AM","shuej21",NA,NA,NA,NA,NA,NA,NA,NA
"100","error","missedStem",8130,2014,201277,1,"fram",3.5,11.2,68,1.3,"LI","","","","","","not started","","","",NA,NA,NA,1,0,0,"","","e040d9f4-f460-4a5f-ab49-51805c61b2d7","",-78.14327686,38.89303401,"5/20/2025 12:19:49 PM","shuej21","5/23/2025 11:28:19 AM","shuej21",NA,NA,NA,NA,NA,NA,NA,NA
"101","error","missedStem",8131,2014,201288,1,"fram",10.1,10.5,0,NA,"DS","","","","","","not started","","","",NA,NA,NA,1,0,0,"","","1312973a-05cb-4165-833c-3c0bcf8e6360","",-78.14320088,38.89302723,"5/20/2025 12:19:49 PM","shuej21","5/23/2025 11:28:19 AM","shuej21",NA,NA,NA,NA,NA,NA,NA,NA
"102","error","missedStem",8288,502,50048,1,"chvi",7.9,10.2,0,NA,"DC","","","","","","not started","","","",NA,NA,NA,1,0,0,"","","f0575bbf-bf3e-458a-97b0-1ae1663e758d","",-78.14670521,38.89088551,"5/20/2025 12:19:49 PM","shuej21","5/23/2025 11:28:19 AM","shuej21",NA,NA,NA,NA,NA,NA,NA,NA
"103","error","missedStem",8290,502,50162,1,"fram",4.2,16,0,1.3,"DC","","","","","","not started","","","",NA,NA,NA,1,0,0,"","","e4dcc78a-caf5-4993-a5a2-61b344e9aa7c","",-78.1467473,38.890938,"5/20/2025 12:19:49 PM","shuej21","5/23/2025 11:28:19 AM","shuej21",NA,NA,NA,NA,NA,NA,NA,NA
"104","error","missedStem",8291,502,50164,1,"chvi",1.6,14,80,1.3,"LI","I","","","","","not started","","","",NA,NA,NA,1,0,0,"","","bbc62806-c065-4dd6-b717-c691af48fc6b","",-78.14678451,38.89096279,"5/20/2025 12:19:49 PM","shuej21","5/23/2025 11:28:19 AM","shuej21",NA,NA,NA,NA,NA,NA,NA,NA
"105","error","missedStem",8292,502,50202,1,"fram",13,5.9,0,1.3,"DC","","","","","","not started","","","",NA,NA,NA,1,0,0,"","","b3dbcbf6-cfbd-4113-9618-1cb66b1e2a09","",-78.14664685,38.89084642,"5/20/2025 12:19:49 PM","shuej21","5/23/2025 11:28:19 AM","shuej21",NA,NA,NA,NA,NA,NA,NA,NA
"106","error","missedStem",8398,802,81185,1,"fram",NA,NA,11,NA,"LI","","","LI","I,R","canker at base of stem , encircling stem","not started","","","",NA,NA,NA,1,0,0,"","","6e7a4673-ab6b-4561-876f-403580b0680c","",-78.14594843,38.89081623,"5/20/2025 12:19:49 PM","shuej21","5/23/2025 11:28:19 AM","shuej21",NA,NA,NA,NA,NA,NA,NA,NA
"107","error","missedStem",8515,503,50169,1,"caca",2.6,5.2,96,1.3,"LI","","","LI","","","not started","","","",NA,NA,NA,1,0,NA,"","","225f3b2b-6709-4aaa-a51b-517b7d40a71b","",-78.14676488,38.89102095,"5/20/2025 12:19:49 PM","shuej21","5/23/2025 11:28:19 AM","shuej21",NA,NA,NA,NA,NA,NA,NA,NA
"108","error","missedStem",57,503,50169,2,"caca",2.6,5.2,101,1.4,"LI","","","","","","not started","","","",NA,NA,NA,1,0,0,"","","5f3f48f6-8920-4547-885c-da8be0fcda2d","",-78.14676488,38.89102095,NA,NA,NA,NA,"5/8/2025 3:30:13 PM","shuej21","5/9/2025 5:14:50 PM","shuej21","5/20/2025 12:19:50 PM","shuej21","5/23/2025 11:32:08 AM","shuej21"
"109","error","missedStem",58,503,50217,2,"qupr",10.3,1.5,306,1.3,"LI","I,DV","","DS","R,DF","","not started","","","",NA,NA,NA,1,0,0,"","","38418950-cd24-4e16-b826-a74e1de68254","",-78.14667651,38.89098708,NA,NA,NA,NA,"5/8/2025 3:30:13 PM","shuej21","5/9/2025 5:14:50 PM","shuej21","5/20/2025 12:19:50 PM","shuej21","5/23/2025 11:32:08 AM","shuej21"
"110","error","missedStem",70,601,60015,2,"qual",10.4,9.2,190,1.3,"LI","","","LI","","","not started","","","",NA,NA,NA,1,0,0,"","","891c13b6-ff53-4f84-acf3-8a33c2aca694","",-78.14644793,38.89069478,NA,NA,NA,NA,"5/8/2025 3:30:13 PM","shuej21","5/9/2025 5:14:50 PM","shuej21","5/20/2025 12:19:50 PM","shuej21","5/23/2025 11:32:08 AM","shuej21"
"111","error","missedStem",154,1829,182680,2,"cagl",19,5,242,1.3,"LI","","","LI","","ES","not started","","","",NA,NA,NA,1,0,0,"","ER","d1d4c230-ffaf-477f-a11e-0bcac9dc417f","7/30/2025 3:18:03 PM",-78.14353167,38.8956813,NA,NA,NA,NA,"5/8/2025 3:30:13 PM","shuej21","5/9/2025 5:14:50 PM","shuej21","5/20/2025 12:19:50 PM","shuej21","5/23/2025 11:32:08 AM","shuej21"
"112","warning","deadButNowAlive",2358,1525,152518,1,"cagl",19.6,18.1,110,1.3,"LI","","","DS","U,DF","","finished","LI","W","B,W",3,1,NA,1,0,0,"","ER","b1049f99-03e1-4329-bcd6-48c888572817","7/23/2025 4:35:00 PM",-78.14422236,38.89508325,"5/20/2025 12:19:49 PM","shuej21","7/23/2025 4:35:29 PM","RaymondE@si.edu_SI",NA,NA,NA,NA,NA,NA,NA,NA
"113","error","missingPercentCrownLiving",3494,1918,192033,1,"cagl",17.6,17.9,231,1.3,"LI","","","LI","","ES","finished","LI","","",5,NA,NA,1,0,0,"","ER","3ae3d5c7-d111-4a7c-b68f-64c3cc0bd073","7/30/2025 7:37:18 PM",-78.14333673,38.89381513,"5/20/2025 12:19:49 PM","shuej21","7/30/2025 7:37:45 PM","RaymondE@si.edu_SI",NA,NA,NA,NA,NA,NA,NA,NA
