"error_name","SurveyorID","Submission.Id","Quad","Tag","StemTag","Species","QX","QY","DBH","Status.2018","HOM","Status.2021","DWR","Crown.position","Dead.crown.position","Dead.DBH","Percentage.of.crown.intact","Percentage.of.crown.living","Lean.angle.if.greater.than.15.degrees","Lianas","FAD","Wounded.main.stem","Canker..swelling..deformity","Rotting.trunk","Notes.2021","Crown.thinning","Epicormic.growth","EABF","D.shaped.exit.hole.count","Crown.position...10.cm.DBH"
"missing_stem",NA,NA,"101","13322","1","fram","11.3","14.6","27","A","101",NA,NA,NA,NA,NA,NA,NA,NA,NA,NA,NA,NA,NA,NA,NA,NA,NA,NA,NA
"missing_stem",NA,NA,"103","10161","1","frni","18","46.1",NA,"D","103",NA,NA,NA,NA,NA,NA,NA,NA,NA,NA,NA,NA,NA,NA,NA,NA,NA,NA,NA
"missing_stem",NA,NA,"103","10166","1","frni","12.7","58.4",NA,"D","103",NA,NA,NA,NA,NA,NA,NA,NA,NA,NA,NA,NA,NA,NA,NA,NA,NA,NA,NA
"missing_stem",NA,NA,"104","10057","1","fram","6.2","69.7",NA,"D","104",NA,NA,NA,NA,NA,NA,NA,NA,NA,NA,NA,NA,NA,NA,NA,NA,NA,NA,NA
"missing_stem",NA,NA,"107","10440","1","fram","14.3","132.5","372","D","107",NA,NA,NA,NA,NA,NA,NA,NA,NA,NA,NA,NA,NA,NA,NA,NA,NA,NA,NA
"missing_stem",NA,NA,"107","10526","1","fram","6.1","134","173","A","107",NA,NA,NA,NA,NA,NA,NA,NA,NA,NA,NA,NA,NA,NA,NA,NA,NA,NA,NA
"missing_stem",NA,NA,"121","12136","1","fram","14.2","415.70001",NA,"D","121",NA,NA,NA,NA,NA,NA,NA,NA,NA,NA,NA,NA,NA,NA,NA,NA,NA,NA,NA
"missing_stem",NA,NA,"122","12160","1","fram","0.6","421.20001","87","A","122",NA,NA,NA,NA,NA,NA,NA,NA,NA,NA,NA,NA,NA,NA,NA,NA,NA,NA,NA
"missing_stem",NA,NA,"122","12174","1","fram","18.1","432.79999","55","A","122",NA,NA,NA,NA,NA,NA,NA,NA,NA,NA,NA,NA,NA,NA,NA,NA,NA,NA,NA
"missing_stem",NA,NA,"123","12229","2","fram","1.5","453.60001","180","A","123",NA,NA,NA,NA,NA,NA,NA,NA,NA,NA,NA,NA,NA,NA,NA,NA,NA,NA,NA
"missing_stem",NA,NA,"125","12263","1","fram","18.9","489.5",NA,"D","125",NA,NA,NA,NA,NA,NA,NA,NA,NA,NA,NA,NA,NA,NA,NA,NA,NA,NA,NA
"missing_stem",NA,NA,"125","12269","1","fram","17","495.5","46","A","125",NA,NA,NA,NA,NA,NA,NA,NA,NA,NA,NA,NA,NA,NA,NA,NA,NA,NA,NA
"missing_stem",NA,NA,"126","12297","1","fram","5.5","503.5","81","A","126",NA,NA,NA,NA,NA,NA,NA,NA,NA,NA,NA,NA,NA,NA,NA,NA,NA,NA,NA
"missing_stem",NA,NA,"126","12299","1","fram","9","504.60001","103","D","126",NA,NA,NA,NA,NA,NA,NA,NA,NA,NA,NA,NA,NA,NA,NA,NA,NA,NA,NA
"missing_stem",NA,NA,"126","12307","1","fram","1.4","501.39999","71","A","126",NA,NA,NA,NA,NA,NA,NA,NA,NA,NA,NA,NA,NA,NA,NA,NA,NA,NA,NA
"missing_stem",NA,NA,"126","12315","1","fram","18","513.90002","90","A","126",NA,NA,NA,NA,NA,NA,NA,NA,NA,NA,NA,NA,NA,NA,NA,NA,NA,NA,NA
"missing_stem",NA,NA,"127","12333","1","fram","7.5","526.79999","75","A","127",NA,NA,NA,NA,NA,NA,NA,NA,NA,NA,NA,NA,NA,NA,NA,NA,NA,NA,NA
"missing_stem",NA,NA,"127","12337","1","frpe","10.1","520.79999","52","A","127",NA,NA,NA,NA,NA,NA,NA,NA,NA,NA,NA,NA,NA,NA,NA,NA,NA,NA,NA
"missing_stem",NA,NA,"130","12432","1","fram","7.2","588.70001","49","A","130",NA,NA,NA,NA,NA,NA,NA,NA,NA,NA,NA,NA,NA,NA,NA,NA,NA,NA,NA
"missing_stem",NA,NA,"132","12554","1","fram","3.4","628.90002","60","A","132",NA,NA,NA,NA,NA,NA,NA,NA,NA,NA,NA,NA,NA,NA,NA,NA,NA,NA,NA
"missing_stem",NA,NA,"202","20109","4","frni","25.3","30.2","20","A","202",NA,NA,NA,NA,NA,NA,NA,NA,NA,NA,NA,NA,NA,NA,NA,NA,NA,NA,NA
"missing_stem",NA,NA,"202","20109","5","frni","25.3","30.2","16","A","202",NA,NA,NA,NA,NA,NA,NA,NA,NA,NA,NA,NA,NA,NA,NA,NA,NA,NA,NA
"missing_stem",NA,NA,"202","20109","6","frni","25.3","30.2","13","A","202",NA,NA,NA,NA,NA,NA,NA,NA,NA,NA,NA,NA,NA,NA,NA,NA,NA,NA,NA
"missing_stem",NA,NA,"203","20181","1","frni","29.8","59.2","43","A","203",NA,NA,NA,NA,NA,NA,NA,NA,NA,NA,NA,NA,NA,NA,NA,NA,NA,NA,NA
"missing_stem",NA,NA,"203","20181","3","frni","29.8","59.2","28","A","203",NA,NA,NA,NA,NA,NA,NA,NA,NA,NA,NA,NA,NA,NA,NA,NA,NA,NA,NA
"missing_stem",NA,NA,"203","20181","4","frni","29.8","59.2","20","A","203",NA,NA,NA,NA,NA,NA,NA,NA,NA,NA,NA,NA,NA,NA,NA,NA,NA,NA,NA
"missing_stem",NA,NA,"204","20256","1","fram","22.9","69.2","72","D","204",NA,NA,NA,NA,NA,NA,NA,NA,NA,NA,NA,NA,NA,NA,NA,NA,NA,NA,NA
"missing_stem",NA,NA,"204","20404","1","fram","25.8","72.4",NA,"D","204",NA,NA,NA,NA,NA,NA,NA,NA,NA,NA,NA,NA,NA,NA,NA,NA,NA,NA,NA
"missing_stem",NA,NA,"204","20432","1","fram","23.5","79.8",NA,"D","204",NA,NA,NA,NA,NA,NA,NA,NA,NA,NA,NA,NA,NA,NA,NA,NA,NA,NA,NA
"missing_stem",NA,NA,"205","20331","1","fram","26.3","86.5",NA,"D","205",NA,NA,NA,NA,NA,NA,NA,NA,NA,NA,NA,NA,NA,NA,NA,NA,NA,NA,NA
"missing_stem",NA,NA,"206","20511","1","fram","26.2","105.2","65","A","206",NA,NA,NA,NA,NA,NA,NA,NA,NA,NA,NA,NA,NA,NA,NA,NA,NA,NA,NA
"missing_stem",NA,NA,"207","20548","1","fram","23.5","126.2","655","D","207",NA,NA,NA,NA,NA,NA,NA,NA,NA,NA,NA,NA,NA,NA,NA,NA,NA,NA,NA
"missing_stem",NA,NA,"207","23547","1","fram","30.1","135.5","15","A","207",NA,NA,NA,NA,NA,NA,NA,NA,NA,NA,NA,NA,NA,NA,NA,NA,NA,NA,NA
"missing_stem",NA,NA,"208","20596","1","fram","35.3","151.3",NA,"D","208",NA,NA,NA,NA,NA,NA,NA,NA,NA,NA,NA,NA,NA,NA,NA,NA,NA,NA,NA
"missing_stem",NA,NA,"208","20597","1","chvi","32.8","151.89999","90","A","208",NA,NA,NA,NA,NA,NA,NA,NA,NA,NA,NA,NA,NA,NA,NA,NA,NA,NA,NA
"missing_stem",NA,NA,"211","20684","1","fram","20.7","211.39999","63","A","211",NA,NA,NA,NA,NA,NA,NA,NA,NA,NA,NA,NA,NA,NA,NA,NA,NA,NA,NA
"missing_stem",NA,NA,"219","22109","1","fram","20.6","370.60001",NA,"D","219",NA,NA,NA,NA,NA,NA,NA,NA,NA,NA,NA,NA,NA,NA,NA,NA,NA,NA,NA
"missing_stem",NA,NA,"220","22130","1","fram","35.1","391.10001","556","A","220",NA,NA,NA,NA,NA,NA,NA,NA,NA,NA,NA,NA,NA,NA,NA,NA,NA,NA,NA
"missing_stem",NA,NA,"222","22208","1","frni","30.2","431.89999",NA,"D","222",NA,NA,NA,NA,NA,NA,NA,NA,NA,NA,NA,NA,NA,NA,NA,NA,NA,NA,NA
"DE_but_no_exit_hole_count","JJ","004d33b6-696c-4bd1-97c7-fc892df0f4ab","223","22223","1","frpe","4.5","7.3","72","A","1.3","AU","False","3",NA,NA,80,75,NA,"1","I",NA,NA,NA,NA,"3","0","DE",NA,"I"
"missing_stem",NA,NA,"225","22326","1","frni","21","481","49","D","225",NA,NA,NA,NA,NA,NA,NA,NA,NA,NA,NA,NA,NA,NA,NA,NA,NA,NA,NA
"missing_stem",NA,NA,"226","22333","2","fram","25.5","502.70001","378","A","226",NA,NA,NA,NA,NA,NA,NA,NA,NA,NA,NA,NA,NA,NA,NA,NA,NA,NA,NA
"missing_stem",NA,NA,"232","22616","1","litu","29.7","620.20001","328","A","232",NA,NA,NA,NA,NA,NA,NA,NA,NA,NA,NA,NA,NA,NA,NA,NA,NA,NA,NA
"missing_stem",NA,NA,"301","30109","1","fram","53.7","2.5","544","D","301",NA,NA,NA,NA,NA,NA,NA,NA,NA,NA,NA,NA,NA,NA,NA,NA,NA,NA,NA
"missing_stem",NA,NA,"302","30045","1","fram","41.1","31.3","528","A","302",NA,NA,NA,NA,NA,NA,NA,NA,NA,NA,NA,NA,NA,NA,NA,NA,NA,NA,NA
"missing_stem",NA,NA,"302","30141","1","frni","60","33.1",NA,"D","302",NA,NA,NA,NA,NA,NA,NA,NA,NA,NA,NA,NA,NA,NA,NA,NA,NA,NA,NA
"missing_stem",NA,NA,"302","30145","2","frni","51.5","36.3","159","D","302",NA,NA,NA,NA,NA,NA,NA,NA,NA,NA,NA,NA,NA,NA,NA,NA,NA,NA,NA
"missing_stem",NA,NA,"302","30148","1","frni","55.3","37.9",NA,"D","302",NA,NA,NA,NA,NA,NA,NA,NA,NA,NA,NA,NA,NA,NA,NA,NA,NA,NA,NA
"missing_stem",NA,NA,"303","30062","1","fram","44.2","57.6",NA,"D","303",NA,NA,NA,NA,NA,NA,NA,NA,NA,NA,NA,NA,NA,NA,NA,NA,NA,NA,NA
"missing_stem",NA,NA,"303","30174","1","fram","48.4","50.3",NA,"D","303",NA,NA,NA,NA,NA,NA,NA,NA,NA,NA,NA,NA,NA,NA,NA,NA,NA,NA,NA
"missing_stem",NA,NA,"304","30080","1","quru","48.3","67","450","A","304",NA,NA,NA,NA,NA,NA,NA,NA,NA,NA,NA,NA,NA,NA,NA,NA,NA,NA,NA
"missing_stem",NA,NA,"304","30095","1","qupr","46.7","79.3","568","A","304",NA,NA,NA,NA,NA,NA,NA,NA,NA,NA,NA,NA,NA,NA,NA,NA,NA,NA,NA
"missing_stem",NA,NA,"304","30095","2","qupr","46.7","79.3","194","A","304",NA,NA,NA,NA,NA,NA,NA,NA,NA,NA,NA,NA,NA,NA,NA,NA,NA,NA,NA
"missing_stem",NA,NA,"304","30098","1","quru","46.5","75.6","608","A","304",NA,NA,NA,NA,NA,NA,NA,NA,NA,NA,NA,NA,NA,NA,NA,NA,NA,NA,NA
"missing_stem",NA,NA,"304","30099","1","qupr","54.1","66","317","A","304",NA,NA,NA,NA,NA,NA,NA,NA,NA,NA,NA,NA,NA,NA,NA,NA,NA,NA,NA
"missing_stem",NA,NA,"304","30191","1","qupr","59","62.4","582","A","304",NA,NA,NA,NA,NA,NA,NA,NA,NA,NA,NA,NA,NA,NA,NA,NA,NA,NA,NA
"missing_stem",NA,NA,"304","30193","1","cagl","59.4","65.7","170","A","304",NA,NA,NA,NA,NA,NA,NA,NA,NA,NA,NA,NA,NA,NA,NA,NA,NA,NA,NA
"missing_stem",NA,NA,"304","30195","1","cagl","55.6","66.2","223","A","304",NA,NA,NA,NA,NA,NA,NA,NA,NA,NA,NA,NA,NA,NA,NA,NA,NA,NA,NA
"missing_stem",NA,NA,"304","30197","1","fagr","57.9","69.5","127","A","304",NA,NA,NA,NA,NA,NA,NA,NA,NA,NA,NA,NA,NA,NA,NA,NA,NA,NA,NA
"missing_stem",NA,NA,"304","30200","1","cagl","53.7","71.3","108","A","304",NA,NA,NA,NA,NA,NA,NA,NA,NA,NA,NA,NA,NA,NA,NA,NA,NA,NA,NA
"missing_stem",NA,NA,"304","30208","1","cagl","56.3","78.4","146","A","304",NA,NA,NA,NA,NA,NA,NA,NA,NA,NA,NA,NA,NA,NA,NA,NA,NA,NA,NA
"missing_stem",NA,NA,"304","30210","1","qupr","55.6","77.5","314","A","304",NA,NA,NA,NA,NA,NA,NA,NA,NA,NA,NA,NA,NA,NA,NA,NA,NA,NA,NA
"missing_stem",NA,NA,"304","30212","1","fagr","51.6","79.2","166","A","304",NA,NA,NA,NA,NA,NA,NA,NA,NA,NA,NA,NA,NA,NA,NA,NA,NA,NA,NA
"missing_stem",NA,NA,"305","30213","1","qupr","55","83.8","252","A","305",NA,NA,NA,NA,NA,NA,NA,NA,NA,NA,NA,NA,NA,NA,NA,NA,NA,NA,NA
"missing_stem",NA,NA,"305","30214","1","fagr","54.6","84.7","152","A","305",NA,NA,NA,NA,NA,NA,NA,NA,NA,NA,NA,NA,NA,NA,NA,NA,NA,NA,NA
"missing_stem",NA,NA,"305","30217","1","caovl","50.7","84.4","138","A","305",NA,NA,NA,NA,NA,NA,NA,NA,NA,NA,NA,NA,NA,NA,NA,NA,NA,NA,NA
"missing_stem",NA,NA,"305","30218","1","qupr","46.5","82.2","502","A","305",NA,NA,NA,NA,NA,NA,NA,NA,NA,NA,NA,NA,NA,NA,NA,NA,NA,NA,NA
"missing_stem",NA,NA,"305","30219","1","caovl","48.6","86.3","238","A","305",NA,NA,NA,NA,NA,NA,NA,NA,NA,NA,NA,NA,NA,NA,NA,NA,NA,NA,NA
"missing_stem",NA,NA,"305","30220","1","qupr","48.6","86.4","533","A","305",NA,NA,NA,NA,NA,NA,NA,NA,NA,NA,NA,NA,NA,NA,NA,NA,NA,NA,NA
"missing_stem",NA,NA,"305","30220","2","qupr","48.6","86.4","355","A","305",NA,NA,NA,NA,NA,NA,NA,NA,NA,NA,NA,NA,NA,NA,NA,NA,NA,NA,NA
"missing_stem",NA,NA,"305","30223","1","nysy","58.8","93.3","258","A","305",NA,NA,NA,NA,NA,NA,NA,NA,NA,NA,NA,NA,NA,NA,NA,NA,NA,NA,NA
"missing_stem",NA,NA,"305","30224","1","fagr","58.1","95.9","136","A","305",NA,NA,NA,NA,NA,NA,NA,NA,NA,NA,NA,NA,NA,NA,NA,NA,NA,NA,NA
"missing_stem",NA,NA,"305","30308","1","fram","48.7","91.5",NA,"D","305",NA,NA,NA,NA,NA,NA,NA,NA,NA,NA,NA,NA,NA,NA,NA,NA,NA,NA,NA
"missing_stem",NA,NA,"305","30309","1","caovl","51.4","90","234","A","305",NA,NA,NA,NA,NA,NA,NA,NA,NA,NA,NA,NA,NA,NA,NA,NA,NA,NA,NA
"missing_stem",NA,NA,"305","30313","1","nysy","59.2","99.1","267","A","305",NA,NA,NA,NA,NA,NA,NA,NA,NA,NA,NA,NA,NA,NA,NA,NA,NA,NA,NA
"missing_stem",NA,NA,"306","30229","1","fram","48.4","100.9","222","A","306",NA,NA,NA,NA,NA,NA,NA,NA,NA,NA,NA,NA,NA,NA,NA,NA,NA,NA,NA
"missing_stem",NA,NA,"308","33614","1","fram","59.1","142.7","15","A","308",NA,NA,NA,NA,NA,NA,NA,NA,NA,NA,NA,NA,NA,NA,NA,NA,NA,NA,NA
"missing_stem",NA,NA,"312","30429","1","fram","50.1","220.60001","87","A","312",NA,NA,NA,NA,NA,NA,NA,NA,NA,NA,NA,NA,NA,NA,NA,NA,NA,NA,NA
"missing_stem",NA,NA,"312","30440","1","fram","53.6","236.3","153","A","312",NA,NA,NA,NA,NA,NA,NA,NA,NA,NA,NA,NA,NA,NA,NA,NA,NA,NA,NA
"missing_stem",NA,NA,"312","32583","1","fram","41.1","223.1","10","A","312",NA,NA,NA,NA,NA,NA,NA,NA,NA,NA,NA,NA,NA,NA,NA,NA,NA,NA,NA
"missing_stem",NA,NA,"312","32587","1","fram","44.6","222.7","12","A","312",NA,NA,NA,NA,NA,NA,NA,NA,NA,NA,NA,NA,NA,NA,NA,NA,NA,NA,NA
"missing_stem",NA,NA,"312","32588","1","fram","45.3","223.4","18","A","312",NA,NA,NA,NA,NA,NA,NA,NA,NA,NA,NA,NA,NA,NA,NA,NA,NA,NA,NA
"missing_stem",NA,NA,"312","32598","1","fram","46.6","220.5","11","A","312",NA,NA,NA,NA,NA,NA,NA,NA,NA,NA,NA,NA,NA,NA,NA,NA,NA,NA,NA
"missing_stem",NA,NA,"312","32599","1","fram","46.5","220.8","14","A","312",NA,NA,NA,NA,NA,NA,NA,NA,NA,NA,NA,NA,NA,NA,NA,NA,NA,NA,NA
"missing_stem",NA,NA,"312","33421","1","fram","44.3","225.10001","37","A","312",NA,NA,NA,NA,NA,NA,NA,NA,NA,NA,NA,NA,NA,NA,NA,NA,NA,NA,NA
"missing_stem",NA,NA,"315","33337","1","cagl","50.1","288.29999","149","D","315",NA,NA,NA,NA,NA,NA,NA,NA,NA,NA,NA,NA,NA,NA,NA,NA,NA,NA,NA
"missing_stem",NA,NA,"318","32062","1","frni","50.7","350.89999",NA,"D","318",NA,NA,NA,NA,NA,NA,NA,NA,NA,NA,NA,NA,NA,NA,NA,NA,NA,NA,NA
"missing_stem",NA,NA,"318","32065","1","frni","43.6","356.10001",NA,"D","318",NA,NA,NA,NA,NA,NA,NA,NA,NA,NA,NA,NA,NA,NA,NA,NA,NA,NA,NA
"missing_stem",NA,NA,"320","32104","1","fram","58.9","390","134","A","320",NA,NA,NA,NA,NA,NA,NA,NA,NA,NA,NA,NA,NA,NA,NA,NA,NA,NA,NA
"missing_stem",NA,NA,"324","32299","1","frpe","43.6","473.39999","74","A","324",NA,NA,NA,NA,NA,NA,NA,NA,NA,NA,NA,NA,NA,NA,NA,NA,NA,NA,NA
"missing_stem",NA,NA,"325","32331","1","frpe","41.5","498.10001","36","A","325",NA,NA,NA,NA,NA,NA,NA,NA,NA,NA,NA,NA,NA,NA,NA,NA,NA,NA,NA
"missing_stem",NA,NA,"326","32351","1","cofl","54.8","517.09998","103","A","326",NA,NA,NA,NA,NA,NA,NA,NA,NA,NA,NA,NA,NA,NA,NA,NA,NA,NA,NA
"missing_stem",NA,NA,"327","32369","1","quve","60","536.5","270","A","327",NA,NA,NA,NA,NA,NA,NA,NA,NA,NA,NA,NA,NA,NA,NA,NA,NA,NA,NA
"missing_stem",NA,NA,"329","32418","1","frpe","50","568.5","65","A","329",NA,NA,NA,NA,NA,NA,NA,NA,NA,NA,NA,NA,NA,NA,NA,NA,NA,NA,NA
"missing_stem",NA,NA,"401","40085","1","fram","80","17.1",NA,"D","401",NA,NA,NA,NA,NA,NA,NA,NA,NA,NA,NA,NA,NA,NA,NA,NA,NA,NA,NA
"missing_stem",NA,NA,"401","40085","2","fram","80","17.1",NA,"D","401",NA,NA,NA,NA,NA,NA,NA,NA,NA,NA,NA,NA,NA,NA,NA,NA,NA,NA,NA
"missing_stem",NA,NA,"402","40101","1","frpe","67.5","25.6",NA,"D","402",NA,NA,NA,NA,NA,NA,NA,NA,NA,NA,NA,NA,NA,NA,NA,NA,NA,NA,NA
"missing_stem",NA,NA,"402","40113","2","frni","63.1","35.2","18","A","402",NA,NA,NA,NA,NA,NA,NA,NA,NA,NA,NA,NA,NA,NA,NA,NA,NA,NA,NA
"missing_stem",NA,NA,"403","43262","1","fram","63.5","57.6","16","A","403",NA,NA,NA,NA,NA,NA,NA,NA,NA,NA,NA,NA,NA,NA,NA,NA,NA,NA,NA
"status_A_but_unhealthy","TR","3cef0f5b-c9c6-4724-ba09-069b948949ed","405","40529","1","qupr","13.8","0.400000000000006","528","A","1.3","A","False","3",NA,NA,85,80,NA,"0","B",NA,NA,NA,NA,NA,NA,NA,NA,NA
"status_A_but_unhealthy","TR","29ad683f-e232-4a42-8ae4-8018e39127a9","406","40563","1","fagr","3.6","17.8","406","A","1.3","A","False","2",NA,NA,100,100,NA,"0",NA,NA,"1",NA,"Needs new tag",NA,NA,NA,NA,NA
"status_A_but_unhealthy","TR","29ad683f-e232-4a42-8ae4-8018e39127a9","406","40609","1","fagr","8.40000000000001","5.8","109","A","1.3","A","False","1",NA,NA,60,60,NA,"0","B","2",NA,NA,"Top portion of tree snapped",NA,NA,NA,NA,NA
"status_AU_DS_or_DC_but_no_FAD","BC","9bd247b3-16f2-479b-90dc-446446db62f8","409","40704","1","qual","15.2","15.7","479","AU","1.3","AU","False","2",NA,NA,95,85,NA,"0",NA,NA,NA,NA,"epicormic branches",NA,NA,NA,NA,NA
"missing_stem",NA,NA,"410","40801","1","fram","78.2","191.3","69","A","410",NA,NA,NA,NA,NA,NA,NA,NA,NA,NA,NA,NA,NA,NA,NA,NA,NA,NA,NA
"missing_stem",NA,NA,"415","40973","1","chvi","66.7","290.60001","36","A","415",NA,NA,NA,NA,NA,NA,NA,NA,NA,NA,NA,NA,NA,NA,NA,NA,NA,NA,NA
"missing_stem",NA,NA,"415","41001","1","fagr","79.6","284.79999","108","A","415",NA,NA,NA,NA,NA,NA,NA,NA,NA,NA,NA,NA,NA,NA,NA,NA,NA,NA,NA
"missing_stem",NA,NA,"416","41025","1","fram","79.2","306.79999",NA,"D","416",NA,NA,NA,NA,NA,NA,NA,NA,NA,NA,NA,NA,NA,NA,NA,NA,NA,NA,NA
"missing_stem",NA,NA,"416","41040","1","frni","75.8","318",NA,"D","416",NA,NA,NA,NA,NA,NA,NA,NA,NA,NA,NA,NA,NA,NA,NA,NA,NA,NA,NA
"missing_stem",NA,NA,"419","42073","1","fram","62.6","369.79999","68","A","419",NA,NA,NA,NA,NA,NA,NA,NA,NA,NA,NA,NA,NA,NA,NA,NA,NA,NA,NA
"missing_stem",NA,NA,"420","42102","1","chvi","78.1","381.29999",NA,"D","420",NA,NA,NA,NA,NA,NA,NA,NA,NA,NA,NA,NA,NA,NA,NA,NA,NA,NA,NA
"missing_stem",NA,NA,"420","42113","1","fram","72.5","392.10001","68","A","420",NA,NA,NA,NA,NA,NA,NA,NA,NA,NA,NA,NA,NA,NA,NA,NA,NA,NA,NA
"missing_stem",NA,NA,"421","42136","1","fram","70.7","407.39999","40","A","421",NA,NA,NA,NA,NA,NA,NA,NA,NA,NA,NA,NA,NA,NA,NA,NA,NA,NA,NA
"missing_stem",NA,NA,"422","42182","1","cato","74.1","426.29999","114","A","422",NA,NA,NA,NA,NA,NA,NA,NA,NA,NA,NA,NA,NA,NA,NA,NA,NA,NA,NA
"missing_stem",NA,NA,"431","42568","1","caovl","72.3","615.29999","300","D","431",NA,NA,NA,NA,NA,NA,NA,NA,NA,NA,NA,NA,NA,NA,NA,NA,NA,NA,NA
"missing_stem",NA,NA,"501","50016","1","fram","88.2","6","143","A","501",NA,NA,NA,NA,NA,NA,NA,NA,NA,NA,NA,NA,NA,NA,NA,NA,NA,NA,NA
"missing_stem",NA,NA,"501","50024","1","fram","90.6","11.5",NA,"D","501",NA,NA,NA,NA,NA,NA,NA,NA,NA,NA,NA,NA,NA,NA,NA,NA,NA,NA,NA
"missing_stem",NA,NA,"501","50038","1","fram","89.3","12.5","215","A","501",NA,NA,NA,NA,NA,NA,NA,NA,NA,NA,NA,NA,NA,NA,NA,NA,NA,NA,NA
"missing_stem",NA,NA,"502","50048","2","chvi","87.9","30.2","21","A","502",NA,NA,NA,NA,NA,NA,NA,NA,NA,NA,NA,NA,NA,NA,NA,NA,NA,NA,NA
"missing_stem",NA,NA,"502","50164","1","chvi","81.6","34","69","A","502",NA,NA,NA,NA,NA,NA,NA,NA,NA,NA,NA,NA,NA,NA,NA,NA,NA,NA,NA
"wounded_but_no_level","TR","cb38257d-7460-4262-b1a3-2b3d43aefd2a","503","50221","1","qual","16.4","2.8","768","A","1.3","AU","False","4",NA,NA,60,40,NA,"0","B,W,R,AN",NA,NA,NA,NA,NA,NA,NA,NA,NA
"missing_crown_position","TR","78f336da-d45e-4beb-a45e-9285b62b2c7a","504","50272","1","quve","5.90000000000001","19.3","651","A","1.3","AU","False",NA,NA,NA,40,10,NA,"0","B","3",NA,NA,NA,NA,NA,NA,NA,NA
"missing_crown_position","TR","2534b768-916e-46fc-8216-e31885aa2301","509","50386","1","quve","8.7","3.30000000000001","563","A","1.3","DS","False",NA,"CD",557,70,0,NA,"1","U,AN",NA,NA,NA,NA,NA,NA,NA,NA,NA
"missing_stem",NA,NA,"511","50512","1","fram","83.8","205.3","448","A","511",NA,NA,NA,NA,NA,NA,NA,NA,NA,NA,NA,NA,NA,NA,NA,NA,NA,NA,NA
"missing_stem",NA,NA,"513","50624","1","fram","99.7","247.3",NA,"D","513",NA,NA,NA,NA,NA,NA,NA,NA,NA,NA,NA,NA,NA,NA,NA,NA,NA,NA,NA
"missing_stem",NA,NA,"515","53152","1","pato","84.8","289","117","A","515",NA,NA,NA,NA,NA,NA,NA,NA,NA,NA,NA,NA,NA,NA,NA,NA,NA,NA,NA
"missing_stem",NA,NA,"519","52081","1","fram","95.2","373.29999","33","A","519",NA,NA,NA,NA,NA,NA,NA,NA,NA,NA,NA,NA,NA,NA,NA,NA,NA,NA,NA
"missing_stem",NA,NA,"521","52140","1","chvi","89.6","403.79999","31","D","521",NA,NA,NA,NA,NA,NA,NA,NA,NA,NA,NA,NA,NA,NA,NA,NA,NA,NA,NA
"missing_stem",NA,NA,"525","52265","1","fram","83.4","485.70001","55","A","525",NA,NA,NA,NA,NA,NA,NA,NA,NA,NA,NA,NA,NA,NA,NA,NA,NA,NA,NA
"missing_stem",NA,NA,"525","52268","1","fram","83.5","483.70001",NA,"D","525",NA,NA,NA,NA,NA,NA,NA,NA,NA,NA,NA,NA,NA,NA,NA,NA,NA,NA,NA
"missing_stem",NA,NA,"525","52271","1","fram","91.8","485.89999","35","A","525",NA,NA,NA,NA,NA,NA,NA,NA,NA,NA,NA,NA,NA,NA,NA,NA,NA,NA,NA
"missing_stem",NA,NA,"601","60002","1","fram","113.4","0.3","34","A","601",NA,NA,NA,NA,NA,NA,NA,NA,NA,NA,NA,NA,NA,NA,NA,NA,NA,NA,NA
"missing_stem",NA,NA,"601","60205","1","fram","103","2.3",NA,"G","601",NA,NA,NA,NA,NA,NA,NA,NA,NA,NA,NA,NA,NA,NA,NA,NA,NA,NA,NA
"missing_stem",NA,NA,"601","60205","2","fram","103","2.3","21","A","601",NA,NA,NA,NA,NA,NA,NA,NA,NA,NA,NA,NA,NA,NA,NA,NA,NA,NA,NA
"missing_stem",NA,NA,"605","60108","2","cagl","109.6","94.8","277","G","605",NA,NA,NA,NA,NA,NA,NA,NA,NA,NA,NA,NA,NA,NA,NA,NA,NA,NA,NA
"missing_stem",NA,NA,"610","60196","1","caca","116.4","181.8","226","A","610",NA,NA,NA,NA,NA,NA,NA,NA,NA,NA,NA,NA,NA,NA,NA,NA,NA,NA,NA
"missing_stem",NA,NA,"610","60198","1","caca","113.5","184.5","495","A","610",NA,NA,NA,NA,NA,NA,NA,NA,NA,NA,NA,NA,NA,NA,NA,NA,NA,NA,NA
"missing_stem",NA,NA,"610","60199","1","caca","116.5","188.8","101","A","610",NA,NA,NA,NA,NA,NA,NA,NA,NA,NA,NA,NA,NA,NA,NA,NA,NA,NA,NA
"missing_stem",NA,NA,"610","60200","1","caca","119","191.3","163","A","610",NA,NA,NA,NA,NA,NA,NA,NA,NA,NA,NA,NA,NA,NA,NA,NA,NA,NA,NA
"missing_stem",NA,NA,"610","60200","2","caca","119","191.3","145","A","610",NA,NA,NA,NA,NA,NA,NA,NA,NA,NA,NA,NA,NA,NA,NA,NA,NA,NA,NA
"missing_stem",NA,NA,"610","60410","1","fram","107.3","195.7","469","A","610",NA,NA,NA,NA,NA,NA,NA,NA,NA,NA,NA,NA,NA,NA,NA,NA,NA,NA,NA
"missing_stem",NA,NA,"610","60507","1","qual","111.5","199.5","415","A","610",NA,NA,NA,NA,NA,NA,NA,NA,NA,NA,NA,NA,NA,NA,NA,NA,NA,NA,NA
"missing_stem",NA,NA,"617","63047","1","fram","104.4","325.39999","80","A","617",NA,NA,NA,NA,NA,NA,NA,NA,NA,NA,NA,NA,NA,NA,NA,NA,NA,NA,NA
"missing_stem",NA,NA,"624","62265","1","litu","104.2","465.60001","588","A","624",NA,NA,NA,NA,NA,NA,NA,NA,NA,NA,NA,NA,NA,NA,NA,NA,NA,NA,NA
"missing_stem",NA,NA,"630","62408","1","fram","111.6","583.90002","52","A","630",NA,NA,NA,NA,NA,NA,NA,NA,NA,NA,NA,NA,NA,NA,NA,NA,NA,NA,NA
"missing_stem",NA,NA,"706","70159","1","qupr","123.3","116.7","358","G","706",NA,NA,NA,NA,NA,NA,NA,NA,NA,NA,NA,NA,NA,NA,NA,NA,NA,NA,NA
"missing_stem",NA,NA,"715","70599","1","fram","139.8","283.79999","79","D","715",NA,NA,NA,NA,NA,NA,NA,NA,NA,NA,NA,NA,NA,NA,NA,NA,NA,NA,NA
"missing_stem",NA,NA,"802","80028","1","quve","145","31.8","691","A","802",NA,NA,NA,NA,NA,NA,NA,NA,NA,NA,NA,NA,NA,NA,NA,NA,NA,NA,NA
"missing_stem",NA,NA,"802","80040","2","fram","145.1","38.5","12","A","802",NA,NA,NA,NA,NA,NA,NA,NA,NA,NA,NA,NA,NA,NA,NA,NA,NA,NA,NA
"missing_stem",NA,NA,"802","83027","1","fram","153.89999","32.5","11","D","802",NA,NA,NA,NA,NA,NA,NA,NA,NA,NA,NA,NA,NA,NA,NA,NA,NA,NA,NA
"missing_stem",NA,NA,"802","83708","1","fram","159.3","23.5","11","A","802",NA,NA,NA,NA,NA,NA,NA,NA,NA,NA,NA,NA,NA,NA,NA,NA,NA,NA,NA
"missing_stem",NA,NA,"802","83725","1","fram","154.1","38.9","11","A","802",NA,NA,NA,NA,NA,NA,NA,NA,NA,NA,NA,NA,NA,NA,NA,NA,NA,NA,NA
"missing_stem",NA,NA,"803","83248","1","fram","154.4","43.3","10","A","803",NA,NA,NA,NA,NA,NA,NA,NA,NA,NA,NA,NA,NA,NA,NA,NA,NA,NA,NA
"missing_stem",NA,NA,"804","83217","1","fram","147.7","69.8","11","A","804",NA,NA,NA,NA,NA,NA,NA,NA,NA,NA,NA,NA,NA,NA,NA,NA,NA,NA,NA
"missing_stem",NA,NA,"804","83263","1","fram","153.1","65.8","11","A","804",NA,NA,NA,NA,NA,NA,NA,NA,NA,NA,NA,NA,NA,NA,NA,NA,NA,NA,NA
"missing_stem",NA,NA,"808","83589","1","fram","154.4","149.5","14","A","808",NA,NA,NA,NA,NA,NA,NA,NA,NA,NA,NA,NA,NA,NA,NA,NA,NA,NA,NA
"missing_stem",NA,NA,"808","83627","1","fram","156.7","145.3","12","A","808",NA,NA,NA,NA,NA,NA,NA,NA,NA,NA,NA,NA,NA,NA,NA,NA,NA,NA,NA
"missing_stem",NA,NA,"814","80763","1","litu","143.5","271.79999","221","A","814",NA,NA,NA,NA,NA,NA,NA,NA,NA,NA,NA,NA,NA,NA,NA,NA,NA,NA,NA
"status_A_but_unhealthy",NA,"ee488b9e-3db5-4a7e-9475-23ebb6f223c5","816","80694","1","juni","144.39999","304.29999","463","A","1.3","A","False","3",NA,NA,90,90,NA,"0",NA,"1",NA,NA,"sapsucker holes",NA,NA,NA,NA,NA
"missing_stem",NA,NA,"816","80695","1","frni","145.3","307.89999",NA,"D","816",NA,NA,NA,NA,NA,NA,NA,NA,NA,NA,NA,NA,NA,NA,NA,NA,NA,NA,NA
"missing_percent_crown_intact",NA,"ee488b9e-3db5-4a7e-9475-23ebb6f223c5","816","80770","1","caca","151.10001","311.39999","160","A","1.3","A","False","1",NA,NA,NA,NA,NA,"2",NA,NA,NA,NA,NA,NA,NA,NA,NA,NA
"missing_percent_crown_living",NA,"ee488b9e-3db5-4a7e-9475-23ebb6f223c5","816","80770","1","caca","151.10001","311.39999","160","A","1.3","A","False","1",NA,NA,NA,NA,NA,"2",NA,NA,NA,NA,NA,NA,NA,NA,NA,NA
"missing_crown_position",NA,"ee488b9e-3db5-4a7e-9475-23ebb6f223c5","816","80776","1","caca","147.89999","318.5","107","A","1.3","A","False",NA,NA,NA,NA,NA,35,"2",NA,NA,NA,NA,NA,NA,NA,NA,NA,NA
"missing_percent_crown_intact",NA,"ee488b9e-3db5-4a7e-9475-23ebb6f223c5","816","80776","1","caca","147.89999","318.5","107","A","1.3","A","False",NA,NA,NA,NA,NA,35,"2",NA,NA,NA,NA,NA,NA,NA,NA,NA,NA
"missing_percent_crown_living",NA,"ee488b9e-3db5-4a7e-9475-23ebb6f223c5","816","80776","1","caca","147.89999","318.5","107","A","1.3","A","False",NA,NA,NA,NA,NA,35,"2",NA,NA,NA,NA,NA,NA,NA,NA,NA,NA
"missing_stem",NA,NA,"820","82145","1","fram","151.89999","398.5","78","A","820",NA,NA,NA,NA,NA,NA,NA,NA,NA,NA,NA,NA,NA,NA,NA,NA,NA,NA,NA
"missing_stem",NA,NA,"826","82297","1","fram","142.3","507.20001","76","A","826",NA,NA,NA,NA,NA,NA,NA,NA,NA,NA,NA,NA,NA,NA,NA,NA,NA,NA,NA
"missing_stem",NA,NA,"829","82363","1","fram","157.2","569","222","A","829",NA,NA,NA,NA,NA,NA,NA,NA,NA,NA,NA,NA,NA,NA,NA,NA,NA,NA,NA
"missing_stem",NA,NA,"832","82432","1","fram","151.60001","636.59998","139","A","832",NA,NA,NA,NA,NA,NA,NA,NA,NA,NA,NA,NA,NA,NA,NA,NA,NA,NA,NA
"missing_stem",NA,NA,"902","93678","1","fram","161.1","33","11","A","902",NA,NA,NA,NA,NA,NA,NA,NA,NA,NA,NA,NA,NA,NA,NA,NA,NA,NA,NA
"missing_stem",NA,NA,"904","93481","1","fram","179","76.8","12","A","904",NA,NA,NA,NA,NA,NA,NA,NA,NA,NA,NA,NA,NA,NA,NA,NA,NA,NA,NA
"missing_stem",NA,NA,"906","93564","1","fram","172.9","104.2","10","A","906",NA,NA,NA,NA,NA,NA,NA,NA,NA,NA,NA,NA,NA,NA,NA,NA,NA,NA,NA
"missing_stem",NA,NA,"907","83567","1","fram","170.5","128.7","10","A","907",NA,NA,NA,NA,NA,NA,NA,NA,NA,NA,NA,NA,NA,NA,NA,NA,NA,NA,NA
"missing_stem",NA,NA,"907","93487","1","fram","160.3","126.3","11","A","907",NA,NA,NA,NA,NA,NA,NA,NA,NA,NA,NA,NA,NA,NA,NA,NA,NA,NA,NA
"missing_stem",NA,NA,"907","93489","1","frsp","161.7","128.5","12","A","907",NA,NA,NA,NA,NA,NA,NA,NA,NA,NA,NA,NA,NA,NA,NA,NA,NA,NA,NA
"missing_stem",NA,NA,"911","93881","1","fram","175.8","203.4","11","A","911",NA,NA,NA,NA,NA,NA,NA,NA,NA,NA,NA,NA,NA,NA,NA,NA,NA,NA,NA
"missing_stem",NA,NA,"913","90658","1","fagr","160.3","245.39999","265","A","913",NA,NA,NA,NA,NA,NA,NA,NA,NA,NA,NA,NA,NA,NA,NA,NA,NA,NA,NA
"missing_stem",NA,NA,"913","93993","1","fram","166.5","256.2","11","A","913",NA,NA,NA,NA,NA,NA,NA,NA,NA,NA,NA,NA,NA,NA,NA,NA,NA,NA,NA
"missing_stem",NA,NA,"913","93995","1","fram","164.4","253.8","10","A","913",NA,NA,NA,NA,NA,NA,NA,NA,NA,NA,NA,NA,NA,NA,NA,NA,NA,NA,NA
"missing_stem",NA,NA,"916","90716","1","frni","167.60001","308.20001",NA,"D","916",NA,NA,NA,NA,NA,NA,NA,NA,NA,NA,NA,NA,NA,NA,NA,NA,NA,NA,NA
"missing_stem",NA,NA,"916","90718","1","frni","169","311.29999",NA,"D","916",NA,NA,NA,NA,NA,NA,NA,NA,NA,NA,NA,NA,NA,NA,NA,NA,NA,NA,NA
"missing_stem",NA,NA,"916","90759","1","frni","169.5","314.89999",NA,"D","916",NA,NA,NA,NA,NA,NA,NA,NA,NA,NA,NA,NA,NA,NA,NA,NA,NA,NA,NA
"missing_stem",NA,NA,"923","92284","1","fram","170.39999","448.89999","39","A","923",NA,NA,NA,NA,NA,NA,NA,NA,NA,NA,NA,NA,NA,NA,NA,NA,NA,NA,NA
"missing_stem",NA,NA,"927","92444","1","frpe","166.5","520.20001","58","A","927",NA,NA,NA,NA,NA,NA,NA,NA,NA,NA,NA,NA,NA,NA,NA,NA,NA,NA,NA
"missing_stem",NA,NA,"927","92462","1","fram","169","532.90002",NA,"D","927",NA,NA,NA,NA,NA,NA,NA,NA,NA,NA,NA,NA,NA,NA,NA,NA,NA,NA,NA
"missing_stem",NA,NA,"1015","101259","1","fram","192.39999","297.60001",NA,"D","1015",NA,NA,NA,NA,NA,NA,NA,NA,NA,NA,NA,NA,NA,NA,NA,NA,NA,NA,NA
"missing_stem",NA,NA,"1023","102266","1","fram","187.8","442.89999","93","A","1023",NA,NA,NA,NA,NA,NA,NA,NA,NA,NA,NA,NA,NA,NA,NA,NA,NA,NA,NA
"missing_stem",NA,NA,"1023","102268","1","fram","184.3","448.60001","54","A","1023",NA,NA,NA,NA,NA,NA,NA,NA,NA,NA,NA,NA,NA,NA,NA,NA,NA,NA,NA
"missing_stem",NA,NA,"1028","102435","1","frpe","190.3","554.20001","69","A","1028",NA,NA,NA,NA,NA,NA,NA,NA,NA,NA,NA,NA,NA,NA,NA,NA,NA,NA,NA
"missing_stem",NA,NA,"1028","102439","1","litu","184.3","559.59998","222","A","1028",NA,NA,NA,NA,NA,NA,NA,NA,NA,NA,NA,NA,NA,NA,NA,NA,NA,NA,NA
"missing_stem",NA,NA,"1106","113200","1","fram","204.39999","104.3","15","A","1106",NA,NA,NA,NA,NA,NA,NA,NA,NA,NA,NA,NA,NA,NA,NA,NA,NA,NA,NA
"missing_stem",NA,NA,"1108","111052","1","cagl","216.5","154.3","115","A","1108",NA,NA,NA,NA,NA,NA,NA,NA,NA,NA,NA,NA,NA,NA,NA,NA,NA,NA,NA
"missing_stem",NA,NA,"1116","111290","1","fram","217.39999","308.29999",NA,"D","1116",NA,NA,NA,NA,NA,NA,NA,NA,NA,NA,NA,NA,NA,NA,NA,NA,NA,NA,NA
"missing_crown_position","JJ","a577f382-b548-4acd-8f3c-d4865c6b1ea8","1116","111352","1","vipr","10.7","10.3","130","AU","1.3","AU","False",NA,NA,NA,75,75,NA,"0","OT,B","1",NA,NA,NA,NA,NA,NA,NA,NA
"missing_stem",NA,NA,"1123","112264","1","frpe","214.5","443.10001","49","D","1123",NA,NA,NA,NA,NA,NA,NA,NA,NA,NA,NA,NA,NA,NA,NA,NA,NA,NA,NA
"missing_stem",NA,NA,"1128","112410","1","frpe","208.10001","544","39","A","1128",NA,NA,NA,NA,NA,NA,NA,NA,NA,NA,NA,NA,NA,NA,NA,NA,NA,NA,NA
"missing_stem",NA,NA,"1128","112460","1","frpe","219.89999","553.59998","69","A","1128",NA,NA,NA,NA,NA,NA,NA,NA,NA,NA,NA,NA,NA,NA,NA,NA,NA,NA,NA
"missing_stem",NA,NA,"1201","120068","1","fram","235.5","19.2",NA,"D","1201",NA,NA,NA,NA,NA,NA,NA,NA,NA,NA,NA,NA,NA,NA,NA,NA,NA,NA,NA
"missing_stem",NA,NA,"1201","120266","1","fram","226.5","12","43","A","1201",NA,NA,NA,NA,NA,NA,NA,NA,NA,NA,NA,NA,NA,NA,NA,NA,NA,NA,NA
"missing_stem",NA,NA,"1201","120279","1","fram","226.60001","8.1","48","A","1201",NA,NA,NA,NA,NA,NA,NA,NA,NA,NA,NA,NA,NA,NA,NA,NA,NA,NA,NA
"missing_stem",NA,NA,"1201","120302","1","fram","223.8","13.5","21","A","1201",NA,NA,NA,NA,NA,NA,NA,NA,NA,NA,NA,NA,NA,NA,NA,NA,NA,NA,NA
"status_A_but_unhealthy","BC","416cc070-b750-4c02-a64f-78bb9eebc47f","1203","120689","1","fram","15","17.3","23","A","1.3","A","False","1",NA,NA,100,100,NA,"0","I",NA,NA,NA,NA,"1","0","none",0,"S"
"missing_stem",NA,NA,"1204","120755","1","litu","226.8","70","685","A","1204",NA,NA,NA,NA,NA,NA,NA,NA,NA,NA,NA,NA,NA,NA,NA,NA,NA,NA,NA
"status_A_but_unhealthy","BC","59c86f4e-9fae-4b11-b4b7-2393b89d089c","1204","120831","1","ulru","15","8.90000000000001","153","A","1.3","A","False","1",NA,NA,100,60,NA,"0","U",NA,NA,NA,NA,NA,NA,NA,NA,NA
"missing_stem",NA,NA,"1214","121343","1","cato","223.2","275.70001","112","A","1214",NA,NA,NA,NA,NA,NA,NA,NA,NA,NA,NA,NA,NA,NA,NA,NA,NA,NA,NA
"missing_stem",NA,NA,"1220","122137","1","fram","228.10001","389.70001","88","A","1220",NA,NA,NA,NA,NA,NA,NA,NA,NA,NA,NA,NA,NA,NA,NA,NA,NA,NA,NA
"missing_stem",NA,NA,"1227","122421","1","fram","232.2","525.40002","61","A","1227",NA,NA,NA,NA,NA,NA,NA,NA,NA,NA,NA,NA,NA,NA,NA,NA,NA,NA,NA
"missing_stem",NA,NA,"1227","122472","1","fram","222.2","528","79","A","1227",NA,NA,NA,NA,NA,NA,NA,NA,NA,NA,NA,NA,NA,NA,NA,NA,NA,NA,NA
"missing_stem",NA,NA,"1228","122477","1","fram","231.8","550.59998","77","A","1228",NA,NA,NA,NA,NA,NA,NA,NA,NA,NA,NA,NA,NA,NA,NA,NA,NA,NA,NA
"missing_stem",NA,NA,"1229","122505","1","fram","238.8","574.90002","48","A","1229",NA,NA,NA,NA,NA,NA,NA,NA,NA,NA,NA,NA,NA,NA,NA,NA,NA,NA,NA
"missing_stem",NA,NA,"1230","122556","1","fram","222","594.29999","171","A","1230",NA,NA,NA,NA,NA,NA,NA,NA,NA,NA,NA,NA,NA,NA,NA,NA,NA,NA,NA
"missing_stem",NA,NA,"1302","130348","1","litu","259.89999","21.9","598","A","1302",NA,NA,NA,NA,NA,NA,NA,NA,NA,NA,NA,NA,NA,NA,NA,NA,NA,NA,NA
"status_A_but_unhealthy","BC","83bd953f-4568-4706-9256-d7a347b14815","1304","133170","1","fram","0.5","8","15","A","1.3","A","False","1",NA,NA,100,100,NA,"0","I",NA,NA,NA,NA,"1","0","none",0,"S"
"missing_EAB_info","BC","8bb07eb2-2f4f-4a50-acb7-b452050aabdd","1305","133193","1","fram","5.89999","3.7","13","A","1.3","A","False","1",NA,NA,100,100,NA,NA,NA,NA,NA,NA,NA,"1","0","none",0,NA
"missing_stem",NA,NA,"1308","130761","1","litu","243.5","140.39999","216","A","1308",NA,NA,NA,NA,NA,NA,NA,NA,NA,NA,NA,NA,NA,NA,NA,NA,NA,NA,NA
"species_code_error","BC","bb8e25cb-7a5c-4cb2-82d5-bf0701c6dea8","1308","130761",NA,NA,NA,NA,NA,NA,NA,"A","False","2",NA,NA,100,100,NA,"0",NA,NA,NA,NA,NA,NA,NA,NA,NA,NA
"missing_stem",NA,NA,"1308","130783","1","juni","240.39999","156.2","565","A","1308",NA,NA,NA,NA,NA,NA,NA,NA,NA,NA,NA,NA,NA,NA,NA,NA,NA,NA,NA
"missing_stem",NA,NA,"1311","133404","1","fram","258.5","215.10001","17","A","1311",NA,NA,NA,NA,NA,NA,NA,NA,NA,NA,NA,NA,NA,NA,NA,NA,NA,NA,NA
"missing_stem",NA,NA,"1326","132387","1","frpe","254.89999","511.89999","52","A","1326",NA,NA,NA,NA,NA,NA,NA,NA,NA,NA,NA,NA,NA,NA,NA,NA,NA,NA,NA
"missing_stem",NA,NA,"1328","132430","1","frpe","242.60001","551.79999","70","A","1328",NA,NA,NA,NA,NA,NA,NA,NA,NA,NA,NA,NA,NA,NA,NA,NA,NA,NA,NA
"missing_stem",NA,NA,"1328","132431","1","fram","242.10001","554.29999","61","A","1328",NA,NA,NA,NA,NA,NA,NA,NA,NA,NA,NA,NA,NA,NA,NA,NA,NA,NA,NA
"missing_stem",NA,NA,"1328","132433","1","frpe","257.5","547.09998",NA,"D","1328",NA,NA,NA,NA,NA,NA,NA,NA,NA,NA,NA,NA,NA,NA,NA,NA,NA,NA,NA
"missing_stem",NA,NA,"1332","132476","1","fram","244.8","634.09998","105","A","1332",NA,NA,NA,NA,NA,NA,NA,NA,NA,NA,NA,NA,NA,NA,NA,NA,NA,NA,NA
"missing_stem",NA,NA,"1332","132543","1","frpe","256.29999","627.09998","87","A","1332",NA,NA,NA,NA,NA,NA,NA,NA,NA,NA,NA,NA,NA,NA,NA,NA,NA,NA,NA
"missing_stem",NA,NA,"1403","140449","1","fram","273.60001","49.9","198","A","1403",NA,NA,NA,NA,NA,NA,NA,NA,NA,NA,NA,NA,NA,NA,NA,NA,NA,NA,NA
"missing_crown_position","BC","911b1346-7d93-4612-991e-c7310edafc29","1408","140930","1","quve","12.89999","2","561","A","1.3","A","False",NA,NA,NA,100,100,25,"0",NA,NA,NA,NA,NA,NA,NA,NA,NA,NA
"status_A_but_unhealthy","BC","911b1346-7d93-4612-991e-c7310edafc29","1408","143354","1","fram","15.70001","7.19999999999999","24","A","1.3","A","False","1",NA,NA,100,100,NA,"0","I",NA,NA,NA,NA,"1","0","none",0,"S"
"missing_stem",NA,NA,"1415","141088","1","fram","273","280.60001","771","A","1415",NA,NA,NA,NA,NA,NA,NA,NA,NA,NA,NA,NA,NA,NA,NA,NA,NA,NA,NA
"missing_stem",NA,NA,"1416","141137","2","chvi","277.29999","316.89999","66","A","1416",NA,NA,NA,NA,NA,NA,NA,NA,NA,NA,NA,NA,NA,NA,NA,NA,NA,NA,NA
"missing_stem",NA,NA,"1416","141255","1","fram","268.89999","309.20001","153","A","1416",NA,NA,NA,NA,NA,NA,NA,NA,NA,NA,NA,NA,NA,NA,NA,NA,NA,NA,NA
"missing_stem",NA,NA,"1417","142134","1","fram","264.29999","339.60001","73","A","1417",NA,NA,NA,NA,NA,NA,NA,NA,NA,NA,NA,NA,NA,NA,NA,NA,NA,NA,NA
"missing_stem",NA,NA,"1419","142082","1","fram","276.5","363.29999","507","A","1419",NA,NA,NA,NA,NA,NA,NA,NA,NA,NA,NA,NA,NA,NA,NA,NA,NA,NA,NA
"missing_stem",NA,NA,"1423","142340","1","fram","271.5","440.29999","74","A","1423",NA,NA,NA,NA,NA,NA,NA,NA,NA,NA,NA,NA,NA,NA,NA,NA,NA,NA,NA
"missing_stem",NA,NA,"1426","142396","1","fram","270.60001","514.20001","46","A","1426",NA,NA,NA,NA,NA,NA,NA,NA,NA,NA,NA,NA,NA,NA,NA,NA,NA,NA,NA
"missing_stem",NA,NA,"1427","142400","1","fram","272.20001","524.70001","72","A","1427",NA,NA,NA,NA,NA,NA,NA,NA,NA,NA,NA,NA,NA,NA,NA,NA,NA,NA,NA
"missing_stem",NA,NA,"1427","142589","1","fram","267.39999","534.40002","85","A","1427",NA,NA,NA,NA,NA,NA,NA,NA,NA,NA,NA,NA,NA,NA,NA,NA,NA,NA,NA
"missing_stem",NA,NA,"1427","142607","1","fram","274.89999","530.20001","65","A","1427",NA,NA,NA,NA,NA,NA,NA,NA,NA,NA,NA,NA,NA,NA,NA,NA,NA,NA,NA
"missing_stem",NA,NA,"1428","142594","1","fram","268","541.5","56","D","1428",NA,NA,NA,NA,NA,NA,NA,NA,NA,NA,NA,NA,NA,NA,NA,NA,NA,NA,NA
"missing_stem",NA,NA,"1428","142703","1","fram","269.60001","558","190","A","1428",NA,NA,NA,NA,NA,NA,NA,NA,NA,NA,NA,NA,NA,NA,NA,NA,NA,NA,NA
"missing_stem",NA,NA,"1432","142663","1","litu","270.89999","634.09998","748","A","1432",NA,NA,NA,NA,NA,NA,NA,NA,NA,NA,NA,NA,NA,NA,NA,NA,NA,NA,NA
"missing_stem",NA,NA,"1502","150395","1","fram","288.20001","31.9","84","A","1502",NA,NA,NA,NA,NA,NA,NA,NA,NA,NA,NA,NA,NA,NA,NA,NA,NA,NA,NA
"missing_stem",NA,NA,"1503","150543","1","fram","292.60001","44.2","89","A","1503",NA,NA,NA,NA,NA,NA,NA,NA,NA,NA,NA,NA,NA,NA,NA,NA,NA,NA,NA
"missing_stem",NA,NA,"1511","151027","1","frpe","287.79999","201.2","15","A","1511",NA,NA,NA,NA,NA,NA,NA,NA,NA,NA,NA,NA,NA,NA,NA,NA,NA,NA,NA
"missing_stem",NA,NA,"1513","151066","1","fram","286.79999","258.5","97","A","1513",NA,NA,NA,NA,NA,NA,NA,NA,NA,NA,NA,NA,NA,NA,NA,NA,NA,NA,NA
"missing_stem",NA,NA,"1513","151158","1","fram","292.39999","249.8","78","A","1513",NA,NA,NA,NA,NA,NA,NA,NA,NA,NA,NA,NA,NA,NA,NA,NA,NA,NA,NA
"missing_stem",NA,NA,"1515","151191","1","fram","294.29999","297.20001","65","A","1515",NA,NA,NA,NA,NA,NA,NA,NA,NA,NA,NA,NA,NA,NA,NA,NA,NA,NA,NA
"missing_stem",NA,NA,"1517","152021","1","fram","282.5","332.10001","83","A","1517",NA,NA,NA,NA,NA,NA,NA,NA,NA,NA,NA,NA,NA,NA,NA,NA,NA,NA,NA
"missing_stem",NA,NA,"1521","152294","1","fram","296.5","412.29999","650","A","1521",NA,NA,NA,NA,NA,NA,NA,NA,NA,NA,NA,NA,NA,NA,NA,NA,NA,NA,NA
"missing_stem",NA,NA,"1525","152511","1","fram","285.29999","496.39999","47","D","1525",NA,NA,NA,NA,NA,NA,NA,NA,NA,NA,NA,NA,NA,NA,NA,NA,NA,NA,NA
"missing_stem",NA,NA,"1526","152539","1","fram","282.89999","514.29999",NA,"D","1526",NA,NA,NA,NA,NA,NA,NA,NA,NA,NA,NA,NA,NA,NA,NA,NA,NA,NA,NA
"missing_stem",NA,NA,"1526","152544","1","fram","293.79999","512.29999","51","A","1526",NA,NA,NA,NA,NA,NA,NA,NA,NA,NA,NA,NA,NA,NA,NA,NA,NA,NA,NA
"missing_stem",NA,NA,"1526","152558","1","fram","280","501.60001","45","A","1526",NA,NA,NA,NA,NA,NA,NA,NA,NA,NA,NA,NA,NA,NA,NA,NA,NA,NA,NA
"missing_stem",NA,NA,"1526","152558","2","fram","280","501.6","12","A","1526",NA,NA,NA,NA,NA,NA,NA,NA,NA,NA,NA,NA,NA,NA,NA,NA,NA,NA,NA
"missing_stem",NA,NA,"1529","152630","1","fram","283.39999","564.40002","86","A","1529",NA,NA,NA,NA,NA,NA,NA,NA,NA,NA,NA,NA,NA,NA,NA,NA,NA,NA,NA
"missing_stem",NA,NA,"1531","152688","1","fram","288.29999","602.59998",NA,"D","1531",NA,NA,NA,NA,NA,NA,NA,NA,NA,NA,NA,NA,NA,NA,NA,NA,NA,NA,NA
"missing_stem",NA,NA,"1531","152702","1","fram","294.5","614.40002","419","A","1531",NA,NA,NA,NA,NA,NA,NA,NA,NA,NA,NA,NA,NA,NA,NA,NA,NA,NA,NA
"missing_stem",NA,NA,"1532","152723","1","fram","298.89999","634.20001",NA,"D","1532",NA,NA,NA,NA,NA,NA,NA,NA,NA,NA,NA,NA,NA,NA,NA,NA,NA,NA,NA
"missing_stem",NA,NA,"1601","160001","1","fram","300.79999","2.1","64","A","1601",NA,NA,NA,NA,NA,NA,NA,NA,NA,NA,NA,NA,NA,NA,NA,NA,NA,NA,NA
"missing_stem",NA,NA,"1604","160733","1","fram","311.60001","62.2","63","A","1604",NA,NA,NA,NA,NA,NA,NA,NA,NA,NA,NA,NA,NA,NA,NA,NA,NA,NA,NA
"missing_stem",NA,NA,"1604","160733","2","fram","311.60001","62.2","65","A","1604",NA,NA,NA,NA,NA,NA,NA,NA,NA,NA,NA,NA,NA,NA,NA,NA,NA,NA,NA
"missing_stem",NA,NA,"1605","160692","1","fram","308.29999","94.4","66","A","1605",NA,NA,NA,NA,NA,NA,NA,NA,NA,NA,NA,NA,NA,NA,NA,NA,NA,NA,NA
"missing_stem",NA,NA,"1605","160746","1","fram","310.70001","89","42","D","1605",NA,NA,NA,NA,NA,NA,NA,NA,NA,NA,NA,NA,NA,NA,NA,NA,NA,NA,NA
"missing_stem",NA,NA,"1605","160749","1","fram","313.39999","97.4","103","A","1605",NA,NA,NA,NA,NA,NA,NA,NA,NA,NA,NA,NA,NA,NA,NA,NA,NA,NA,NA
"missing_stem",NA,NA,"1607","160771","1","fram","316.39999","136.2","85","A","1607",NA,NA,NA,NA,NA,NA,NA,NA,NA,NA,NA,NA,NA,NA,NA,NA,NA,NA,NA
"missing_stem",NA,NA,"1609","163367","1","fram","300.10001","171.10001","14","A","1609",NA,NA,NA,NA,NA,NA,NA,NA,NA,NA,NA,NA,NA,NA,NA,NA,NA,NA,NA
"missing_stem",NA,NA,"1609","163367","2","fram","300.1","171.1","14","A","1609",NA,NA,NA,NA,NA,NA,NA,NA,NA,NA,NA,NA,NA,NA,NA,NA,NA,NA,NA
"missing_stem",NA,NA,"1610","160797","1","fram","312.10001","180.10001","53","A","1610",NA,NA,NA,NA,NA,NA,NA,NA,NA,NA,NA,NA,NA,NA,NA,NA,NA,NA,NA
"missing_stem",NA,NA,"1610","163373","1","fram","300.29999","181.10001","15","A","1610",NA,NA,NA,NA,NA,NA,NA,NA,NA,NA,NA,NA,NA,NA,NA,NA,NA,NA,NA
"missing_stem",NA,NA,"1610","163376","1","fram","301.70001","188.10001","16","A","1610",NA,NA,NA,NA,NA,NA,NA,NA,NA,NA,NA,NA,NA,NA,NA,NA,NA,NA,NA
"missing_stem",NA,NA,"1610","163378","1","fram","301.29999","189.60001","14","A","1610",NA,NA,NA,NA,NA,NA,NA,NA,NA,NA,NA,NA,NA,NA,NA,NA,NA,NA,NA
"missing_percent_crown_living","BC","d09875c2-4da9-48c5-a034-1f68f318829b","1613","161002","1","caco","17.70001","9.19999999999999","180","A","1.3","A","False","2",NA,NA,100,NA,100,"2",NA,NA,NA,NA,NA,NA,NA,NA,NA,NA
"missing_crown_position","BC","d2da5a52-d499-4544-a0c4-9577f7827419","1617","162010","1","litu","8.79998999999998","11.39999","500","A","1.3","A","False",NA,NA,NA,100,100,NA,"0",NA,NA,NA,NA,NA,NA,NA,NA,NA,NA
"wounded_but_no_level","BC","cde6006c-c8ea-4756-a5be-c86641933feb","1626","162429","1","quve","17.29999","5.89999","126","A","1.3","AU","False","1",NA,NA,100,30,NA,"0","W,R",NA,NA,"2",NA,NA,NA,NA,NA,NA
"wounded_but_no_level","BC","c37bdc9f-6c3a-4459-a10f-219315d50ef3","1811","180952","1","quru","2.60001","14.60001","588","A","1.3","AU","False","3",NA,NA,90,90,20,"0","W,R",NA,NA,NA,NA,NA,NA,NA,NA,NA
