"Submission.Id","Quad","Tag","StemTag","Species","QX","QY","DBH","Status.2020","HOM","Status.2021","DWR","Crown.position","Dead.crown.position","Dead.DBH","Percentage.of.crown.intact","Percentage.of.crown.living","Lean.angle.if.greater.than.15.degrees","Lianas","FAD","Wounded.main.stem","Canker..swelling..deformity","Rotting.trunk","Notes.2021","Crown.thinning","Epicormic.growth","EABF","D.shaped.exit.hole.count","Crown.position...10.cm.DBH","error_name"
"24406ea3-14f7-4ddb-ae39-0595fe113ce3","1014","101235","1","quve","11.4","1.6","377","AU","1.3","AU","False",NA,NA,NA,80,65,NA,"0","B","1",NA,NA,NA,NA,NA,NA,NA,NA,"wounded_level_but_wrong_status_or_FAD"
"048bb7f5-52d8-4304-a87b-ad3e7a3e16bb","1015","101186","1","frni","4.2","11.2","310","PD","1.3","PD","False","1",NA,NA,0,0,NA,NA,"I",NA,NA,NA,NA,"5","0","W,VB,AS",NA,NA,"unhealthy_but_wrong_status"
"294be91b-238a-441c-a169-43c7e469e302","1016","101310","1","fram","8","14.1","482","DS","1.3","PD","False","1",NA,NA,30,0,NA,"0","I",NA,NA,NA,NA,"5","0","W,DE,VB",3,NA,"unhealthy_but_wrong_status"
"294be91b-238a-441c-a169-43c7e469e302","1016","101312","1","fram","1.2","12.9","381","AU","1.3","DS","False","3","CD",382,0,0,NA,"0","I,B","3",NA,NA,NA,"5","0","AS,VB,W,DE",4,NA,"wounded_level_but_wrong_status_or_FAD"
"d2632ea9-09a4-4f9c-8b63-28a2c9c9dd89","102","10134","1","fram","16.8","27.3","511","PD","1.3","PD","False","3",NA,NA,0,0,NA,"0",NA,"3",NA,NA,NA,"5","0","AS,VB,W,DE",3,NA,"unhealthy_but_wrong_status"
"d2632ea9-09a4-4f9c-8b63-28a2c9c9dd89","102","10134","1","fram","16.8","27.3","511","PD","1.3","PD","False","3",NA,NA,0,0,NA,"0",NA,"3",NA,NA,NA,"5","0","AS,VB,W,DE",3,NA,"wounded_level_but_wrong_status_or_FAD"
"22a3a36b-d1c2-476a-88f4-205de283bedf","1022","102238","1","quve","1","1","796","PD","1.3","PD","False","4",NA,NA,0,0,NA,"0",NA,NA,NA,"3",NA,NA,NA,NA,NA,NA,"unhealthy_but_wrong_status"
"cddcf886-4008-419a-8aad-c26ea0776aa4","1023","102275","1","ceca","15.1","5","132","DS","1.1","PD","False","1",NA,NA,30,0,40,"0",NA,NA,NA,"2",NA,NA,NA,NA,NA,NA,"unhealthy_but_wrong_status"
"fc2f44a4-0ffd-49d8-a5cc-f0a1b15d91de","1024","102313","1","quve","19.5","1.8","733","AU","1.3","DS","False","4","D",748,0,0,NA,"0","B","3",NA,"3",NA,NA,NA,NA,NA,NA,"wounded_level_but_wrong_status_or_FAD"
"b69f6986-4b82-4ea4-8f36-8ef3348fb47c","1027","102401","1","nysy","5.7","5.2","125","PD","1.3","PD","False","1",NA,NA,0,0,NA,"0",NA,NA,NA,"3",NA,NA,NA,NA,NA,NA,"unhealthy_but_wrong_status"
"cfa7a495-1cfa-4446-800d-6f851737962d","1029","102462","1","litu","0.5","18","156","A","1.3","AU","False","1",NA,NA,100,80,25,"0","CR","1",NA,NA,NA,NA,NA,NA,NA,NA,"wounded_level_but_wrong_status_or_FAD"
"c608d667-3c6f-40fd-acb1-9780342f816e","103","10160","2","acru","11.5","42.6","615","A","1.3","AU","False","3",NA,NA,80,80,20,"0","B","2",NA,NA,NA,NA,NA,NA,NA,NA,"wounded_level_but_wrong_status_or_FAD"
"ac447d8e-fb0a-4ba9-9776-fdaa2e5b586e","1030","102470","1","litu","1.3","3.3","234","PD","1.3","PD","False","1",NA,NA,0,0,NA,"0","B","3",NA,"3",NA,NA,NA,NA,NA,NA,"unhealthy_but_wrong_status"
"ac447d8e-fb0a-4ba9-9776-fdaa2e5b586e","1030","102470","1","litu","1.3","3.3","234","PD","1.3","PD","False","1",NA,NA,0,0,NA,"0","B","3",NA,"3",NA,NA,NA,NA,NA,NA,"wounded_level_but_wrong_status_or_FAD"
"afcc11f8-a13c-48b4-93bc-df0cdf5282c4","1032","102509","2","quve","9.6","0.9","745","DS","1.3","PD","False","1",NA,NA,20,0,NA,"0",NA,NA,NA,"3",NA,NA,NA,NA,NA,NA,"unhealthy_but_wrong_status"
"415ee26a-6e67-4f2a-bcee-d1a846beef37","104","10053","1","acru","4.8","61.2","171","A","1.3","AU","False","1",NA,NA,50,45,NA,"3","B","1",NA,NA,NA,NA,NA,NA,NA,NA,"wounded_level_but_wrong_status_or_FAD"
"415ee26a-6e67-4f2a-bcee-d1a846beef37","104","10178","1","frni","18.8","73.3","141","PD","1.3","PD","False","1",NA,NA,0,0,NA,"0","UP",NA,NA,NA,NA,NA,NA,NA,NA,NA,"unhealthy_but_wrong_status"
"415ee26a-6e67-4f2a-bcee-d1a846beef37","104","10178","2","frni","18.8","73.3","NA","PD","1.3","PD","False","1",NA,NA,NA,NA,NA,"0",NA,"3",NA,NA,NA,NA,NA,NA,NA,NA,"unhealthy_but_wrong_status"
"415ee26a-6e67-4f2a-bcee-d1a846beef37","104","10178","2","frni","18.8","73.3","NA","PD","1.3","PD","False","1",NA,NA,NA,NA,NA,"0",NA,"3",NA,NA,NA,NA,NA,NA,NA,NA,"wounded_level_but_wrong_status_or_FAD"
"e0185a71-6a4d-4e28-991d-3cfe59ef9424","105","10251","1","fram","10.9","98.9","109","DS","1.3","PD","False","1",NA,NA,0,0,30,"0","I",NA,NA,NA,NA,"5","0","AS,W",NA,NA,"unhealthy_but_wrong_status"
"e5993146-b9ca-4495-8f63-ae4073ed1176","106","10379","1","fram","2.6","103.1","NA","PD","1.3","PD","False","1",NA,NA,0,0,NA,"0","I","3",NA,NA,NA,"0","0","none",NA,NA,"unhealthy_but_wrong_status"
"e5993146-b9ca-4495-8f63-ae4073ed1176","106","10379","1","fram","2.6","103.1","NA","PD","1.3","PD","False","1",NA,NA,0,0,NA,"0","I","3",NA,NA,NA,"0","0","none",NA,NA,"wounded_level_but_wrong_status_or_FAD"
"84eadcd0-3129-4d0f-a5ec-32d368a7c873","107","10440","1","fram","14.3","132.5","372","PD","1.3","PD","False","2",NA,NA,0,0,NA,"0","I",NA,NA,NA,NA,"5","0","AS,W",NA,NA,"unhealthy_but_wrong_status"
"7e0f2a18-9848-4ecd-936c-3c36704e3b5a","108","10539","1","fram","4.3","152","470","PD","1.3","PD","False","1",NA,NA,0,0,NA,"0","I","3",NA,NA,NA,"5","0","W,DE",3,NA,"unhealthy_but_wrong_status"
"7e0f2a18-9848-4ecd-936c-3c36704e3b5a","108","10539","1","fram","4.3","152","470","PD","1.3","PD","False","1",NA,NA,0,0,NA,"0","I","3",NA,NA,NA,"5","0","W,DE",3,NA,"wounded_level_but_wrong_status_or_FAD"
"ffb8acf9-2dc1-4386-a33c-b0dd3a06c8f3","109","10475","1","qual","17.4","164.60001","135","A","1.3","A","False","1",NA,NA,100,100,NA,"0","CR",NA,NA,NA,"missing tag",NA,NA,NA,NA,NA,"unhealthy_but_wrong_status"
"ffb8acf9-2dc1-4386-a33c-b0dd3a06c8f3","109","10480","1","caco","12","167.39999","165","A","1.3","AU","False","1",NA,NA,100,100,NA,"0","CR","1",NA,NA,"missing tag; huge tree leaning on it",NA,NA,NA,NA,NA,"wounded_level_but_wrong_status_or_FAD"
"ffb8acf9-2dc1-4386-a33c-b0dd3a06c8f3","109","10483","1","qual","12.7","169.10001","153","A","1.3","AU","False","2",NA,NA,100,80,NA,"0","CR","1",NA,NA,NA,NA,NA,NA,NA,NA,"wounded_level_but_wrong_status_or_FAD"
"ffb8acf9-2dc1-4386-a33c-b0dd3a06c8f3","109","10550","2","caca","2.2","163.60001","108","A","1.3","AU","False","1",NA,NA,100,95,NA,"0","B,R","1",NA,NA,NA,NA,NA,NA,NA,NA,"wounded_level_but_wrong_status_or_FAD"
"e99c7e7a-5099-4601-92b1-297e5db56f30","110","10492","1","caca","14.4","184.8","195","A","1.3","AU","False","1",NA,NA,100,90,NA,"0","B,R","1",NA,NA,NA,NA,NA,NA,NA,NA,"wounded_level_but_wrong_status_or_FAD"
"f5d33089-7524-4bc3-b1bc-86ab42b2ee63","111","10611","1","caca","15.7","205","116","A","1.4","AU","False","1",NA,NA,60,40,NA,"0","B,R","2",NA,"1",NA,NA,NA,NA,NA,NA,"wounded_level_but_wrong_status_or_FAD"
"a577f382-b548-4acd-8f3c-d4865c6b1ea8","1116","111291","1","havi","16.6","9.6","112","A","1.3","AU","False","1",NA,NA,100,100,NA,"0",NA,"2",NA,NA,NA,NA,NA,NA,NA,NA,"wounded_level_but_wrong_status_or_FAD"
"a577f382-b548-4acd-8f3c-d4865c6b1ea8","1116","111352","1","vipr","10.7","10.3","130","AU","1.3","AU","False",NA,NA,NA,75,75,NA,"0","OT,B","1",NA,NA,NA,NA,NA,NA,NA,NA,"wounded_level_but_wrong_status_or_FAD"
"214dc610-87fd-47a3-834c-02715142b9f6","1118","112084","1","acru","3.2","1.1","112","AU","1.3","AU","False","1",NA,NA,20,5,NA,"0",NA,"3",NA,NA,"broken stem but still leaf growth",NA,NA,NA,NA,NA,"wounded_level_but_wrong_status_or_FAD"
"781a7754-ab89-4b0c-a18d-4a33710b7b39","1119","112130","1","qual","17.2","18.3","149","AU","1.3","AU","False","1",NA,NA,100,100,NA,"0",NA,"2",NA,NA,NA,NA,NA,NA,NA,NA,"wounded_level_but_wrong_status_or_FAD"
"02474085-54ea-4dd7-b82a-3f3e84924639","112","10642","1","fram","2.5","229.7","797","A","1.3","A","False","4",NA,NA,100,100,NA,"0",NA,NA,NA,NA,NA,"1","4","W",NA,NA,"epicormic_growth_but_not_AU"
"a55d07e5-48b8-45ae-9c18-46e1396da0fc","1120","112148","1","pist","15.1","14.6","155","AU","1.3","AU","False","1",NA,NA,75,75,NA,"0",NA,"2",NA,NA,NA,NA,NA,NA,NA,NA,"wounded_level_but_wrong_status_or_FAD"
"a55d07e5-48b8-45ae-9c18-46e1396da0fc","1120","112165","1","qufa","9.3","18.4","772","A","1.3","AU","False","3",NA,NA,100,100,NA,"0",NA,"1",NA,NA,NA,NA,NA,NA,NA,NA,"wounded_level_but_wrong_status_or_FAD"
"56e9c62d-e2fd-45f5-920e-217584c34606","1122","112252","1","litu","13.6","19.4","469","A","1.3","AU","False","4",NA,NA,100,100,NA,"0",NA,"1",NA,NA,NA,NA,NA,NA,NA,NA,"wounded_level_but_wrong_status_or_FAD"
"7b923e77-794f-496d-9262-c0cd303e0f54","1123","112259","1","pist","2.3","0.8","125","PD","1.3","DS","False","1","S",NA,75,0,NA,"0",NA,"3",NA,NA,NA,NA,NA,NA,NA,NA,"wounded_level_but_wrong_status_or_FAD"
"7b923e77-794f-496d-9262-c0cd303e0f54","1123","112285","1","ceca","5.2","12.4","118","AU","1.3","AU","False","1",NA,NA,70,5,NA,"0",NA,"3",NA,NA,NA,NA,NA,NA,NA,NA,"wounded_level_but_wrong_status_or_FAD"
"7b923e77-794f-496d-9262-c0cd303e0f54","1123","112290","1","cato","15.3","19.3","143","DS","1.3","DS","False","1","S",NA,30,0,NA,"0","U","2",NA,"2",NA,NA,NA,NA,NA,NA,"wounded_level_but_wrong_status_or_FAD"
"a9d63e98-f90a-4dce-ad75-ed48d7404fe5","1125","112322","1","caovl","11.5","7.3","265","DS","1.3","PD","False","1",NA,NA,0,0,NA,"0","B,R","3",NA,"3",NA,NA,NA,NA,NA,NA,"unhealthy_but_wrong_status"
"a9d63e98-f90a-4dce-ad75-ed48d7404fe5","1125","112322","1","caovl","11.5","7.3","265","DS","1.3","PD","False","1",NA,NA,0,0,NA,"0","B,R","3",NA,"3",NA,NA,NA,NA,NA,NA,"wounded_level_but_wrong_status_or_FAD"
"a9d63e98-f90a-4dce-ad75-ed48d7404fe5","1125","112325","1","ceoc","16.9","8.3","114","DS","1.3","PD","False","1",NA,NA,30,0,NA,"0",NA,NA,NA,"2",NA,NA,NA,NA,NA,NA,"unhealthy_but_wrong_status"
"103f3685-e04f-4b2e-b30e-61ec678d3217","113","10580","1","caca","16.5","5","109","PD","1.3","DC","False","1","S",109,0,0,NA,"0",NA,"3",NA,"3","Tree rotting on the ground",NA,NA,NA,NA,NA,"wounded_level_but_wrong_status_or_FAD"
"e223d27a-0db7-4b70-bce2-50acd426c839","1131","112490","1","cato","5.3","0.1","216","A","1.3","AU","False","1",NA,NA,75,75,NA,"0","B","2",NA,NA,NA,NA,NA,NA,NA,NA,"wounded_level_but_wrong_status_or_FAD"
"b67d8b71-8170-471c-a583-e314f01c0fe1","1132","112485","1","quve","19.6","6.2","679","PD","1.3","PD","False","1",NA,NA,0,0,NA,"0","UP",NA,NA,NA,NA,NA,NA,NA,NA,NA,"unhealthy_but_wrong_status"
"b67d8b71-8170-471c-a583-e314f01c0fe1","1132","112496","1","litu","10.4","1.6","129","A","1.3","PD","False","1",NA,NA,0,0,NA,"0","CR","3",NA,"3",NA,NA,NA,NA,NA,NA,"unhealthy_but_wrong_status"
"b67d8b71-8170-471c-a583-e314f01c0fe1","1132","112496","1","litu","10.4","1.6","129","A","1.3","PD","False","1",NA,NA,0,0,NA,"0","CR","3",NA,"3",NA,NA,NA,NA,NA,NA,"wounded_level_but_wrong_status_or_FAD"
"71155506-366c-46da-8f23-21c11a5dcfe6","116","10680","1","litu","0.6","0.5","797","DS","1.3","DC","False","3","CD",797,0,0,NA,"0",NA,"3",NA,NA,NA,NA,NA,NA,NA,NA,"wounded_level_but_wrong_status_or_FAD"
"71155506-366c-46da-8f23-21c11a5dcfe6","116","10688","1","quve","15.8","0.8","557","A","1.3","AU","False","3",NA,NA,50,50,NA,"0","B","2",NA,NA,NA,NA,NA,NA,NA,NA,"wounded_level_but_wrong_status_or_FAD"
"782d2dca-1310-4e6c-9be1-6258fe087ed9","117","12018","1","quve","10.8","19.1","559","A","1.3","AU","False","2",NA,NA,50,50,NA,"0","B,R","2",NA,NA,NA,NA,NA,NA,NA,NA,"wounded_level_but_wrong_status_or_FAD"
"a54cb39a-e7d0-4980-adc1-29b326a9d012","118","12054","1","cagl","5.7","16.1","190","A","1.3","AU","False","1",NA,NA,70,70,NA,"0","B","2",NA,NA,NA,NA,NA,NA,NA,NA,"wounded_level_but_wrong_status_or_FAD"
"fa0cf090-3a2d-4b2a-95dc-13a3c1539eb4","119","12083","1","frpe","4.5","15.6","NA","PD","1.3","PD","False","1",NA,NA,0,0,NA,"0",NA,"2",NA,"3",NA,"5","0",NA,NA,NA,"unhealthy_but_wrong_status"
"fa0cf090-3a2d-4b2a-95dc-13a3c1539eb4","119","12083","1","frpe","4.5","15.6","NA","PD","1.3","PD","False","1",NA,NA,0,0,NA,"0",NA,"2",NA,"3",NA,"5","0",NA,NA,NA,"wounded_level_but_wrong_status_or_FAD"
"28255998-5bf2-4269-aac9-1fe69fabe446","121","12142","1","fram","10.7","17.3","107","PD","1.3","PD","False","2",NA,NA,0,0,NA,"0","I",NA,NA,"3",NA,"5","0","VB,W",2,NA,"unhealthy_but_wrong_status"
"28255998-5bf2-4269-aac9-1fe69fabe446","121","12148","1","acru","0.2","19","113","DC","1.3","DC","False","1","S",113,NA,NA,NA,"0",NA,"3",NA,NA,NA,NA,NA,NA,NA,NA,"wounded_level_but_wrong_status_or_FAD"
"8cb62d4c-821c-4795-8386-53ef1cf0c3b8","1216","121361","1","saal","6.2","0.3","233","AU","1.3","AU","False","3",NA,NA,95,90,NA,"0","AN","1",NA,NA,NA,NA,NA,NA,NA,NA,"wounded_level_but_wrong_status_or_FAD"
"8cb62d4c-821c-4795-8386-53ef1cf0c3b8","1216","121364","1","fram","8.6","6.7","360","AU","1.3","DS","False","3","I",360,50,0,20,"0","B,F","2","3",NA,NA,"5","1","AS,DE",16,"I","wounded_level_but_wrong_status_or_FAD"
"8cb62d4c-821c-4795-8386-53ef1cf0c3b8","1216","121364","1","fram","8.6","6.7","360","AU","1.3","DS","False","3","I",360,50,0,20,"0","B,F","2","3",NA,NA,"5","1","AS,DE",16,"I","epicormic_growth_but_not_AU"
"8cb62d4c-821c-4795-8386-53ef1cf0c3b8","1216","121365","1","caca","3.2","7.9","161","A","1.3","A","False","1",NA,NA,85,90,45,"0","K",NA,"1",NA,NA,NA,NA,NA,NA,NA,"unhealthy_but_wrong_status"
"8cb62d4c-821c-4795-8386-53ef1cf0c3b8","1216","121367","1","nysy","4.6","10.8","267","AU","1.3","A","False","3",NA,NA,100,100,NA,"0",NA,"1","1",NA,"Bark damage",NA,NA,NA,NA,NA,"unhealthy_but_wrong_status"
"8cb62d4c-821c-4795-8386-53ef1cf0c3b8","1216","121367","1","nysy","4.6","10.8","267","AU","1.3","A","False","3",NA,NA,100,100,NA,"0",NA,"1","1",NA,"Bark damage",NA,NA,NA,NA,NA,"wounded_level_but_wrong_status_or_FAD"
"8cb62d4c-821c-4795-8386-53ef1cf0c3b8","1216","121455","2","fram","16.5","3.6","227","PD","1.3","PD","False","3",NA,NA,0,0,NA,"0","B",NA,NA,NA,NA,"5","0","AS,DE",20,"I","unhealthy_but_wrong_status"
"f93ff57b-6f60-4185-a1fd-8a2a83bdc2a7","1218","122044","2","fagr","9.5","8","148","A","1.3","A","False","3",NA,NA,80,95,NA,"0",NA,"3",NA,NA,NA,NA,NA,NA,NA,NA,"unhealthy_but_wrong_status"
"f93ff57b-6f60-4185-a1fd-8a2a83bdc2a7","1218","122044","2","fagr","9.5","8","148","A","1.3","A","False","3",NA,NA,80,95,NA,"0",NA,"3",NA,NA,NA,NA,NA,NA,NA,NA,"wounded_level_but_wrong_status_or_FAD"
"f93ff57b-6f60-4185-a1fd-8a2a83bdc2a7","1218","122083","1","cagl","6.3","7.1","191","A","1.3","A","False","2",NA,NA,95,90,NA,"0",NA,NA,"1",NA,NA,NA,NA,NA,NA,NA,"unhealthy_but_wrong_status"
"3eb16451-cf94-4ed4-9742-0e25c62bf005","122","12171","1","frni","14.2","12","135","PD","1.3","PD","False","1",NA,NA,0,0,NA,"0","UP,B","3",NA,NA,NA,NA,NA,NA,NA,NA,"unhealthy_but_wrong_status"
"3eb16451-cf94-4ed4-9742-0e25c62bf005","122","12171","1","frni","14.2","12","135","PD","1.3","PD","False","1",NA,NA,0,0,NA,"0","UP,B","3",NA,NA,NA,NA,NA,NA,NA,NA,"wounded_level_but_wrong_status_or_FAD"
"87a89c59-b8f1-4d3e-a655-a43bef6ab6bd","1222","122186","1","pist","7.7","12.8","188","A","1.3","AU","False","1",NA,NA,60,30,NA,"0","B","1",NA,NA,NA,NA,NA,NA,NA,NA,"wounded_level_but_wrong_status_or_FAD"
"5b18eb5e-d15b-4eef-9d41-28c891e3f89b","1223","122275","1","pist","14.6","9.6","155","PD","1.3","PD","False","1",NA,NA,50,0,NA,"0","R,W","2",NA,"2",NA,NA,NA,NA,NA,NA,"unhealthy_but_wrong_status"
"5b18eb5e-d15b-4eef-9d41-28c891e3f89b","1223","122275","1","pist","14.6","9.6","155","PD","1.3","PD","False","1",NA,NA,50,0,NA,"0","R,W","2",NA,"2",NA,NA,NA,NA,NA,NA,"wounded_level_but_wrong_status_or_FAD"
"5b18eb5e-d15b-4eef-9d41-28c891e3f89b","1223","122283","1","cato","11.8","18","145","PD","1.3","PD","False","1",NA,NA,0,0,NA,"0","UP","3",NA,"3",NA,NA,NA,NA,NA,NA,"unhealthy_but_wrong_status"
"5b18eb5e-d15b-4eef-9d41-28c891e3f89b","1223","122283","1","cato","11.8","18","145","PD","1.3","PD","False","1",NA,NA,0,0,NA,"0","UP","3",NA,"3",NA,NA,NA,NA,NA,NA,"wounded_level_but_wrong_status_or_FAD"
"704c2fd4-0cba-45ac-a133-430f3ee9f008","1224","122327","1","fram","1.9","16.9","164","A","1.3","A","False","1",NA,NA,100,90,NA,"0","I",NA,NA,NA,NA,"2","0",NA,NA,NA,"unhealthy_but_wrong_status"
"36b23cbc-e876-467c-8c89-1de384625973","1226","122452","1","fram","5.7","2.4","524","DS","1.3","PD","False","3",NA,NA,30,0,NA,"0","I",NA,NA,NA,NA,"5","0","VB,W,DE",8,"CD","unhealthy_but_wrong_status"
"5ec5109c-4765-4e54-aa3d-d18e6abd5028","1228","122432","1","frpe","17.8","0.8","142","A","1.3","AU","False","1",NA,NA,60,60,NA,"0","B","2",NA,NA,NA,NA,NA,NA,NA,NA,"wounded_level_but_wrong_status_or_FAD"
"5ec5109c-4765-4e54-aa3d-d18e6abd5028","1228","122434","1","cagl","14","5.3","130","AU","1.3","AU","False","1",NA,NA,100,80,NA,"0","CR","2",NA,NA,NA,NA,NA,NA,NA,NA,"wounded_level_but_wrong_status_or_FAD"
"bbf55bd4-b946-4d44-8fd9-8cfde205a2bf","1229","122500","1","ulru","14","11.9","128","AU","1.3","AU","False","1",NA,NA,40,20,NA,"0","B","2",NA,NA,NA,NA,NA,NA,NA,NA,"wounded_level_but_wrong_status_or_FAD"
"893c2c42-3c91-4e6a-ae2c-6dae7b8c9c2a","123","12199","1","nysy","8.8","2.8","310","PD","1.3","PD","False","1",NA,NA,0,0,NA,"0","B,R",NA,NA,NA,NA,NA,NA,NA,NA,NA,"unhealthy_but_wrong_status"
"893c2c42-3c91-4e6a-ae2c-6dae7b8c9c2a","123","12219","1","acru","19.2","17.6","143","AU","1.3","AU","False","3",NA,NA,50,50,90,"0","UP,S","3",NA,NA,NA,NA,NA,NA,NA,NA,"wounded_level_but_wrong_status_or_FAD"
"893c2c42-3c91-4e6a-ae2c-6dae7b8c9c2a","123","12222","1","caca","10.1","13.2","161","A","1.3","AU","False","3",NA,NA,100,100,20,"0","CR","1",NA,NA,NA,NA,NA,NA,NA,NA,"wounded_level_but_wrong_status_or_FAD"
"a22ec385-637f-4984-8536-c362590280ee","124","12233","6","havi","12.9","1","113","A","1.3","AU","False","1",NA,NA,50,50,NA,"0","B","2",NA,NA,NA,NA,NA,NA,NA,NA,"wounded_level_but_wrong_status_or_FAD"
"a22ec385-637f-4984-8536-c362590280ee","124","12234","1","fram","14.2","1.2","320","PD","1.3","PD","False","1",NA,NA,0,0,NA,"0",NA,"3",NA,"3",NA,"5","0","AS,W",NA,NA,"unhealthy_but_wrong_status"
"a22ec385-637f-4984-8536-c362590280ee","124","12234","1","fram","14.2","1.2","320","PD","1.3","PD","False","1",NA,NA,0,0,NA,"0",NA,"3",NA,"3",NA,"5","0","AS,W",NA,NA,"wounded_level_but_wrong_status_or_FAD"
"21528247-2d0a-484e-b89e-a70f34f364ec","125","12271","1","fram","14.9","18.1","111","PD","1.3","PD","False","1",NA,NA,30,0,NA,"0","I",NA,NA,NA,NA,"5","0","W,DE",2,NA,"unhealthy_but_wrong_status"
"372d1071-e6ee-43dc-b536-7f3ab3cb64d6","126","12323","1","acru","4.4","17.3","393","AU","1.3","DS","False","2","I",393,0,0,NA,"3","B","3",NA,NA,NA,NA,NA,NA,NA,NA,"wounded_level_but_wrong_status_or_FAD"
"b0b6953f-0b59-4219-bf54-72a9dde07bd3","128","12351","1","fram","4.1","4.2","126","DS","1.3","PD","False","3",NA,NA,0,0,NA,"4","I",NA,NA,NA,NA,"5","0","W,DE",1,NA,"unhealthy_but_wrong_status"
"90e01ea0-f736-4afa-a5d1-27c244a8a7e6","129","12392","1","litu","17.2","1.1","111","DS","1.3","PD","False","1",NA,NA,0,0,NA,"0","B","3",NA,NA,NA,NA,NA,NA,NA,NA,"unhealthy_but_wrong_status"
"90e01ea0-f736-4afa-a5d1-27c244a8a7e6","129","12392","1","litu","17.2","1.1","111","DS","1.3","PD","False","1",NA,NA,0,0,NA,"0","B","3",NA,NA,NA,NA,NA,NA,NA,NA,"wounded_level_but_wrong_status_or_FAD"
"90e01ea0-f736-4afa-a5d1-27c244a8a7e6","129","12419","1","prav","12.9","16.9","125","PD","1.3","PD","False","2",NA,NA,0,0,NA,"0","B","3",NA,NA,NA,NA,NA,NA,NA,NA,"unhealthy_but_wrong_status"
"90e01ea0-f736-4afa-a5d1-27c244a8a7e6","129","12419","1","prav","12.9","16.9","125","PD","1.3","PD","False","2",NA,NA,0,0,NA,"0","B","3",NA,NA,NA,NA,NA,NA,NA,NA,"wounded_level_but_wrong_status_or_FAD"
"076eebb4-2cf2-4175-967d-56ea764e9612","130","12427","1","litu","9.2","2.7","404","A","1.3","A","False","2",NA,NA,85,85,NA,"0","B",NA,NA,NA,"missing tag",NA,NA,NA,NA,NA,"unhealthy_but_wrong_status"
"076eebb4-2cf2-4175-967d-56ea764e9612","130","12442","1","prav","15.3","8.3","260","PD","1.3","PD","False","1",NA,NA,20,0,NA,"0","AN,R",NA,NA,"3",NA,NA,NA,NA,NA,NA,"unhealthy_but_wrong_status"
"2c50a3fe-a576-4343-aaeb-96abcf55f7ec","131","12475","1","frpe","3.8","1.7","105","PD","1.3","PD","False","1",NA,NA,0,0,NA,"0","UP","3",NA,NA,NA,NA,NA,NA,NA,NA,"unhealthy_but_wrong_status"
"2c50a3fe-a576-4343-aaeb-96abcf55f7ec","131","12475","1","frpe","3.8","1.7","105","PD","1.3","PD","False","1",NA,NA,0,0,NA,"0","UP","3",NA,NA,NA,NA,NA,NA,NA,NA,"wounded_level_but_wrong_status_or_FAD"
"dbde62ff-41f8-4a70-b70f-a2655f8e37f3","1313","131221","1","caovl","15.9","3.9","245","AU","1.3","AU","False","1",NA,NA,90,85,45,"0","UP","1",NA,NA,NA,NA,NA,NA,NA,NA,"wounded_level_but_wrong_status_or_FAD"
"777defe6-e42e-489a-b4b6-74e1a20618f4","1315","131272","1","fram","18.5","2.2","956","AU","1.3","PD","False",NA,NA,NA,0,0,NA,"0","B,I","3",NA,NA,"completely broken stem, unable to do any analysis",NA,NA,NA,NA,NA,"unhealthy_but_wrong_status"
"777defe6-e42e-489a-b4b6-74e1a20618f4","1315","131272","1","fram","18.5","2.2","956","AU","1.3","PD","False",NA,NA,NA,0,0,NA,"0","B,I","3",NA,NA,"completely broken stem, unable to do any analysis",NA,NA,NA,NA,NA,"wounded_level_but_wrong_status_or_FAD"
"777defe6-e42e-489a-b4b6-74e1a20618f4","1315","131273","1","caco","18.5","3.1","240","A","1.3","DC","False","3","CD",NA,0,0,NA,"0","CR","3",NA,"1",NA,NA,NA,NA,NA,NA,"wounded_level_but_wrong_status_or_FAD"
"777defe6-e42e-489a-b4b6-74e1a20618f4","1315","131298","1","quru","14","13.1","234","A","1.3","DS","False","3","CD",240,0,0,30,"0","CR","3",NA,NA,NA,NA,NA,NA,NA,NA,"wounded_level_but_wrong_status_or_FAD"
"777defe6-e42e-489a-b4b6-74e1a20618f4","1315","131300","1","fram","12","11.4","732","DS","1.3","PD","False","4",NA,NA,30,0,NA,"0","I",NA,NA,NA,NA,"5","0","W,AS,VB,DE",5,NA,"unhealthy_but_wrong_status"
"a8e13432-fb05-494a-b6d3-d938e36fe81f","1316","131352","1","fram","5.5","3.3","1020","DS","1.3","PD","False","4",NA,NA,50,0,NA,"0","I",NA,NA,NA,NA,"5","0","VB,W,DE",25,NA,"unhealthy_but_wrong_status"
"a8e13432-fb05-494a-b6d3-d938e36fe81f","1316","131412","1","ceca","14.7","5","212","A","1.3","AU","False","3",NA,NA,30,20,90,"0","CR","3",NA,NA,NA,NA,NA,NA,NA,NA,"wounded_level_but_wrong_status_or_FAD"
"34f0ad0d-3452-4282-b4a5-d9ac7d846f3c","1317","132028","1","fram","17","6.7","613","DS","1.3","PD","False","4",NA,NA,40,0,NA,"0","I",NA,NA,NA,NA,"5","0","W,VB,AS,DE",12,NA,"unhealthy_but_wrong_status"
"5d2044e1-404d-49ef-b046-7312a786b449","1318","132061","1","fram","17.8","16.9","554","DS","1.3","PD","False","4",NA,NA,40,0,NA,"0","I",NA,NA,NA,NA,"5","0","SS,DE,W,VB",5,NA,"unhealthy_but_wrong_status"
"e8e8f9f1-0432-4099-958d-3951698b15f2","1320","132176","1","cagl","13.5","11","103","A","1.3","AU","False","1",NA,NA,60,60,NA,"0","B","2",NA,NA,NA,NA,NA,NA,NA,NA,"wounded_level_but_wrong_status_or_FAD"
"e8e8f9f1-0432-4099-958d-3951698b15f2","1320","132181","1","qual","20","19.2","234","A","1.3","AU","False","2",NA,NA,100,60,NA,"0","R","2",NA,"1",NA,NA,NA,NA,NA,NA,"wounded_level_but_wrong_status_or_FAD"
"afec121c-7acd-49d3-aef5-588ef0afd716","1322","132311","1","qual","12.9","14.2","550","A","1.3","AU","False","3",NA,NA,70,60,NA,"0","B,R","2",NA,NA,NA,NA,NA,NA,NA,NA,"wounded_level_but_wrong_status_or_FAD"
"9a7cb7e0-c50e-4a6f-9dcb-73a105ce126c","1325","132285","1","fram","0.5","1.8","94","DS","1.3","PD","False","1",NA,NA,30,0,NA,"0","I",NA,NA,NA,NA,"5","0","W",NA,"S","unhealthy_but_wrong_status"
"c27c762a-b7df-4cb5-bce7-e8c519438767","1326","132385","1","cagl","16.1","3.9","156","A","1.3","AU","False","2",NA,NA,70,30,NA,"0","CR","1",NA,NA,NA,NA,NA,NA,NA,NA,"wounded_level_but_wrong_status_or_FAD"
"944df602-8098-4811-8db1-953e1fb8eea6","1328","132434","1","litu","3.4","14.4","185","A","1.3","AU","False","1",NA,NA,20,20,NA,"0","B,CR","3",NA,NA,NA,NA,NA,NA,NA,NA,"wounded_level_but_wrong_status_or_FAD"
"944df602-8098-4811-8db1-953e1fb8eea6","1328","132507","1","qual","16.7","9.9","130","A","1.3","AU","False","1",NA,NA,60,50,NA,"0","B,R","2",NA,"1",NA,NA,NA,NA,NA,NA,"wounded_level_but_wrong_status_or_FAD"
"e46aea5c-cf65-4461-9546-88b2f16633f2","1329","132525","1","fram","20","1.2","531","PD","1.3","PD","False","1",NA,NA,0,0,NA,"0","UP","3",NA,"3",NA,NA,NA,NA,NA,NA,"unhealthy_but_wrong_status"
"e46aea5c-cf65-4461-9546-88b2f16633f2","1329","132525","1","fram","20","1.2","531","PD","1.3","PD","False","1",NA,NA,0,0,NA,"0","UP","3",NA,"3",NA,NA,NA,NA,NA,NA,"wounded_level_but_wrong_status_or_FAD"
"ad302ace-6094-4f61-afa9-3aae3236d71c","1330","132530","1","quve","10.1","2.4","699","PD","1.3","PD","False","3",NA,NA,0,0,NA,"0","B","3",NA,NA,NA,NA,NA,NA,NA,NA,"unhealthy_but_wrong_status"
"ad302ace-6094-4f61-afa9-3aae3236d71c","1330","132530","1","quve","10.1","2.4","699","PD","1.3","PD","False","3",NA,NA,0,0,NA,"0","B","3",NA,NA,NA,NA,NA,NA,NA,NA,"wounded_level_but_wrong_status_or_FAD"
"49e95462-a778-4a14-a7e5-5358123ceddb","1332","132468","1","caovl","4.6","4.1","218","A","1.3","AU","False","1",NA,NA,80,75,NA,"0","B,R","2",NA,"1",NA,NA,NA,NA,NA,NA,"wounded_level_but_wrong_status_or_FAD"
"46d980fd-5f3d-4c79-a457-1e80a24aa718","1416","141247","1","acru","2","3.3","130","AU","1.3","AU","False","3",NA,NA,80,75,NA,"4","U","3",NA,NA,NA,NA,NA,NA,NA,NA,"wounded_level_but_wrong_status_or_FAD"
"6b16fefb-0e3b-4bef-bed0-9a0f17711474","1418","142174","1","prav","0.7","16.5","125","AU","1.3","A","False","1",NA,NA,100,100,NA,"0","U","2",NA,NA,NA,NA,NA,NA,NA,NA,"unhealthy_but_wrong_status"
"6b16fefb-0e3b-4bef-bed0-9a0f17711474","1418","142174","1","prav","0.7","16.5","125","AU","1.3","A","False","1",NA,NA,100,100,NA,"0","U","2",NA,NA,NA,NA,NA,NA,NA,NA,"wounded_level_but_wrong_status_or_FAD"
"0af6ccca-bc07-4959-be42-5584e99b53ee","1513","151163","1","frni","17.1","16.1","212","PD","1.3","PD","False","1",NA,NA,0,0,NA,"0","I","3",NA,NA,NA,NA,NA,NA,NA,NA,"unhealthy_but_wrong_status"
"0af6ccca-bc07-4959-be42-5584e99b53ee","1513","151163","1","frni","17.1","16.1","212","PD","1.3","PD","False","1",NA,NA,0,0,NA,"0","I","3",NA,NA,NA,NA,NA,NA,NA,NA,"wounded_level_but_wrong_status_or_FAD"
"eebbac48-dcf8-442d-a3d1-55610d5042c2","1514","151168","2","prav","10.5","2.6","153","A","1.3","AU","False","2",NA,NA,80,75,NA,"0","B,R","2",NA,"1",NA,NA,NA,NA,NA,NA,"wounded_level_but_wrong_status_or_FAD"
"674c3ca7-e4cb-4066-aa1d-01390d4caf6e","1515","151181","1","ceca","11.3","11.8","154","AU","1.3","DC","False","2","I",152,0,0,NA,"0","UP","3",NA,"2",NA,NA,NA,NA,NA,NA,"wounded_level_but_wrong_status_or_FAD"
"674c3ca7-e4cb-4066-aa1d-01390d4caf6e","1515","151183","1","ceca","12.2","12.7","130","A","1.3","AU","False","1",NA,NA,100,20,90,"0","S","2",NA,"1",NA,NA,NA,NA,NA,NA,"wounded_level_but_wrong_status_or_FAD"
"eb8cf779-90d4-41d5-b8ea-577eb7823e19","1516","151511","1","ploc","8.1","7.5","423","AU","1.3","AU","False","3",NA,NA,5,5,NA,"0","B","3",NA,NA,NA,NA,NA,NA,NA,NA,"wounded_level_but_wrong_status_or_FAD"
"b25ccd2d-f54d-4ab6-bc0a-0de1b5994235","1517","152003","1","cagl","16.9","1.2","131","A","1.3","DS","False",NA,"S",131,30,0,NA,"0","CR","2",NA,NA,NA,NA,NA,NA,NA,NA,"wounded_level_but_wrong_status_or_FAD"
"609d4eef-1354-4067-855f-05c797d5bd8e","1518","152044","2","qupr","4.6","4.5","352","AU","1.3","DS","False","3","CD",420,50,0,45,"0","B","3",NA,"3",NA,NA,NA,NA,NA,NA,"wounded_level_but_wrong_status_or_FAD"
"609d4eef-1354-4067-855f-05c797d5bd8e","1518","152049","1","quru","12.1","7.1","166","AU","1.3","AU","False","2",NA,NA,70,70,NA,"1","B","2",NA,NA,NA,NA,NA,NA,NA,NA,"wounded_level_but_wrong_status_or_FAD"
"27ee1b89-e051-4870-8dd8-9b782a792bda","1520","152198","1","ceca","5.8","16.8","105","AU","1.3","DS","False","1","S",105,0,0,NA,"0","CR,B","3",NA,NA,NA,NA,NA,NA,NA,NA,"wounded_level_but_wrong_status_or_FAD"
"ff176fdc-f9ac-427b-a094-6486984a390b","1522","152353","1","caco","7.3","0.5","331","A","1.3","AU","False","1",NA,NA,60,60,NA,"0","B","2",NA,"1",NA,NA,NA,NA,NA,NA,"wounded_level_but_wrong_status_or_FAD"
"678c0f2f-0063-4882-bac3-98df7beeb754","1523","152431","1","acru","0.1","1.1","240","AU","1.3","AU","False","1",NA,NA,30,25,90,"0","B","3",NA,NA,NA,NA,NA,NA,NA,NA,"wounded_level_but_wrong_status_or_FAD"
"7b8e0e06-438c-4edf-ac33-92fd20e353b2","1524","152478","1","fram","13.1","13.3","NA","PD","1.3","PD","False","1",NA,NA,NA,NA,NA,NA,"I",NA,NA,NA,NA,NA,NA,NA,NA,NA,"unhealthy_but_wrong_status"
"ce9d1fe8-6906-4e91-87c7-7fd4e2323255","1525","152508","1","qupr","10.7","12.4","492","AU","1.3","AU","False","3",NA,NA,100,50,NA,"0","R","1",NA,NA,NA,NA,NA,NA,NA,NA,"wounded_level_but_wrong_status_or_FAD"
"0c7c25ce-7dac-47b4-891c-f79fbf66db60","1528","152610","1","fram","16","6.6","207","DS","1.3","PD","False","3",NA,NA,10,0,NA,"0","I",NA,NA,NA,NA,NA,NA,NA,NA,NA,"unhealthy_but_wrong_status"
"0c7c25ce-7dac-47b4-891c-f79fbf66db60","1528","152611","1","ceca","9.9","7.3","161","AU","1.3","DC","False","1","S",165,0,0,NA,"0",NA,"3",NA,"2",NA,NA,NA,NA,NA,NA,"wounded_level_but_wrong_status_or_FAD"
"0c7c25ce-7dac-47b4-891c-f79fbf66db60","1528","152612","1","fram","9.5","7.4","330","DS","1.3","PD","False","1",NA,NA,0,0,NA,"0","I","3",NA,NA,NA,"5","0","W",NA,NA,"unhealthy_but_wrong_status"
"0c7c25ce-7dac-47b4-891c-f79fbf66db60","1528","152612","1","fram","9.5","7.4","330","DS","1.3","PD","False","1",NA,NA,0,0,NA,"0","I","3",NA,NA,NA,"5","0","W",NA,NA,"wounded_level_but_wrong_status_or_FAD"
"d49f96f8-a70b-471a-9a26-003100be520e","1529","152642","1","fram","9","8.6","237","DS","1.3","PD","False","1",NA,NA,30,0,NA,"4","I",NA,NA,NA,NA,"5","0","W,VB,DE",5,NA,"unhealthy_but_wrong_status"
"75c1f7f9-f62c-44b3-854e-a1c2b54d0834","1601","160248","1","aial","19.8","9.8","152","A","1.3","DC","False","1","S",153,NA,NA,NA,"0","UP","3",NA,NA,NA,NA,NA,NA,NA,NA,"wounded_level_but_wrong_status_or_FAD"
"57a7d8f6-c9ca-486b-95e8-a64635d1c67e","1602","160286","1","fram","17.5","0.2","275","AU","1.3","DC","False","1",NA,NA,0,0,NA,"0","UP,I","3",NA,NA,NA,"5","0","W",NA,NA,"wounded_level_but_wrong_status_or_FAD"
"032704b6-8889-4284-ac1a-56aad8f54939","1606","160907","1","fram","1.3","19.2","145","A","1.3","A","False","1",NA,NA,100,20,NA,"0","I",NA,NA,NA,NA,"5","4","SS,W",NA,NA,"unhealthy_but_wrong_status"
"032704b6-8889-4284-ac1a-56aad8f54939","1606","160907","1","fram","1.3","19.2","145","A","1.3","A","False","1",NA,NA,100,20,NA,"0","I",NA,NA,NA,NA,"5","4","SS,W",NA,NA,"epicormic_growth_but_not_AU"
"3838e1c9-aba5-4df1-9859-5cd94044e941","1609","160936","1","nysy","4.1","4.1","200","AU","1.3","AU","False","1",NA,NA,80,80,NA,"0","B,R","2",NA,"1",NA,NA,NA,NA,NA,NA,"wounded_level_but_wrong_status_or_FAD"
"97ecb9ca-7996-4698-b4d0-7b31a59cb492","1610","160795","1","quve","14.6","2.2","534","AU","1.3","DS","False","3","CD",537,0,0,NA,"0","B,R","3",NA,"2",NA,NA,NA,NA,NA,NA,"wounded_level_but_wrong_status_or_FAD"
"97ecb9ca-7996-4698-b4d0-7b31a59cb492","1610","160808","1","cato","18.3","18","390","AU","1.3","AU","False","2",NA,NA,100,100,NA,"0","K","1","1",NA,NA,NA,NA,NA,NA,NA,"wounded_level_but_wrong_status_or_FAD"
"2b719fce-b760-4b10-ab86-0036cb56e17e","201","20032","1","fram","37.4","8.5","NA","PD","1.3","PD","False","1",NA,NA,0,0,NA,"0","I",NA,NA,NA,NA,NA,NA,NA,NA,NA,"unhealthy_but_wrong_status"
"2b719fce-b760-4b10-ab86-0036cb56e17e","201","20040","1","fram","32.1","12.7","274","PD","1.3","PD","False",NA,NA,NA,0,0,NA,"0","I",NA,NA,NA,NA,"5","0","AS",NA,"I","unhealthy_but_wrong_status"
"3be0bd40-0216-4628-a00b-d3adfd653a7a","202","20122","1","prav","29.1","32.2","168","A","1.3","DC","False","1","S",NA,NA,NA,NA,"0","CR","3",NA,NA,NA,NA,NA,NA,NA,NA,"wounded_level_but_wrong_status_or_FAD"
"3be0bd40-0216-4628-a00b-d3adfd653a7a","202","20137","1","fram","21","34.9","775","PD","1.3","PD","False","4",NA,NA,0,0,NA,"0","I",NA,NA,NA,NA,"5","0","W,VB",NA,NA,"unhealthy_but_wrong_status"
"3be0bd40-0216-4628-a00b-d3adfd653a7a","202","20139","1","caca","36.7","39","236","A","1.3","AU","False","3",NA,NA,90,90,NA,"0","CR","2",NA,NA,NA,NA,NA,NA,NA,NA,"wounded_level_but_wrong_status_or_FAD"
"b9d49f48-f61d-4ffe-8c85-b1c83aa6e822","203","20155","1","frni","38.4","40.4","NA","PD","1.3","PD","False","2",NA,NA,0,0,NA,"0","I",NA,NA,NA,NA,"5","0",NA,NA,NA,"unhealthy_but_wrong_status"
"b9d49f48-f61d-4ffe-8c85-b1c83aa6e822","203","20182","1","acru","21.4","56.1","381","AU","1.3","DC","False","1","S",383,80,0,NA,"0","UP","3",NA,"1",NA,NA,NA,NA,NA,NA,"wounded_level_but_wrong_status_or_FAD"
"c6466bea-8292-4322-ad1c-4d42ca657c19","204","20243","1","fram","28.1","69.7","411","PD","1.3","PD","False","4",NA,NA,0,0,NA,"0","I",NA,NA,NA,NA,"5","0","VB,W,AS",NA,NA,"unhealthy_but_wrong_status"
"c6466bea-8292-4322-ad1c-4d42ca657c19","204","20251","1","fram","23","66.4","73","PD","1.3","PD","False",NA,NA,NA,NA,NA,NA,NA,"I",NA,NA,NA,NA,"5","0","VB,AS",NA,NA,"unhealthy_but_wrong_status"
"22d741ec-5ce0-4c02-b487-cb1c10fa9528","206","20514","1","caca","28.4","107.1","108","A","1.3","AU","False","1",NA,NA,90,90,NA,"0","B","1",NA,NA,NA,NA,NA,NA,NA,NA,"wounded_level_but_wrong_status_or_FAD"
"22d741ec-5ce0-4c02-b487-cb1c10fa9528","206","20523","1","caco","34.2","113.9","232","A","1.3","AU","False","1",NA,NA,80,80,NA,"0","B","1",NA,NA,NA,NA,NA,NA,NA,NA,"wounded_level_but_wrong_status_or_FAD"
"22d741ec-5ce0-4c02-b487-cb1c10fa9528","206","20523","1","caco","34.2","113.9","232","A","1.3","A","False","1",NA,NA,100,100,NA,"4",NA,NA,NA,NA,NA,NA,NA,NA,NA,NA,"wounded_level_but_wrong_status_or_FAD"
"22d741ec-5ce0-4c02-b487-cb1c10fa9528","206","20537","1","havi","25.8","120","131","A","1.3","A","True","1",NA,NA,100,90,NA,"4",NA,NA,NA,NA,NA,NA,NA,NA,NA,NA,"unhealthy_but_wrong_status"
"22d741ec-5ce0-4c02-b487-cb1c10fa9528","206","20537","1","havi","25.8","120","131","A","1.3","DC","False","1","S",130,0,0,NA,NA,"UP",NA,NA,NA,NA,NA,NA,NA,NA,NA,"unhealthy_but_wrong_status"
"c2ce5ce7-3e75-4bbc-8453-2fbcc076dfa2","207","20548","1","fram","23.5","126.2","655","DS","1.3","PD","False","3",NA,NA,0,0,NA,"0","B",NA,NA,NA,NA,NA,NA,NA,NA,NA,"unhealthy_but_wrong_status"
"5edeb5b2-533f-42f8-a0f8-102fbee1abfd","208","20593",NA,NA,NA,NA,NA,NA,NA,"PD","False","2",NA,NA,0,0,NA,"0","I",NA,NA,NA,NA,NA,NA,NA,NA,NA,"unhealthy_but_wrong_status"
"adcd07e2-8f42-4929-8763-00263b4933c8","212","20702","1","cagl","28.3","221.60001","117","DS","1.3","PD","False","1",NA,NA,0,0,NA,"0","DF",NA,NA,NA,NA,NA,NA,NA,NA,NA,"unhealthy_but_wrong_status"
"94a959c0-cb73-4a5b-82d9-94dec634afa9","213","20739","1","caca","11.2","2.8","111","DS","1.2","DS","False","1","S",70,0,0,NA,"0","U,F,R,DF,B","2",NA,"2",NA,NA,NA,NA,NA,NA,"wounded_level_but_wrong_status_or_FAD"
"94a959c0-cb73-4a5b-82d9-94dec634afa9","213","20748","1","caca","19.5","9.2","102","A","1.3","AU","False","1",NA,NA,40,40,NA,"0","B","1",NA,NA,NA,NA,NA,NA,NA,NA,"wounded_level_but_wrong_status_or_FAD"
"3471c49a-2684-47ed-a3fe-0b1e6b632227","214","20789","1","litu","16.7","13.8","330","A","1.3","AU","False","3",NA,NA,100,100,NA,"0",NA,"2",NA,NA,NA,NA,NA,NA,NA,NA,"wounded_level_but_wrong_status_or_FAD"
"7c9748eb-358f-4807-bbf2-27726a132b13","216","20825","1","qual","14.7","7.2","660","DS","1.3","DS","False","4","CD",NA,60,0,NA,"0","U,I","1",NA,NA,NA,NA,NA,NA,NA,NA,"wounded_level_but_wrong_status_or_FAD"
"7c9748eb-358f-4807-bbf2-27726a132b13","216","20837","1","caovl","8","17","164","A","1.3","AU","False","3",NA,NA,100,100,NA,"0",NA,"1","1",NA,NA,NA,NA,NA,NA,NA,"wounded_level_but_wrong_status_or_FAD"
"4e3d6922-f473-435f-ac63-ddb9fc6bce23","217","22039","1","caca","6.7","19.2","160","A","0.8","AU","False","1",NA,NA,20,20,NA,"0",NA,"2",NA,NA,NA,NA,NA,NA,NA,NA,"wounded_level_but_wrong_status_or_FAD"
"f94d4491-37cd-46e1-8b18-80b40363e752","218","22057","1","caca","15.2","5.8","116","A","1.3","AU","False","1",NA,NA,100,100,NA,"0",NA,"1",NA,NA,NA,NA,NA,NA,NA,NA,"wounded_level_but_wrong_status_or_FAD"
"f94d4491-37cd-46e1-8b18-80b40363e752","218","22072","1","caovl","7.5","11.2","135","A","1.3","AU","False","1",NA,NA,80,80,NA,"0",NA,"1",NA,NA,NA,NA,NA,NA,NA,NA,"wounded_level_but_wrong_status_or_FAD"
"386a30ff-1591-4d81-abba-87309dc19683","219","22095","1","nysy","13.3","2.2","298","DS","1.3","DS","False","1","I",NA,0,0,NA,NA,"U,B,R","3",NA,"3",NA,NA,NA,NA,NA,NA,"wounded_level_but_wrong_status_or_FAD"
"4551c318-1b6e-46e0-b288-af9962c2b64e","220","22135","1","qual","9.2","11.2","486","AU","1.3","AU","False","3",NA,NA,100,100,NA,"0",NA,"2",NA,"1",NA,NA,NA,NA,NA,NA,"wounded_level_but_wrong_status_or_FAD"
"9d5d6d84-f774-483e-a333-803b1e8d4779","221","22155","1","tiam","19.1","14.7","127","A","1.3","AU","False","1",NA,NA,70,70,NA,"0",NA,"1",NA,NA,NA,NA,NA,NA,NA,NA,"wounded_level_but_wrong_status_or_FAD"
"9d5d6d84-f774-483e-a333-803b1e8d4779","221","22156","1","tiam","19.8","15.1","187","AU","1.3","AU","False","2",NA,NA,70,70,NA,"0",NA,"2",NA,NA,NA,NA,NA,NA,NA,NA,"wounded_level_but_wrong_status_or_FAD"
"9d5d6d84-f774-483e-a333-803b1e8d4779","221","22162","1","quve","4.2","12.1","507","AU","1.3","AU","False","3",NA,NA,80,80,NA,"0",NA,"1",NA,"1",NA,NA,NA,NA,NA,NA,"wounded_level_but_wrong_status_or_FAD"
"99ed197c-77e2-4b19-be33-ce4a20828187","222","22180","1","caca","3","1.9","110","A","1.3","AU","False","1",NA,NA,70,70,40,"0",NA,"1",NA,NA,NA,NA,NA,NA,NA,NA,"wounded_level_but_wrong_status_or_FAD"
"99ed197c-77e2-4b19-be33-ce4a20828187","222","22198","2","tiam","16.1","10.9","160","A","1.3","AU","False","2",NA,NA,80,80,40,"0",NA,"1",NA,"1","tag missing",NA,NA,NA,NA,NA,"wounded_level_but_wrong_status_or_FAD"
"f19f0501-a0c2-43b1-b329-7ef4e10031b4","223","22245","1","fram","9.7","13.4","78","PD","1.3","PD","False","1",NA,NA,0,0,NA,NA,"I",NA,NA,NA,NA,"5","0","VB,W,DE",6,"S","unhealthy_but_wrong_status"
"04643821-6b78-45ab-8496-31bd59b473ee","225","22323","1","cato","6.7","6.7","108","A","1.3","AU","False","3",NA,NA,50,50,NA,"2","B","2",NA,NA,NA,NA,NA,NA,NA,NA,"wounded_level_but_wrong_status_or_FAD"
"fb7cba12-89a3-4c7e-bafa-c1587821184f","226","22331","1","caca","3.6","0.5","105","A","1.3","PD","False","3",NA,NA,0,0,NA,"0","UP","3",NA,NA,NA,NA,NA,NA,NA,NA,"unhealthy_but_wrong_status"
"fb7cba12-89a3-4c7e-bafa-c1587821184f","226","22331","1","caca","3.6","0.5","105","A","1.3","PD","False","3",NA,NA,0,0,NA,"0","UP","3",NA,NA,NA,NA,NA,NA,NA,NA,"wounded_level_but_wrong_status_or_FAD"
"f2d3d710-062b-44aa-b472-de7b3cac74b8","228","22423","1","cato","18.8","0.8","261","DS","1.3","DS","False","1","S",281,0,0,NA,"0","AN","1",NA,NA,NA,NA,NA,NA,NA,NA,"wounded_level_but_wrong_status_or_FAD"
"f2d3d710-062b-44aa-b472-de7b3cac74b8","228","22450","1","saal","11.8","10.9","227","DS","1.3","PD","False","2",NA,NA,0,0,NA,"0","DF",NA,NA,NA,NA,NA,NA,NA,NA,NA,"unhealthy_but_wrong_status"
"f2d3d710-062b-44aa-b472-de7b3cac74b8","228","22466","1","litu","0.6","14.6","100","DS","1.3","PD","False","1",NA,NA,0,0,NA,"0",NA,"3",NA,"3",NA,NA,NA,NA,NA,NA,"unhealthy_but_wrong_status"
"f2d3d710-062b-44aa-b472-de7b3cac74b8","228","22466","1","litu","0.6","14.6","100","DS","1.3","PD","False","1",NA,NA,0,0,NA,"0",NA,"3",NA,"3",NA,NA,NA,NA,NA,NA,"wounded_level_but_wrong_status_or_FAD"
"b2476add-a34f-4a80-a1e6-9fb542cf7b71","229","22503","1","litu","15","12.2","203","PD","1.3","PD","False","1",NA,NA,0,0,NA,"0","UP","3",NA,"3",NA,NA,NA,NA,NA,NA,"unhealthy_but_wrong_status"
"b2476add-a34f-4a80-a1e6-9fb542cf7b71","229","22503","1","litu","15","12.2","203","PD","1.3","PD","False","1",NA,NA,0,0,NA,"0","UP","3",NA,"3",NA,NA,NA,NA,NA,NA,"wounded_level_but_wrong_status_or_FAD"
"ed220a57-a506-40d5-b502-ea2c530a0b83","301","30001","1","fram","1","1.7","503","PD","1.3","PD","False","3",NA,NA,0,0,NA,"0","I","3",NA,NA,NA,"5","0","VB,W,DE",2,NA,"unhealthy_but_wrong_status"
"ed220a57-a506-40d5-b502-ea2c530a0b83","301","30001","1","fram","1","1.7","503","PD","1.3","PD","False","3",NA,NA,0,0,NA,"0","I","3",NA,NA,NA,"5","0","VB,W,DE",2,NA,"wounded_level_but_wrong_status_or_FAD"
"079f6a8f-635d-4a3a-85ce-8a215ef2a753","302","30039","1","fram","4.6","2.7","926","PD","1.3","PD","False","3",NA,NA,0,0,NA,NA,"I",NA,NA,NA,NA,"5","0","VB,W,DE",15,NA,"unhealthy_but_wrong_status"
"079f6a8f-635d-4a3a-85ce-8a215ef2a753","302","30049","1","caca","9.6","7.6","130","A","1.3","AU","False","1",NA,NA,100,90,NA,"0","CR","1",NA,NA,NA,NA,NA,NA,NA,NA,"wounded_level_but_wrong_status_or_FAD"
"079f6a8f-635d-4a3a-85ce-8a215ef2a753","302","30145","1","frni","11.5","16.3","174","PD","1.3","PD","False","1",NA,NA,0,0,NA,"0","I","3",NA,NA,NA,"5",NA,"VB,W",NA,NA,"unhealthy_but_wrong_status"
"079f6a8f-635d-4a3a-85ce-8a215ef2a753","302","30145","1","frni","11.5","16.3","174","PD","1.3","PD","False","1",NA,NA,0,0,NA,"0","I","3",NA,NA,NA,"5",NA,"VB,W",NA,NA,"wounded_level_but_wrong_status_or_FAD"
"e3ef3f97-177c-4277-aa73-cd0150c920d8","303","30151","1","fram","17.4","2.7","716","PD","1.3","PD","False","1",NA,NA,0,0,NA,"0","I",NA,NA,NA,NA,"5","0","W,AS",NA,NA,"unhealthy_but_wrong_status"
"e3ef3f97-177c-4277-aa73-cd0150c920d8","303","30163","1","caco","8.1","12.4","165","AU","1.3","AU","False","1",NA,NA,80,50,NA,"0",NA,"1",NA,NA,NA,NA,NA,NA,NA,NA,"wounded_level_but_wrong_status_or_FAD"
"062a6e5f-5e91-4807-b9f4-d1ef2b73e4c1","304","30070","1","juni","0.3","3.3","431","AU","1.3","PD","False",NA,NA,NA,0,0,NA,"0","B","3",NA,NA,NA,NA,NA,NA,NA,NA,"unhealthy_but_wrong_status"
"062a6e5f-5e91-4807-b9f4-d1ef2b73e4c1","304","30070","1","juni","0.3","3.3","431","AU","1.3","PD","False",NA,NA,NA,0,0,NA,"0","B","3",NA,NA,NA,NA,NA,NA,NA,NA,"wounded_level_but_wrong_status_or_FAD"
"062a6e5f-5e91-4807-b9f4-d1ef2b73e4c1","304","30072","1","fram","4.2","2.4","140","AU","1.3","PD","False","2",NA,NA,0,0,NA,"0","I","3",NA,NA,NA,"5","0","W,AS,VB",NA,NA,"unhealthy_but_wrong_status"
"062a6e5f-5e91-4807-b9f4-d1ef2b73e4c1","304","30072","1","fram","4.2","2.4","140","AU","1.3","PD","False","2",NA,NA,0,0,NA,"0","I","3",NA,NA,NA,"5","0","W,AS,VB",NA,NA,"wounded_level_but_wrong_status_or_FAD"
"c09e0a50-0730-4e07-bf82-e7c9c385fc81","305","30306","1","ceca","3.8","17.9","130","AU","1.3","AU","False","2",NA,NA,50,50,NA,"0","CR,B","3",NA,NA,NA,NA,NA,NA,NA,NA,"wounded_level_but_wrong_status_or_FAD"
"093ea1e7-77a0-4cb9-b273-1a7d26aac27a","307","30343","1","quru","17.9","8","614","PD","1.3","PD","False","4",NA,NA,0,0,NA,"0","W,R",NA,NA,"3",NA,NA,NA,NA,NA,NA,"unhealthy_but_wrong_status"
"093ea1e7-77a0-4cb9-b273-1a7d26aac27a","307","30364","1","fram","8.5","19.4","316","PD","1.3","PD","False",NA,NA,NA,0,0,NA,"0","I",NA,NA,NA,NA,"5","0","VB,W",NA,NA,"unhealthy_but_wrong_status"
"c68a93a2-70ec-4257-94b8-9298de446322","308","30365","1","fram","19.6","1.8","1001","PD","1.3","PD","False","4",NA,NA,40,0,NA,"0","I",NA,NA,NA,NA,"5","0","VB,W,DE",15,NA,"unhealthy_but_wrong_status"
"c68a93a2-70ec-4257-94b8-9298de446322","308","30365","2","fram","19.6","1.8","180","PD","1.3","PD","False","1",NA,NA,80,0,NA,"0","I",NA,NA,NA,NA,"5","0","W,DE",3,NA,"unhealthy_but_wrong_status"
"fe61b6c1-f88b-4d3a-bb52-4f950af50964","309","30388","1","caca","17.3","5.7","182","AU","1.3","DC","False","1","S",186,0,0,NA,"0","L","3",NA,"3",NA,NA,NA,NA,NA,NA,"wounded_level_but_wrong_status_or_FAD"
"7f8b9888-cca5-49c5-aa58-8e03502708cb","313","30448","1","acru","11.9","5.5","363","A","1.3","AU","False","1",NA,NA,80,75,NA,"0","B","1",NA,NA,NA,NA,NA,NA,NA,NA,"wounded_level_but_wrong_status_or_FAD"
"7f8b9888-cca5-49c5-aa58-8e03502708cb","313","30453","1","acru","17.9","12.8","142","A","1.3","DS","False","1","S",150,0,0,NA,"0","CR","3",NA,"2",NA,NA,NA,NA,NA,NA,"wounded_level_but_wrong_status_or_FAD"
"383cf176-def4-42a1-a4fd-67571bfa51f9","314","30468","1","frni","13.4","0.3","158","PD","1.3","PD","False","1",NA,NA,0,0,NA,"0","B,R",NA,NA,NA,NA,"5","0","VB,W",NA,NA,"unhealthy_but_wrong_status"
"cf590ecf-1125-4729-ad34-b5712bc66214","315","30601","1","cagl","12.6","13.3","104","PD","1.3","PD","False","1",NA,NA,20,NA,0,"0","R,B",NA,NA,"3",NA,NA,NA,NA,NA,NA,"unhealthy_but_wrong_status"
"cf590ecf-1125-4729-ad34-b5712bc66214","315","30603","1","nysy","19.6","16.9","119","PD","1.3","PD","False","1",NA,NA,0,0,NA,"0","B,R,DF","3",NA,"3",NA,NA,NA,NA,NA,NA,"unhealthy_but_wrong_status"
"cf590ecf-1125-4729-ad34-b5712bc66214","315","30603","1","nysy","19.6","16.9","119","PD","1.3","PD","False","1",NA,NA,0,0,NA,"0","B,R,DF","3",NA,"3",NA,NA,NA,NA,NA,NA,"wounded_level_but_wrong_status_or_FAD"
"3ed529d7-acaa-47a1-a3e3-b9bc737f92fe","316","30574","1","cato","11.7","8.3","131","A","1.3","AU","False","2",NA,NA,50,50,NA,"0","B","2",NA,NA,NA,NA,NA,NA,NA,NA,"wounded_level_but_wrong_status_or_FAD"
"cc651402-1f66-4ca1-8ecb-3c8fd9a717e1","317","32002","1","quve","7.4","0.3","390","A","1.3","A","False","1",NA,NA,80,80,NA,"0",NA,"1",NA,NA,NA,NA,NA,NA,NA,NA,"unhealthy_but_wrong_status"
"cc651402-1f66-4ca1-8ecb-3c8fd9a717e1","317","32002","1","quve","7.4","0.3","390","A","1.3","A","False","1",NA,NA,80,80,NA,"0",NA,"1",NA,NA,NA,NA,NA,NA,NA,NA,"wounded_level_but_wrong_status_or_FAD"
"787757b2-c575-45a9-8311-637acd9002c3","319","32077","2","acru","11.2","3.4","128","DC","1.3","PD","False","1",NA,NA,0,0,90,"0","UP",NA,NA,"3",NA,NA,NA,NA,NA,NA,"unhealthy_but_wrong_status"
"787757b2-c575-45a9-8311-637acd9002c3","319","32081","1","frni","10.9","10.5","255","DS","1.3","PD","False","1",NA,NA,20,0,NA,"0","I",NA,NA,NA,NA,"5","0","W,VB,DE",3,NA,"unhealthy_but_wrong_status"
"787757b2-c575-45a9-8311-637acd9002c3","319","32087","1","caca","2","20","108","AU","1.3","AU","False","1",NA,NA,100,100,NA,"0","CR","1",NA,NA,NA,NA,NA,NA,NA,NA,"wounded_level_but_wrong_status_or_FAD"
"32cbb6e1-7a16-4899-92d0-438710b4f855","320","32098","1","caca","18.1","4.3","154","DS","1.3","PD","False","3",NA,NA,0,0,NA,"0","DF,R",NA,NA,NA,NA,NA,NA,NA,NA,NA,"unhealthy_but_wrong_status"
"6db3fd49-520f-4813-8077-2d064fb77d97","322","32170","1","quru","10.6","6.9","437","PD","1.3","PD","False","1",NA,NA,0,0,NA,"0","R","3",NA,"3",NA,NA,NA,NA,NA,NA,"unhealthy_but_wrong_status"
"6db3fd49-520f-4813-8077-2d064fb77d97","322","32170","1","quru","10.6","6.9","437","PD","1.3","PD","False","1",NA,NA,0,0,NA,"0","R","3",NA,"3",NA,NA,NA,NA,NA,NA,"wounded_level_but_wrong_status_or_FAD"
"6db3fd49-520f-4813-8077-2d064fb77d97","322","32177","1","quve","19.2","16.2","631","PD","1.3","PD","False","4",NA,NA,0,0,NA,"0","R,W","3",NA,"3",NA,NA,NA,NA,NA,NA,"unhealthy_but_wrong_status"
"6db3fd49-520f-4813-8077-2d064fb77d97","322","32177","1","quve","19.2","16.2","631","PD","1.3","PD","False","4",NA,NA,0,0,NA,"0","R,W","3",NA,"3",NA,NA,NA,NA,NA,NA,"wounded_level_but_wrong_status_or_FAD"
"0db2a088-e9ad-4cba-9740-303e97431c7a","324","32281","1","litu","16.8","17.7","271","DS","1.3","PD","False","1",NA,NA,0,0,NA,"0","B","3",NA,NA,NA,NA,NA,NA,NA,NA,"unhealthy_but_wrong_status"
"0db2a088-e9ad-4cba-9740-303e97431c7a","324","32281","1","litu","16.8","17.7","271","DS","1.3","PD","False","1",NA,NA,0,0,NA,"0","B","3",NA,NA,NA,NA,NA,NA,NA,NA,"wounded_level_but_wrong_status_or_FAD"
"af735d25-e193-4e56-ad6a-f8d6af726b73","327","32381","1","qupr","4.6","12.8","872","A","1.3","A","False","3",NA,NA,80,80,NA,"0",NA,"1",NA,NA,NA,NA,NA,NA,NA,NA,"unhealthy_but_wrong_status"
"af735d25-e193-4e56-ad6a-f8d6af726b73","327","32381","1","qupr","4.6","12.8","872","A","1.3","A","False","3",NA,NA,80,80,NA,"0",NA,"1",NA,NA,NA,NA,NA,NA,NA,NA,"wounded_level_but_wrong_status_or_FAD"
"7dbae089-0511-431f-b08c-e81c3ee25d95","328","32396","1","quru","20","8.3","606","A","1.3","AU","False","3",NA,NA,80,70,NA,"0","U","1",NA,NA,"epicormic branches",NA,NA,NA,NA,NA,"wounded_level_but_wrong_status_or_FAD"
"7dbae089-0511-431f-b08c-e81c3ee25d95","328","32398","1","litu","15.7","9.9","132","DS","1.3","PD","False","1",NA,NA,0,0,NA,"0","DF",NA,NA,NA,NA,NA,NA,NA,NA,NA,"unhealthy_but_wrong_status"
"9902b4d6-f9ff-468a-aaa5-2bb25a33b31c","330","32486","1","caovl","3","14.2","514","PD","1.3","PD","False","3",NA,NA,30,0,NA,"0","R",NA,NA,"3",NA,NA,NA,NA,NA,NA,"unhealthy_but_wrong_status"
"490c5bbb-c222-4750-b098-8f949145e601","331","32508","1","litu","9.1","13.5","103","PD","1.3","PD","False","1",NA,NA,0,0,NA,"0","B","3",NA,NA,NA,NA,NA,NA,NA,NA,"unhealthy_but_wrong_status"
"490c5bbb-c222-4750-b098-8f949145e601","331","32508","1","litu","9.1","13.5","103","PD","1.3","PD","False","1",NA,NA,0,0,NA,"0","B","3",NA,NA,NA,NA,NA,NA,NA,NA,"wounded_level_but_wrong_status_or_FAD"
"f5954a1a-e195-40ed-a577-1a524feb790d","332","32540","1","qupr","19.9","15.6","865","A","1.3","AU","False","3",NA,NA,85,80,NA,"0","B","1",NA,NA,NA,NA,NA,NA,NA,NA,"wounded_level_but_wrong_status_or_FAD"
"b7768755-33f3-4fab-8003-32ca9490647e","401","40038","1","frni","10.8","5.3","123","PD","1.3","PD","False","1",NA,NA,0,0,NA,"0","I","3",NA,NA,NA,"5","0","VB,W",NA,NA,"unhealthy_but_wrong_status"
"b7768755-33f3-4fab-8003-32ca9490647e","401","40038","1","frni","10.8","5.3","123","PD","1.3","PD","False","1",NA,NA,0,0,NA,"0","I","3",NA,NA,NA,"5","0","VB,W",NA,NA,"wounded_level_but_wrong_status_or_FAD"
"2c83480b-e6fe-417e-b4d6-1e6df41c27f3","402","40111","1","fram","4.1","12","117","PD","1.3","PD","False","1",NA,NA,0,0,NA,"0","I",NA,NA,NA,NA,"5","0","W,VB",NA,"S","unhealthy_but_wrong_status"
"6495a27a-95b3-4007-a6ba-2b9f43b2af13","403","40131","1","fram","5.2","1","635","DS","1.3","PD","False","4",NA,NA,40,0,NA,"0","I",NA,NA,NA,NA,"5","0","VB,W,DE",3,NA,"unhealthy_but_wrong_status"
"9bd247b3-16f2-479b-90dc-446446db62f8","409","40599","1","ceca","0.9","5.9","131","PD","1.3","PD","False","1",NA,NA,0,0,NA,"0","UP","3",NA,"3",NA,NA,NA,NA,NA,NA,"unhealthy_but_wrong_status"
"9bd247b3-16f2-479b-90dc-446446db62f8","409","40599","1","ceca","0.9","5.9","131","PD","1.3","PD","False","1",NA,NA,0,0,NA,"0","UP","3",NA,"3",NA,NA,NA,NA,NA,NA,"wounded_level_but_wrong_status_or_FAD"
"a7eaae26-f7ec-46c3-a6a4-34f5b10c413e","411","40853","2","fram","14.5","19","302","PD","1.3","PD","False","3",NA,NA,0,0,NA,"0","B,I,R","3",NA,"3",NA,"5","0","AS,VB,W,DE",7,NA,"unhealthy_but_wrong_status"
"a7eaae26-f7ec-46c3-a6a4-34f5b10c413e","411","40853","2","fram","14.5","19","302","PD","1.3","PD","False","3",NA,NA,0,0,NA,"0","B,I,R","3",NA,"3",NA,"5","0","AS,VB,W,DE",7,NA,"wounded_level_but_wrong_status_or_FAD"
"a9467770-d757-4bac-9ba3-2776fdadc6d4","413","40888","1","fram","14.2","3","163","DS","1.3","PD","False","1",NA,NA,50,0,NA,"0","I",NA,NA,NA,NA,"5","0","W,VB",NA,NA,"unhealthy_but_wrong_status"
"a9467770-d757-4bac-9ba3-2776fdadc6d4","413","40891","1","fram","11.4","2.5","NA","PD","1.3","PD","False","3",NA,NA,0,0,NA,"0","I",NA,NA,"2",NA,"5","0","W,VB,DE",6,NA,"unhealthy_but_wrong_status"
"a9467770-d757-4bac-9ba3-2776fdadc6d4","413","40900","1","caca","9.2","19.9","162","AU","1.3","AU","False","1",NA,NA,100,80,80,"0","S","2",NA,NA,NA,NA,NA,NA,NA,NA,"wounded_level_but_wrong_status_or_FAD"
"a9467770-d757-4bac-9ba3-2776fdadc6d4","413","40925","1","tiam","4.6","7.8","401","AU","1.4","DS","False","1","I",405,0,0,NA,"0","B","3",NA,NA,NA,NA,NA,NA,NA,NA,"wounded_level_but_wrong_status_or_FAD"
"a9467770-d757-4bac-9ba3-2776fdadc6d4","413","40927","1","frni","9.4","9.4","122","PD","1.3","PD","False","1",NA,NA,0,0,NA,"0","I",NA,NA,NA,NA,"5","0","VB,W,DE",2,NA,"unhealthy_but_wrong_status"
"8c698cff-9c45-4757-85d0-7f94ebd89907","414","40952","1","caco","11.5","7.3","615","PD","1.3","PD","False","3",NA,NA,0,0,NA,"0","R",NA,NA,"3",NA,NA,NA,NA,NA,NA,"unhealthy_but_wrong_status"
"8feb52de-6aea-49ca-848a-22e5022edacb","415","41006","1","fram","17.3","14.5","NA","PD","1.3","PD","False","1",NA,NA,0,0,NA,"0","UP",NA,NA,"3",NA,NA,NA,NA,NA,NA,"unhealthy_but_wrong_status"
"bba5c606-e90a-4fa2-9cae-81759939c956","416","41032","1","fram","13.8","14.8","116","PD","1.3","PD","False","3",NA,NA,0,0,NA,"0","I",NA,NA,"3",NA,"5","0","W",NA,NA,"unhealthy_but_wrong_status"
"dead2eb9-3a08-41c0-9364-577faa9338fb","419","42075","1","juni","0.6","6.1","477","A","1.3","AU","False","3",NA,NA,90,90,NA,"0","B","1",NA,NA,NA,NA,NA,NA,NA,NA,"wounded_level_but_wrong_status_or_FAD"
"bc2f478d-86f2-4288-bf00-6f13c0f9601e","420","42093","1","litu","10","2.6","384","A","1.3","AU","False","3",NA,NA,70,70,NA,"0","B","2",NA,NA,NA,NA,NA,NA,NA,NA,"wounded_level_but_wrong_status_or_FAD"
"13fd50e8-60b2-450d-8cb4-e3bcd9c5d5ae","421","42146","1","cato","14.4","16.7","217","A","1.3","AU","False","1",NA,NA,75,75,NA,"0","B","2",NA,NA,NA,NA,NA,NA,NA,NA,"wounded_level_but_wrong_status_or_FAD"
"d2c3b9b3-453c-426d-9cb6-94bbead7ff78","423","42226","1","litu","13.7","19.9","110","PD","1.3","PD","False","1",NA,NA,0,0,NA,"0","R",NA,"3",NA,NA,NA,NA,NA,NA,NA,"unhealthy_but_wrong_status"
"053eeaa2-d8f0-4efd-affe-c5a4eae22477","424","42245","1","litu","3.6","6.4","171","PD","1.3","PD","False","1",NA,NA,5,0,NA,"0","DF,R",NA,NA,"2",NA,NA,NA,NA,NA,NA,"unhealthy_but_wrong_status"
"7d1157cb-79fe-4995-a6ae-306cf5d17a5b","425","42285","1","ceca","1.6","7.7","115","PD","1.3","PD","False","1",NA,NA,0,0,NA,"0","R",NA,NA,"3",NA,NA,NA,NA,NA,NA,"unhealthy_but_wrong_status"
"7d1157cb-79fe-4995-a6ae-306cf5d17a5b","425","42304","1","quve","3.4","11.2","359","PD","1.3","PD","False","1",NA,NA,0,0,NA,"0","R",NA,NA,"3",NA,NA,NA,NA,NA,NA,"unhealthy_but_wrong_status"
"e1f49027-0864-46ce-afcb-c5f041026eb1","427","42357","1","litu","5.3","7.8","100","A","1.3","AU","False","1",NA,NA,60,55,NA,"0","B","2",NA,NA,NA,NA,NA,NA,NA,NA,"wounded_level_but_wrong_status_or_FAD"
"ee51ab07-7d65-40f6-8b40-2af7da7eb7aa","428","42389","1","qupr","1.2","5.1","387","A","1.3","A","False","1",NA,NA,80,80,NA,"0",NA,"1",NA,NA,NA,NA,NA,NA,NA,NA,"unhealthy_but_wrong_status"
"ee51ab07-7d65-40f6-8b40-2af7da7eb7aa","428","42389","1","qupr","1.2","5.1","387","A","1.3","A","False","1",NA,NA,80,80,NA,"0",NA,"1",NA,NA,NA,NA,NA,NA,NA,NA,"wounded_level_but_wrong_status_or_FAD"
"2cf9c52a-bb9a-407c-8b63-d257d5fe5cd1","429","42503","1","juni","3.1","0.5","388","A","1.3","AU","False","1",NA,NA,80,60,NA,"0","B","1",NA,NA,NA,NA,NA,NA,NA,NA,"wounded_level_but_wrong_status_or_FAD"
"2cf9c52a-bb9a-407c-8b63-d257d5fe5cd1","429","42522","1","quru","5.2","13.3","113","A","1.3","AU","False","1",NA,NA,60,60,NA,"0","B","1",NA,NA,NA,NA,NA,NA,NA,NA,"wounded_level_but_wrong_status_or_FAD"
"825b2e18-f351-40fb-8980-c5d4a4486890","431","42557","1","quve","0.2","7.7","632","DS","1.3","PD","False","4",NA,NA,80,0,NA,"0","DF,R",NA,NA,NA,NA,NA,NA,NA,NA,NA,"unhealthy_but_wrong_status"
"a49a8828-b322-48ad-86cb-14599b8671ba","432","42582","1","fagr","7.2","7.6","387","PD","1.3","PD","False","1",NA,NA,0,0,NA,"0","B,W,R","3",NA,"3",NA,NA,NA,NA,NA,NA,"unhealthy_but_wrong_status"
"a49a8828-b322-48ad-86cb-14599b8671ba","432","42582","1","fagr","7.2","7.6","387","PD","1.3","PD","False","1",NA,NA,0,0,NA,"0","B,W,R","3",NA,"3",NA,NA,NA,NA,NA,NA,"wounded_level_but_wrong_status_or_FAD"
"a49a8828-b322-48ad-86cb-14599b8671ba","432","42604","1","cagl","6.8","14.7","512","DS","1.3","PD","False","1",NA,NA,0,0,NA,"0","B,AN","3",NA,"3",NA,NA,NA,NA,NA,NA,"unhealthy_but_wrong_status"
"a49a8828-b322-48ad-86cb-14599b8671ba","432","42604","1","cagl","6.8","14.7","512","DS","1.3","PD","False","1",NA,NA,0,0,NA,"0","B,AN","3",NA,"3",NA,NA,NA,NA,NA,NA,"wounded_level_but_wrong_status_or_FAD"
"e9c39561-4e0e-42c7-a952-6e40321ad6aa","501","50025","1","fram","11.1","11.3","NA","PD","1.3","PD","False","1",NA,NA,0,0,NA,"0","I",NA,NA,NA,NA,"5","0","W,VB",NA,NA,"unhealthy_but_wrong_status"
"25c00a1f-a572-4b4d-9fe2-da16f1baa9b9","502","50160","1","fram","7.4","11","908","DS","1.3","PD","False","4",NA,NA,40,0,NA,"0","I",NA,NA,NA,NA,"5","2","W,DE",15,NA,"unhealthy_but_wrong_status"
"25c00a1f-a572-4b4d-9fe2-da16f1baa9b9","502","50160","1","fram","7.4","11","908","DS","1.3","PD","False","4",NA,NA,40,0,NA,"0","I",NA,NA,NA,NA,"5","2","W,DE",15,NA,"epicormic_growth_but_not_AU"
"25c00a1f-a572-4b4d-9fe2-da16f1baa9b9","502","50162","1","fram","4.2","16","652","PD","1.3","PD","False","3",NA,NA,40,0,45,"0","I",NA,NA,NA,NA,"5","0","W,DE",10,NA,"unhealthy_but_wrong_status"
"25c00a1f-a572-4b4d-9fe2-da16f1baa9b9","502","50202","1","fram","13","5.9","485","PD","1.3","PD","False","3",NA,NA,0,0,NA,"0","I",NA,NA,NA,NA,"5",NA,"VB,AS,W,DE",3,NA,"unhealthy_but_wrong_status"
"8f45fc5b-4998-4ba1-be1e-52f3506e2fb2","509","50387","1","caca","2.5","4.8","119","PD","1.3","PD","False","1",NA,NA,0,0,NA,"0","R","2",NA,NA,NA,NA,NA,NA,NA,NA,"unhealthy_but_wrong_status"
"8f45fc5b-4998-4ba1-be1e-52f3506e2fb2","509","50387","1","caca","2.5","4.8","119","PD","1.3","PD","False","1",NA,NA,0,0,NA,"0","R","2",NA,NA,NA,NA,NA,NA,NA,NA,"wounded_level_but_wrong_status_or_FAD"
"8f45fc5b-4998-4ba1-be1e-52f3506e2fb2","509","50473","1","juni","13.9","15.7","326","AU","1.3","PD","False","1",NA,NA,0,0,NA,"0","UP","3",NA,"3","tree fell in road and was cut up, moved to side",NA,NA,NA,NA,NA,"unhealthy_but_wrong_status"
"8f45fc5b-4998-4ba1-be1e-52f3506e2fb2","509","50473","1","juni","13.9","15.7","326","AU","1.3","PD","False","1",NA,NA,0,0,NA,"0","UP","3",NA,"3","tree fell in road and was cut up, moved to side",NA,NA,NA,NA,NA,"wounded_level_but_wrong_status_or_FAD"
"c227ad29-88d9-494f-894c-6a474638fa22","510","50479","1","fram","15.4","12.5","415","DS","1.3","PD","False","1",NA,NA,0,0,NA,"0","I","3",NA,"3",NA,"5","0","AS,W,DE",2,NA,"unhealthy_but_wrong_status"
"c227ad29-88d9-494f-894c-6a474638fa22","510","50479","1","fram","15.4","12.5","415","DS","1.3","PD","False","1",NA,NA,0,0,NA,"0","I","3",NA,"3",NA,"5","0","AS,W,DE",2,NA,"wounded_level_but_wrong_status_or_FAD"
"c227ad29-88d9-494f-894c-6a474638fa22","510","50488","1","caco","19.6","19.4","354","PD","1.3","PD","False","3",NA,NA,0,0,NA,"0","B","3",NA,NA,NA,NA,NA,NA,NA,NA,"unhealthy_but_wrong_status"
"c227ad29-88d9-494f-894c-6a474638fa22","510","50488","1","caco","19.6","19.4","354","PD","1.3","PD","False","3",NA,NA,0,0,NA,"0","B","3",NA,NA,NA,NA,NA,NA,NA,NA,"wounded_level_but_wrong_status_or_FAD"
"2cd42b29-aa03-4c64-b46b-35383b7b951a","514","50638","1","litu","20","7.4","193","DS","1.4","PD","False","3",NA,NA,40,0,NA,"0","R,DF",NA,NA,NA,NA,NA,NA,NA,NA,NA,"unhealthy_but_wrong_status"
"6ffc37b5-bc89-4213-bfc2-3ba32bb72b6c","516","50678","1","frni","19.9","6","160","PD","1.3","PD","False","1",NA,NA,0,0,NA,"0","I",NA,NA,"3",NA,"5","0","VB,W",NA,NA,"unhealthy_but_wrong_status"
"c4b37e4f-5cd2-4944-a553-6fdc28aec9a5","518","52029","1","fram","4.1","0.5","309","DS","1.3","PD","False","3",NA,NA,40,0,NA,"0","I",NA,NA,NA,NA,"5","0","AS,DE,W",4,NA,"unhealthy_but_wrong_status"
"78934c6f-3a21-421f-a0de-32e6bfc25c7c","519","52096","1","caca","1.5","13.6","100","A","1.3","A","False","1",NA,NA,100,85,NA,"0","W","2",NA,NA,NA,NA,NA,NA,NA,NA,"unhealthy_but_wrong_status"
"78934c6f-3a21-421f-a0de-32e6bfc25c7c","519","52096","1","caca","1.5","13.6","100","A","1.3","A","False","1",NA,NA,100,85,NA,"0","W","2",NA,NA,NA,NA,NA,NA,NA,NA,"wounded_level_but_wrong_status_or_FAD"
"a7e4aca2-e4ed-43fa-a6e2-842ad937f7f0","523","52237","1","litu","3.6","12.3","338","PD","1.3","PD","False","1",NA,NA,0,0,NA,"0","B","3",NA,NA,NA,NA,NA,NA,NA,NA,"unhealthy_but_wrong_status"
"a7e4aca2-e4ed-43fa-a6e2-842ad937f7f0","523","52237","1","litu","3.6","12.3","338","PD","1.3","PD","False","1",NA,NA,0,0,NA,"0","B","3",NA,NA,NA,NA,NA,NA,NA,NA,"wounded_level_but_wrong_status_or_FAD"
"bf8ccddc-47f9-4bba-a2c6-caacb8153879","524","52246","1","litu","20","17.9","100","PD","1.3","PD","False","1",NA,NA,0,0,NA,NA,"B","3",NA,NA,NA,NA,NA,NA,NA,NA,"unhealthy_but_wrong_status"
"bf8ccddc-47f9-4bba-a2c6-caacb8153879","524","52246","1","litu","20","17.9","100","PD","1.3","PD","False","1",NA,NA,0,0,NA,NA,"B","3",NA,NA,NA,NA,NA,NA,NA,NA,"wounded_level_but_wrong_status_or_FAD"
"3be4af69-1162-4af0-ab55-9e24279e5e41","526","52302","1","cato","19.7","16.2","228","PD","1.3","PD","False","1",NA,NA,0,0,NA,"0","DF,R","3",NA,"3",NA,NA,NA,NA,NA,NA,"unhealthy_but_wrong_status"
"3be4af69-1162-4af0-ab55-9e24279e5e41","526","52302","1","cato","19.7","16.2","228","PD","1.3","PD","False","1",NA,NA,0,0,NA,"0","DF,R","3",NA,"3",NA,NA,NA,NA,NA,NA,"wounded_level_but_wrong_status_or_FAD"
"3be4af69-1162-4af0-ab55-9e24279e5e41","526","52304","1","cato","10.6","11.8","102","DS","1.3","PD","False","1",NA,NA,0,0,NA,"0","DF",NA,NA,NA,NA,NA,NA,NA,NA,NA,"unhealthy_but_wrong_status"
"3be4af69-1162-4af0-ab55-9e24279e5e41","526","52307","1","litu","9.3","16.3","167","DS","1.3","PD","False","1",NA,NA,0,0,NA,"0","DF",NA,NA,NA,NA,NA,NA,NA,NA,NA,"unhealthy_but_wrong_status"
"2a5d29bd-a292-4440-9675-421a49c575a2","527","52326","1","quru","13.7","16.5","271","PD","1.3","PD","False","1",NA,NA,0,0,NA,"0","R",NA,NA,NA,NA,NA,NA,NA,NA,NA,"unhealthy_but_wrong_status"
"2a5d29bd-a292-4440-9675-421a49c575a2","527","52330","1","qupr","5.9","10.6","406","PD","1.3","PD","False","1",NA,NA,0,0,NA,"0","UP",NA,NA,NA,NA,NA,NA,NA,NA,NA,"unhealthy_but_wrong_status"
"389dcf1a-5f4a-4c2b-826b-039506bc33c9","528","52343","1","quru","16.2","2.4","397","PD","1.3","PD","False",NA,NA,NA,0,0,NA,"0","R",NA,NA,NA,NA,NA,NA,NA,NA,NA,"unhealthy_but_wrong_status"
"fae7f076-cc09-4e21-9556-efcb7458c88d","530","52389","1","caovl","7.1","9.1","304","DS","1.3","PD","False","1",NA,NA,20,0,NA,"0","R",NA,NA,NA,NA,NA,NA,NA,NA,NA,"unhealthy_but_wrong_status"
"fae7f076-cc09-4e21-9556-efcb7458c88d","530","52401","1","litu","8.3","16.4","143","DS","1.3","PD","False","1",NA,NA,40,0,NA,"0","DF",NA,NA,NA,NA,NA,NA,NA,NA,NA,"unhealthy_but_wrong_status"
"2904b697-cbfa-4bac-b2a0-dfc8e252bbab","602","60023","1","qupr","14.3","2.3","172","DS","1.3","PD","False","1",NA,NA,0,0,NA,"0","R",NA,NA,"3",NA,NA,NA,NA,NA,NA,"unhealthy_but_wrong_status"
"2904b697-cbfa-4bac-b2a0-dfc8e252bbab","602","60024","1","amar","12.1","5.5","122","A","1.3","DC","False","1","S",128,20,0,90,"0","UP,R","2",NA,"1",NA,NA,NA,NA,NA,NA,"wounded_level_but_wrong_status_or_FAD"
"401ce73b-9faf-49d1-9370-9cf5b01097b1","610","60407","1","cato","1","14","299","PD","1.3","PD","False","1",NA,NA,0,0,NA,"0","R",NA,NA,NA,NA,NA,NA,NA,NA,NA,"unhealthy_but_wrong_status"
"c4579375-c5f2-4af3-8e62-ae49aac0ddad","613","60555","1","acru","19.8","9.7","287","AU","1.3","A","False","2",NA,NA,50,95,NA,"0","B","3",NA,NA,NA,NA,NA,NA,NA,NA,"unhealthy_but_wrong_status"
"c4579375-c5f2-4af3-8e62-ae49aac0ddad","613","60555","1","acru","19.8","9.7","287","AU","1.3","A","False","2",NA,NA,50,95,NA,"0","B","3",NA,NA,NA,NA,NA,NA,NA,NA,"wounded_level_but_wrong_status_or_FAD"
"c3c3a239-ef00-4504-b105-3645fbf14c27","614","60449","1","acru","7.8","4.7","170","AU","1.3","DC","False","1","S",172,0,0,90,"0","UP,R","3",NA,"3",NA,NA,NA,NA,NA,NA,"wounded_level_but_wrong_status_or_FAD"
"c3c3a239-ef00-4504-b105-3645fbf14c27","614","60455","1","frni","4.4","13.5","140","PD","1.3","PD","False","1",NA,NA,0,0,NA,"0","R,UP","3",NA,"3",NA,NA,NA,NA,NA,NA,"unhealthy_but_wrong_status"
"c3c3a239-ef00-4504-b105-3645fbf14c27","614","60455","1","frni","4.4","13.5","140","PD","1.3","PD","False","1",NA,NA,0,0,NA,"0","R,UP","3",NA,"3",NA,NA,NA,NA,NA,NA,"wounded_level_but_wrong_status_or_FAD"
"c3c3a239-ef00-4504-b105-3645fbf14c27","614","60562","1","fagr","19","8.7","157","DS","1.3","PD","False","1",NA,NA,70,0,NA,"0","DF",NA,NA,NA,NA,NA,NA,NA,NA,NA,"unhealthy_but_wrong_status"
"c3c3a239-ef00-4504-b105-3645fbf14c27","614","60570","1","caco","15.2","16.7","440","PD","1.3","PD","False","1",NA,NA,0,0,NA,"0","B,HS,R","3",NA,"3",NA,NA,NA,NA,NA,NA,"unhealthy_but_wrong_status"
"c3c3a239-ef00-4504-b105-3645fbf14c27","614","60570","1","caco","15.2","16.7","440","PD","1.3","PD","False","1",NA,NA,0,0,NA,"0","B,HS,R","3",NA,"3",NA,NA,NA,NA,NA,NA,"wounded_level_but_wrong_status_or_FAD"
"c3c3a239-ef00-4504-b105-3645fbf14c27","614","60571","1","caca","12","17.4","127","AU","1.3","AU","False","1",NA,NA,40,40,90,"0","CR,UP","3",NA,"1",NA,NA,NA,NA,NA,NA,"wounded_level_but_wrong_status_or_FAD"
"052a5b07-fb00-4526-a134-25355745c398","616","60474","1","fram","1.6","9.6","300","AU","1.3","PD","False","1",NA,NA,0,0,NA,"0","B","3",NA,"3",NA,"5","0","AS,VB,W,DE",2,NA,"unhealthy_but_wrong_status"
"052a5b07-fb00-4526-a134-25355745c398","616","60474","1","fram","1.6","9.6","300","AU","1.3","PD","False","1",NA,NA,0,0,NA,"0","B","3",NA,"3",NA,"5","0","AS,VB,W,DE",2,NA,"wounded_level_but_wrong_status_or_FAD"
"052a5b07-fb00-4526-a134-25355745c398","616","60494","1","cato","10.5","10.4","241","DS","1.3","PD","False","3",NA,NA,40,0,NA,"0","DF",NA,NA,NA,NA,NA,NA,NA,NA,NA,"unhealthy_but_wrong_status"
"052a5b07-fb00-4526-a134-25355745c398","616","60595","1","fram","16","3.1","411","DS","1.3","PD","False","3",NA,NA,40,0,NA,"0","I","3",NA,"2",NA,"5","0","AS,VB,DE",9,NA,"unhealthy_but_wrong_status"
"052a5b07-fb00-4526-a134-25355745c398","616","60595","1","fram","16","3.1","411","DS","1.3","PD","False","3",NA,NA,40,0,NA,"0","I","3",NA,"2",NA,"5","0","AS,VB,DE",9,NA,"wounded_level_but_wrong_status_or_FAD"
"291aaf45-8814-4af1-acd1-9fcaf338f36d","619","62100","1","cato","0.8","5.1","121","PD","1.3","PD","False","1",NA,NA,0,0,NA,"0","UP,CR","3",NA,"3",NA,NA,NA,NA,NA,NA,"unhealthy_but_wrong_status"
"291aaf45-8814-4af1-acd1-9fcaf338f36d","619","62100","1","cato","0.8","5.1","121","PD","1.3","PD","False","1",NA,NA,0,0,NA,"0","UP,CR","3",NA,"3",NA,NA,NA,NA,NA,NA,"wounded_level_but_wrong_status_or_FAD"
"291aaf45-8814-4af1-acd1-9fcaf338f36d","619","62122","1","cato","5.1","12","122","AU","1.3","AU","False","1",NA,NA,40,40,NA,"0","B","2",NA,NA,NA,NA,NA,NA,NA,NA,"wounded_level_but_wrong_status_or_FAD"
"e89cf782-4b27-468e-be91-e9911f2cd0b0","620","62148","1","qual","10.4","14.8","350","DS","1.3","PD","False","3",NA,NA,50,0,NA,"0","R",NA,NA,"3",NA,NA,NA,NA,NA,NA,"unhealthy_but_wrong_status"
"ce7dfd13-8b0e-45ac-8273-6e6577f56e88","621","62172","1","cagl","11.3","9.1","213","PD","1.3","PD","False","1",NA,NA,0,0,NA,"0","UP","3",NA,"3",NA,NA,NA,NA,NA,NA,"unhealthy_but_wrong_status"
"ce7dfd13-8b0e-45ac-8273-6e6577f56e88","621","62172","1","cagl","11.3","9.1","213","PD","1.3","PD","False","1",NA,NA,0,0,NA,"0","UP","3",NA,"3",NA,NA,NA,NA,NA,NA,"wounded_level_but_wrong_status_or_FAD"
"640fe952-b58b-4116-834a-64fb8156044f","622","62224","1","litu","3.2","17.3","1059","A","1.3","AU","False","3",NA,NA,90,85,NA,"0","B","2",NA,NA,NA,NA,NA,NA,NA,NA,"wounded_level_but_wrong_status_or_FAD"
"c5bd7df6-fd18-4e8a-bfb1-c26c039c8190","623","62241","2","litu","13.9","0.7","142","DS","1.3","PD","False","1",NA,NA,0,0,NA,"0","DF",NA,NA,NA,NA,NA,NA,NA,NA,NA,"unhealthy_but_wrong_status"
"c5bd7df6-fd18-4e8a-bfb1-c26c039c8190","623","62247","1","cato","18.2","11","589","A","1.3","AU","False","3",NA,NA,85,85,NA,"0","B","2",NA,NA,NA,NA,NA,NA,NA,NA,"wounded_level_but_wrong_status_or_FAD"
"c5bd7df6-fd18-4e8a-bfb1-c26c039c8190","623","62253","1","cato","11.9","16.1","491","PD","1.3","PD","False","1",NA,NA,0,0,NA,"0","B,R","3",NA,"3",NA,NA,NA,NA,NA,NA,"unhealthy_but_wrong_status"
"c5bd7df6-fd18-4e8a-bfb1-c26c039c8190","623","62253","1","cato","11.9","16.1","491","PD","1.3","PD","False","1",NA,NA,0,0,NA,"0","B,R","3",NA,"3",NA,NA,NA,NA,NA,NA,"wounded_level_but_wrong_status_or_FAD"
"892555ab-a021-4623-907d-3947bd662498","624","62261","1","litu","4.7","4.9","157","PD","1.3","PD","False","1",NA,NA,NA,0,NA,"0","CR,R",NA,NA,"3",NA,NA,NA,NA,NA,NA,"unhealthy_but_wrong_status"
"892555ab-a021-4623-907d-3947bd662498","624","62266","1","cagl","2.1","4.7","101","PD","1.3","PD","False","1",NA,NA,0,0,NA,"0","CR",NA,NA,NA,NA,NA,NA,NA,NA,NA,"unhealthy_but_wrong_status"
"892555ab-a021-4623-907d-3947bd662498","624","62267","1","cagl","18","5.2","244","PD","1.3","PD","False","1",NA,NA,0,0,NA,"0","R",NA,NA,"3",NA,NA,NA,NA,NA,NA,"unhealthy_but_wrong_status"
"892555ab-a021-4623-907d-3947bd662498","624","62267","1","cagl","18","5.2","244","PD","1.3","DN","False",NA,NA,NA,NA,NA,NA,NA,NA,NA,NA,NA,NA,NA,NA,NA,NA,NA,"unhealthy_but_wrong_status"
"892555ab-a021-4623-907d-3947bd662498","624","62275","1","cagl","17.6","13.9","430","A","1.3","AU","False","3",NA,NA,100,95,NA,"0","R","2",NA,"2",NA,NA,NA,NA,NA,NA,"wounded_level_but_wrong_status_or_FAD"
"89ca277a-7e1b-4e77-a200-be4609d8dc27","627","62342","1","litu","13.3","11.4","161","PD","1.3","PD","False","1",NA,NA,0,0,NA,"0","DF,R",NA,NA,"3",NA,NA,NA,NA,NA,NA,"unhealthy_but_wrong_status"
"89ca277a-7e1b-4e77-a200-be4609d8dc27","627","62348","1","cagl","14.9","19.8","236","DS","1.3","PD","False","1",NA,NA,70,0,NA,"0","DF",NA,NA,NA,NA,NA,NA,NA,NA,NA,"unhealthy_but_wrong_status"
"ec2e5459-9d51-4860-96da-9ccdc0d08a1f","628","62369","1","cato","14","11.9","293","PD","1.3","PD","False",NA,NA,NA,0,0,NA,"0","R,UP",NA,NA,"3",NA,NA,NA,NA,NA,NA,"unhealthy_but_wrong_status"
"ec2e5459-9d51-4860-96da-9ccdc0d08a1f","628","62373","1","qupr","14","12.4","286","A","1.3","A","False","2",NA,NA,100,80,NA,"0","R",NA,NA,"1",NA,NA,NA,NA,NA,NA,"unhealthy_but_wrong_status"
"ec960fa1-9d2e-4446-8095-6cc96c2f25d6","630","62417","1","quve","8.9","17","958","DS","1.3","PD","False","3",NA,NA,40,0,NA,"0","R,W","3",NA,"3",NA,NA,NA,NA,NA,NA,"unhealthy_but_wrong_status"
"ec960fa1-9d2e-4446-8095-6cc96c2f25d6","630","62417","1","quve","8.9","17","958","DS","1.3","PD","False","3",NA,NA,40,0,NA,"0","R,W","3",NA,"3",NA,NA,NA,NA,NA,NA,"wounded_level_but_wrong_status_or_FAD"
"0ba912e4-9e96-4476-99fb-b8b1f5c586c3","631","62440","1","quve","19","19.5","772","DS","1.3","PD","False","1",NA,NA,0,0,NA,"0","B,R","3",NA,"3",NA,NA,NA,NA,NA,NA,"unhealthy_but_wrong_status"
"0ba912e4-9e96-4476-99fb-b8b1f5c586c3","631","62440","1","quve","19","19.5","772","DS","1.3","PD","False","1",NA,NA,0,0,NA,"0","B,R","3",NA,"3",NA,NA,NA,NA,NA,NA,"wounded_level_but_wrong_status_or_FAD"
"a622505b-022f-4091-ae12-7b6b476c4efe","632","62454","1","quve","14.7","18.8","953","AU","1.3","AU","False","3",NA,NA,70,49,NA,"0","R,B","2",NA,"2",NA,NA,NA,NA,NA,NA,"wounded_level_but_wrong_status_or_FAD"
"e559a48d-8271-4eb3-8b8e-e3d7ab395713","701","70004","1","cofl","1.4","5.1","169","A","1.3","DC","False","1","S",170,0,0,NA,"0","UP,R","3",NA,"3",NA,NA,NA,NA,NA,NA,"wounded_level_but_wrong_status_or_FAD"
"e559a48d-8271-4eb3-8b8e-e3d7ab395713","701","70208","1","fram","12.3","2","253","PD","1.3","PD","False","1",NA,NA,0,0,NA,"0","I,B","3",NA,NA,NA,"5","0","W,VB,DE",4,NA,"unhealthy_but_wrong_status"
"e559a48d-8271-4eb3-8b8e-e3d7ab395713","701","70208","1","fram","12.3","2","253","PD","1.3","PD","False","1",NA,NA,0,0,NA,"0","I,B","3",NA,NA,NA,"5","0","W,VB,DE",4,NA,"wounded_level_but_wrong_status_or_FAD"
"ed63f198-3ee5-494d-b1c2-29cb13c80b6d","715","70601","1","qual","18.9","6.4","166","PD","1.3","PD","False",NA,NA,NA,0,0,NA,"0","B","3",NA,NA,NA,NA,NA,NA,NA,NA,"unhealthy_but_wrong_status"
"ed63f198-3ee5-494d-b1c2-29cb13c80b6d","715","70601","1","qual","18.9","6.4","166","PD","1.3","PD","False",NA,NA,NA,0,0,NA,"0","B","3",NA,NA,NA,NA,NA,NA,NA,NA,"wounded_level_but_wrong_status_or_FAD"
"404843ca-33b7-4ce4-b127-849cc4861227","717","72008","1","quru","5.3","5.9","594","PD","1.3","PD","False","3",NA,NA,40,0,NA,"0","R",NA,NA,NA,NA,NA,NA,NA,NA,NA,"unhealthy_but_wrong_status"
"404843ca-33b7-4ce4-b127-849cc4861227","717","72037","1","quru","17","11.3","359","AU","1.3","AU","False","3",NA,NA,60,50,NA,"0","B,R","2",NA,NA,NA,NA,NA,NA,NA,NA,"wounded_level_but_wrong_status_or_FAD"
"404843ca-33b7-4ce4-b127-849cc4861227","717","72060","1","quve","2.5","16.6","568","PD","1.3","PD","False","1",NA,NA,0,0,NA,"0",NA,NA,NA,"3",NA,NA,NA,NA,NA,NA,"unhealthy_but_wrong_status"
"3a3cc48b-eb29-4837-bf64-cd4f76c7df84","720","72142","1","quve","8.6","8.9","370","DS","1.3","PD","False","3",NA,NA,45,0,NA,"0",NA,NA,NA,"3",NA,NA,NA,NA,NA,NA,"unhealthy_but_wrong_status"
"f9ee8d4e-650a-4c77-ac3c-7597d386fd32","722","72241","1","cagl","8.2","13.9","112","PD","1.3","PD","False","1",NA,NA,0,0,NA,"0",NA,NA,NA,"3",NA,NA,NA,NA,NA,NA,"unhealthy_but_wrong_status"
"47597583-387e-4ca4-9712-a08d85a3a602","723","72254","1","litu","18.3","13.4","139","PD","1.3","PD","False",NA,NA,NA,0,0,NA,"0","CR",NA,NA,NA,NA,NA,NA,NA,NA,NA,"unhealthy_but_wrong_status"
"491580a3-7fe1-4ae1-9b8b-80080d807204","724","72274","1","litu","9.8","5.8","165","PD","1.3","PD","False","1",NA,NA,0,0,NA,"0","B,R","3",NA,"3",NA,NA,NA,NA,NA,NA,"unhealthy_but_wrong_status"
"491580a3-7fe1-4ae1-9b8b-80080d807204","724","72274","1","litu","9.8","5.8","165","PD","1.3","PD","False","1",NA,NA,0,0,NA,"0","B,R","3",NA,"3",NA,NA,NA,NA,NA,NA,"wounded_level_but_wrong_status_or_FAD"
"491580a3-7fe1-4ae1-9b8b-80080d807204","724","72282","1","litu","15.2","10.2","157","DS","1.3","PD","False","1",NA,NA,30,0,NA,"0","DF",NA,NA,NA,NA,NA,NA,NA,NA,NA,"unhealthy_but_wrong_status"
"491580a3-7fe1-4ae1-9b8b-80080d807204","724","72289","1","cagl","6.7","10.2","441","A","1.3","AU","False","3",NA,NA,80,75,NA,"0","B","1",NA,NA,NA,NA,NA,NA,NA,NA,"wounded_level_but_wrong_status_or_FAD"
"14e454e4-1674-4b3e-8ecc-bc904494e1dd","725","72307","1","litu","15.2","11.8","151","PD","1.3","PD","False","2",NA,NA,0,0,NA,"0","R,B","3",NA,"2",NA,NA,NA,NA,NA,NA,"unhealthy_but_wrong_status"
"14e454e4-1674-4b3e-8ecc-bc904494e1dd","725","72307","1","litu","15.2","11.8","151","PD","1.3","PD","False","2",NA,NA,0,0,NA,"0","R,B","3",NA,"2",NA,NA,NA,NA,NA,NA,"wounded_level_but_wrong_status_or_FAD"
"14e454e4-1674-4b3e-8ecc-bc904494e1dd","725","72308","1","qual","15.2","13.3","662","A","1.3","AU","False","3",NA,NA,80,75,NA,"0","B,CR","2",NA,NA,NA,NA,NA,NA,NA,NA,"wounded_level_but_wrong_status_or_FAD"
"e6ba5ceb-9d8e-44d1-9cdd-21e5d2cc6ef6","727","72345","1","litu","15.1","3.6","191","PD","1.3","PD","False",NA,NA,NA,0,0,NA,"0","B",NA,NA,NA,NA,NA,NA,NA,NA,NA,"unhealthy_but_wrong_status"
"9bdc32e7-9f74-46f1-92e5-6e7584386c4a","728","72359","1","cagl","8.7","9.5","120","DS","1.3","PD","False","1",NA,NA,30,0,NA,"0","DF,R",NA,NA,NA,NA,NA,NA,NA,NA,NA,"unhealthy_but_wrong_status"
"bd4d5447-1222-463d-9b56-1988a0b6763d","801","80005","1","fram","1.9","12.4","714","PD","1.2","PD","False","4",NA,NA,30,0,NA,"0","I",NA,NA,NA,NA,"5","0","AS,VB,W,DE",20,NA,"unhealthy_but_wrong_status"
"bd4d5447-1222-463d-9b56-1988a0b6763d","801","80121","1","quve","8.8","19.2","112","A","1.3","AU","False","1",NA,NA,100,30,NA,"0","R","1",NA,"1",NA,NA,NA,NA,NA,NA,"wounded_level_but_wrong_status_or_FAD"
"223b1d04-8f5c-42b2-9c7b-ff5bad8c53d1","815","80573","1","cato","2.6","4.8","116","A","1.3","A","False","2",NA,NA,100,100,NA,"0",NA,NA,NA,NA,NA,NA,NA,NA,NA,NA,"unhealthy_but_wrong_status"
"23f4a54c-6998-4b55-9f8b-01d59e665cfe","815","80573","1","cato","142.60001","284.79999","116","A","1.3","A","False","1",NA,NA,100,100,NA,"0","W","1",NA,NA,NA,NA,NA,NA,NA,NA,"unhealthy_but_wrong_status"
"223b1d04-8f5c-42b2-9c7b-ff5bad8c53d1","815","80573","1","cato","2.6","4.8","116","A","1.3","A","False","2",NA,NA,100,100,NA,"0",NA,NA,NA,NA,NA,NA,NA,NA,NA,NA,"wounded_level_but_wrong_status_or_FAD"
"23f4a54c-6998-4b55-9f8b-01d59e665cfe","815","80573","1","cato","142.60001","284.79999","116","A","1.3","A","False","1",NA,NA,100,100,NA,"0","W","1",NA,NA,NA,NA,NA,NA,NA,NA,"wounded_level_but_wrong_status_or_FAD"
"223b1d04-8f5c-42b2-9c7b-ff5bad8c53d1","815","80579","1","cagl","11.8","11.1","529","A","1.3","A","False","4",NA,NA,100,100,NA,"0",NA,NA,NA,NA,NA,NA,NA,NA,NA,NA,"unhealthy_but_wrong_status"
"23f4a54c-6998-4b55-9f8b-01d59e665cfe","815","80579","1","cagl","151.8","291.10001","529","A","1.3","A","False","2",NA,NA,95,95,NA,"0","B","2",NA,NA,NA,NA,NA,NA,NA,NA,"unhealthy_but_wrong_status"
"223b1d04-8f5c-42b2-9c7b-ff5bad8c53d1","815","80579","1","cagl","11.8","11.1","529","A","1.3","A","False","4",NA,NA,100,100,NA,"0",NA,NA,NA,NA,NA,NA,NA,NA,NA,NA,"wounded_level_but_wrong_status_or_FAD"
"23f4a54c-6998-4b55-9f8b-01d59e665cfe","815","80579","1","cagl","151.8","291.10001","529","A","1.3","A","False","2",NA,NA,95,95,NA,"0","B","2",NA,NA,NA,NA,NA,NA,NA,NA,"wounded_level_but_wrong_status_or_FAD"
"223b1d04-8f5c-42b2-9c7b-ff5bad8c53d1","815","80580","1","acru","19.8","10.2","332","A","1.3","A","False","3",NA,NA,100,100,NA,"0",NA,NA,NA,NA,NA,NA,NA,NA,NA,NA,"unhealthy_but_wrong_status"
"23f4a54c-6998-4b55-9f8b-01d59e665cfe","815","80580","1","acru","159.8","290.20001","332","A","1.3","A","False","2",NA,NA,95,95,NA,"0","B",NA,NA,NA,NA,NA,NA,NA,NA,NA,"unhealthy_but_wrong_status"
"223b1d04-8f5c-42b2-9c7b-ff5bad8c53d1","815","80582","1","prav","17.6","14.7","261","A","1.3","A","False","3",NA,NA,100,100,NA,"1",NA,NA,NA,NA,NA,NA,NA,NA,NA,NA,"unhealthy_but_wrong_status"
"23f4a54c-6998-4b55-9f8b-01d59e665cfe","815","80582","1","prav","157.60001","294.70001","261","A","1.3","A","False","2",NA,NA,100,100,NA,"2","K",NA,"1",NA,NA,NA,NA,NA,NA,NA,"unhealthy_but_wrong_status"
"23463380-182c-43a9-82de-4bdc2d12eb85","816","80694","1","juni","4.4","4.3","463","A","1.3","AU","False","4",NA,NA,90,90,NA,"0","AN",NA,NA,NA,"Heavy woodpecker activity, possible insect infection",NA,NA,NA,NA,NA,"unhealthy_but_wrong_status"
"ee488b9e-3db5-4a7e-9475-23ebb6f223c5","816","80694","1","juni","144.39999","304.29999","463","A","1.3","A","False","3",NA,NA,90,90,NA,"0",NA,"1",NA,NA,"sapsucker holes",NA,NA,NA,NA,NA,"unhealthy_but_wrong_status"
"23463380-182c-43a9-82de-4bdc2d12eb85","816","80694","1","juni","4.4","4.3","463","A","1.3","AU","False","4",NA,NA,90,90,NA,"0","AN",NA,NA,NA,"Heavy woodpecker activity, possible insect infection",NA,NA,NA,NA,NA,"wounded_level_but_wrong_status_or_FAD"
"ee488b9e-3db5-4a7e-9475-23ebb6f223c5","816","80694","1","juni","144.39999","304.29999","463","A","1.3","A","False","3",NA,NA,90,90,NA,"0",NA,"1",NA,NA,"sapsucker holes",NA,NA,NA,NA,NA,"wounded_level_but_wrong_status_or_FAD"
"ee488b9e-3db5-4a7e-9475-23ebb6f223c5","816","80775","1","fram","150.89999","319.89999","341","DS","1.3","DS","False","3","I",349,75,0,NA,"0","I,F","2",NA,"2",NA,"5","0","DE,W",4,NA,"wounded_level_but_wrong_status_or_FAD"
"62108cf2-7ff1-4a5e-a39e-9bb4062dff21","817","82025","1","acru","15.8","10.2","116","AU","1.3","AU","False","1",NA,NA,100,0,NA,"0","CR,W,B","2",NA,NA,"Barely alive",NA,NA,NA,NA,NA,"wounded_level_but_wrong_status_or_FAD"
"39ffa218-e7f7-4bb5-90c0-748fbb855bb5","817","82025","1","acru","155.8","330.20001","116","AU","1.3","AU","False","1",NA,NA,75,10,90,"0","B,CR","2",NA,NA,NA,NA,NA,NA,NA,NA,"wounded_level_but_wrong_status_or_FAD"
"62108cf2-7ff1-4a5e-a39e-9bb4062dff21","817","82039","1","nysy","10.7","11.9","112","A","1.3","A","False","1",NA,NA,100,100,NA,"0",NA,NA,NA,NA,NA,NA,NA,NA,NA,NA,"unhealthy_but_wrong_status"
"bc26dc05-e609-490f-99b5-f5090c138b64","817","82039","1","nysy","150.7","331.89999","112","A","1.3","A","False","1",NA,NA,100,100,NA,"0",NA,NA,"1",NA,NA,NA,NA,NA,NA,NA,"unhealthy_but_wrong_status"
"df359034-2bf7-4048-a721-43e0ce79f059","829","82368","1","litu","16.8","3.4","1004","A","1.3","AU","False","3",NA,NA,95,75,NA,"0","B","1",NA,NA,NA,NA,NA,NA,NA,NA,"wounded_level_but_wrong_status_or_FAD"
"3a64a3be-a80b-4bec-93e5-a3fb3fa12bc4","916","90715","1","frni","167.10001","308.10001","NA","PD","1.3","PD","False","2",NA,NA,0,0,NA,"0","I",NA,NA,NA,NA,"5","0","DE,VB",4,NA,"unhealthy_but_wrong_status"
"f12e2ddd-bf96-4710-b354-3d41e9e16b74","917","92006","1","fram","166.3","321.39999","546","PD","1.3","PD","False","3",NA,NA,30,0,NA,"0","I",NA,NA,"2",NA,"5","0","DE,VB",18,"CD","unhealthy_but_wrong_status"
"19f4ac8e-8750-45f3-9f68-f0159ffdc97a","920","92131","1","saal","169.89999","385.5","305","DC","1.3","DC","False","1","S",305,0,0,NA,"0","UP","3",NA,NA,NA,NA,NA,NA,NA,NA,"wounded_level_but_wrong_status_or_FAD"
"d9603e91-a9cf-4157-8428-be0318fe9a3c","921","92206","1","quru","2.4","17","220","PD","1.3","PD","False","1",NA,NA,0,0,NA,"0","UP",NA,NA,NA,NA,NA,NA,NA,NA,NA,"unhealthy_but_wrong_status"
"d4d5297f-9035-45f5-9da2-2a73c5d1838d","924","92351","1","litu","0.5","5.4","146","PD","1.3","PD","False","1",NA,NA,0,0,NA,"0",NA,"3",NA,"3",NA,NA,NA,NA,NA,NA,"unhealthy_but_wrong_status"
"d4d5297f-9035-45f5-9da2-2a73c5d1838d","924","92351","1","litu","0.5","5.4","146","PD","1.3","PD","False","1",NA,NA,0,0,NA,"0",NA,"3",NA,"3",NA,NA,NA,NA,NA,NA,"wounded_level_but_wrong_status_or_FAD"
"d4d5297f-9035-45f5-9da2-2a73c5d1838d","924","92362","1","litu","18","7.2","346","PD","1.3","PD","False","1",NA,NA,0,0,NA,"0",NA,"3",NA,NA,NA,NA,NA,NA,NA,NA,"unhealthy_but_wrong_status"
"d4d5297f-9035-45f5-9da2-2a73c5d1838d","924","92362","1","litu","18","7.2","346","PD","1.3","PD","False","1",NA,NA,0,0,NA,"0",NA,"3",NA,NA,NA,NA,NA,NA,NA,NA,"wounded_level_but_wrong_status_or_FAD"
"d4d5297f-9035-45f5-9da2-2a73c5d1838d","924","92381","1","ceca","7.5","13","145","DS","1.3","PD","False",NA,NA,NA,0,0,NA,"0",NA,"3",NA,"3",NA,NA,NA,NA,NA,NA,"unhealthy_but_wrong_status"
"d4d5297f-9035-45f5-9da2-2a73c5d1838d","924","92381","1","ceca","7.5","13","145","DS","1.3","PD","False",NA,NA,NA,0,0,NA,"0",NA,"3",NA,"3",NA,NA,NA,NA,NA,NA,"wounded_level_but_wrong_status_or_FAD"
"7c43f851-c495-409e-b067-32f0546c3016","925","92384","1","litu","2.2","1.5","125","PD","1.3","PD","False","1",NA,NA,30,0,NA,"0","R",NA,NA,"2",NA,NA,NA,NA,NA,NA,"unhealthy_but_wrong_status"
"bb020cc7-82c1-4037-8f9b-6c2c676379bb","926","92442","1","litu","0.8","13.4","192","PD","1.3","PD","False",NA,NA,NA,0,0,NA,"0",NA,NA,NA,"3",NA,NA,NA,NA,NA,NA,"unhealthy_but_wrong_status"
"8a104c4f-88fd-4ff3-b276-5ed2ac12c14a","927","92455","1","caovl","18.7","13.6","119","PD","1.3","PD","False","1",NA,NA,0,0,NA,"0",NA,NA,NA,"3",NA,NA,NA,NA,NA,NA,"unhealthy_but_wrong_status"
"8a104c4f-88fd-4ff3-b276-5ed2ac12c14a","927","92458","1","fram","10.4","15.9","63","A","1.3","A","False","1",NA,NA,100,98,NA,"0","I",NA,NA,NA,NA,"1","0","none",NA,"S","unhealthy_but_wrong_status"
"d00711fc-bf51-4213-be63-ebaf51c0ca0b","929","92501","1","litu","18.1","3.3","187","PD","1.3","PD","False","1",NA,NA,0,0,NA,"0",NA,NA,NA,"3",NA,NA,NA,NA,NA,NA,"unhealthy_but_wrong_status"
