OBJECTID,quadrat,tag,StemTag,sp,hom,dbh_2023,status_2023,codes_2023,notes_2023,living_status_2023,fad_2023,wound_2023,rot_2023,canker_2023,dbh_if_dead_2023,dbh_if_dead,status_2024,living_status_2024,crown_position_2024,crown_intact,crown_living,fad_choices,fad_2024,liana_load,wound_2024,rot_2024,canker_2024,lean_angle,lean_direction,dead_with_resprout,crown_check,dead_dbh_check,comment_mortality_2024,dbh_dead_2024,GlobalID,EditDate,Editor,mort_census_status,dbh_verified
1,103,10160,2,acru,1.3,635,LI,,,AU,"B,R,F",NA,2,NA,NA,,,,,,,,,,,,,,,,,,,,134f0720-9004-45f2-b03c-be999a0c88c1,3/19/2024 4:37:01 PM,shuej21,not started,
2,105,10263,2,acne,1.3,140,LI,,,AU,W,1,NA,NA,NA,,,,,,,,,,,,,,,,,,,,075537e1-771a-407b-88fe-7c4a97012d41,3/19/2024 4:37:01 PM,shuej21,not started,
3,110,10494,2,havi,1.3,105,LI,,,AU,"W,HS,K",2,NA,1,NA,,,,,,,,,,,,,,,,,,,,ebc6b6dd-9b02-43f2-ae95-3a1afa76fa6b,3/19/2024 4:37:01 PM,shuej21,not started,
4,109,10550,2,caca,1.3,115,LI,,,AU,"W,R",3,3,NA,NA,,,,,,,,,,,,,,,,,,,,5745ff3f-12a1-4c36-bf7b-c631f5e75645,3/19/2024 4:37:01 PM,shuej21,not started,
5,102,10704,2,cato,1.3,337,LI,,,AU,K,NA,NA,1,NA,,,,,,,,,,,,,,,,,,,,a3d8a633-6f56-4460-929b-f647d3479b90,3/19/2024 4:37:01 PM,shuej21,not started,
6,101,12130,2,tiam,1.3,209,LI,,,A,,NA,NA,NA,NA,,,,,,,,,,,,,,,,,,,,3c8431fd-bb1a-4754-a76b-440b5f26a218,3/19/2024 4:37:01 PM,shuej21,not started,
7,101,12165,2,nysy,1.3,132,LI,,Stem tag 2,,,NA,NA,NA,NA,,,,,,,,,,,,,,,,,,,,528c47cc-c5e2-4e13-a6a1-00fc755fd35e,3/19/2024 4:37:01 PM,shuej21,not started,
8,101,12178,2,tiam,1.3,365,LI,,,A,,NA,NA,NA,NA,,,,,,,,,,,,,,,,,,,,da31f9f8-3fd4-43e0-a2f9-4498a09debdc,3/19/2024 4:37:01 PM,shuej21,not started,
9,123,12211,2,caca,1.1,188,LI,,,,,NA,NA,NA,NA,,,,,,,,,,,,,,,,,,,,b6106c59-8620-4854-85e9-599fd45a90fe,3/19/2024 4:37:01 PM,shuej21,not started,
10,124,12233,5,havi,1.3,102,LI,DV,Error measures for the 20218 census,,,NA,NA,NA,NA,,,,,,,,,,,,,,,,,,,,69225341-55b9-4b73-8f62-1f696395c46c,3/19/2024 4:37:01 PM,shuej21,not started,
11,124,12233,6,havi,1.3,112,LI,,,,,NA,NA,NA,NA,,,,,,,,,,,,,,,,,,,,08ffa0de-3764-48a3-a544-0b288cbd5454,3/19/2024 4:37:01 PM,shuej21,not started,
12,101,12249,2,caca,1.3,121,LI,,,AU,W,2,NA,NA,NA,,,,,,,,,,,,,,,,,,,,625a7af0-9210-4fa5-9626-d9b7c1f08ab9,3/19/2024 4:37:01 PM,shuej21,not started,
13,101,12334,2,havi,1.3,120,LI,DV,This stem was very large and did have white wire,,,NA,NA,NA,NA,,,,,,,,,,,,,,,,,,,,a6e16716-125f-4bb3-a061-5786084c7938,3/19/2024 4:37:01 PM,shuej21,not started,
14,101,12413,2,litu,1.3,375,LI,,,A,,NA,NA,NA,NA,,,,,,,,,,,,,,,,,,,,307d52ca-dc75-4087-93a0-53e84cad1126,3/19/2024 4:37:01 PM,shuej21,not started,
15,130,12474,2,litu,1.3,122,LI,,,A,,NA,NA,NA,NA,,,,,,,,,,,,,,,,,,,,ba4d10a4-38a4-47a1-aea0-2c3eab2391c6,3/19/2024 4:37:01 PM,shuej21,not started,
16,104,13426,2,acne,1.3,136,LI,DV,,,,NA,NA,NA,NA,,,,,,,,,,,,,,,,,,,,86753e63-62c1-467d-8dec-6add0aa7684a,3/19/2024 4:37:01 PM,shuej21,not started,
17,206,20533,2,caca,1.3,119,LI,DV,Has ID tag,A,,NA,NA,NA,NA,,,,,,,,,,,,,,,,,,,,a42e78ae-5db1-4007-8921-c80ed33146f2,3/19/2024 4:37:01 PM,shuej21,not started,
18,207,20564,2,caca,1.3,109,LI,,,,,NA,NA,NA,NA,,,,,,,,,,,,,,,,,,,,1e8d523f-a2cb-48db-9909-5815295ca182,3/19/2024 4:37:01 PM,shuej21,not started,
19,217,22004,2,litu,1.3,285,LI,,,A,,NA,NA,NA,NA,,,,,,,,,,,,,,,,,,,,0039f6e0-4b04-445d-987e-130c019254c5,3/19/2024 4:37:01 PM,shuej21,not started,
20,220,22123,2,tiam,1.3,328,LI,,,A,,NA,NA,NA,NA,,,,,,,,,,,,,,,,,,,,ae4a38b1-c818-4532-a0e9-553aa4f3c5fb,3/19/2024 4:37:01 PM,shuej21,not started,
21,222,22178,2,tiam,1.3,310,LI,,,A,,NA,NA,NA,NA,,,,,,,,,,,,,,,,,,,,0d3ce998-b74c-462b-b94c-a2a8205a7e22,3/19/2024 4:37:01 PM,shuej21,not started,
22,222,22186,2,tiam,1.3,345,LI,,,A,,NA,NA,NA,NA,,,,,,,,,,,,,,,,,,,,3b592fd5-fa8c-45db-9358-e13b2f3a573f,3/19/2024 4:37:01 PM,shuej21,not started,
23,224,22255,2,caca,1.3,104,LI,,,,,NA,NA,NA,NA,,,,,,,,,,,,,,,,,,,,d2fdce9d-f8d2-440b-88ef-5c392d67bbb9,3/19/2024 4:37:01 PM,shuej21,not started,
24,226,22349,2,litu,1.3,659,LI,,,,,NA,NA,NA,NA,,,,,,,,,,,,,,,,,,,,03532c23-c5b0-4ed5-b0fb-d7063a447ae9,3/19/2024 4:37:01 PM,shuej21,not started,
25,231,22613,2,litu,1.3,136,LI,M,,,,NA,NA,NA,NA,,,,,,,,,,,,,,,,,,,,4eda0ba3-51e2-49d9-920c-293a229e5510,3/19/2024 4:37:01 PM,shuej21,not started,
26,302,30052,2,caca,1.3,102,LI,,,A,,NA,NA,NA,NA,,,,,,,,,,,,,,,,,,,,44913df2-4166-4b07-bbcf-018f8dd4e3c4,3/19/2024 4:37:01 PM,shuej21,not started,
27,303,30059,2,caca,1.4,116,LI,L,,AU,"UP,HS,W",2,NA,NA,NA,,,,,,,,,,,,,,,,,,,,58aacb30-a5bb-4f78-8281-e0f7f0101bf1,3/19/2024 4:37:01 PM,shuej21,not started,
28,304,30095,2,qupr,1.3,211,LI,,,AU,K,NA,NA,2,NA,,,,,,,,,,,,,,,,,,,,bb636d0e-0579-493f-bd65-a162f789f4e2,3/19/2024 4:37:01 PM,shuej21,not started,
29,305,30220,2,qupr,1.3,375,LI,,,A,,NA,NA,NA,NA,,,,,,,,,,,,,,,,,,,,e33f0b60-84ef-4f20-9bb7-bede877d3f7b,3/19/2024 4:37:01 PM,shuej21,not started,
30,307,30339,2,litu,1.3,557,LI,,,A,,NA,NA,NA,NA,,,,,,,,,,,,,,,,,,,,7d4bacb8-092a-40ae-b7e7-4666f3822b3c,3/19/2024 4:37:01 PM,shuej21,not started,
31,307,30339,3,litu,1.3,162,LI,,,A,,NA,NA,NA,NA,,,,,,,,,,,,,,,,,,,,5fef4caf-ebeb-4374-84cc-efc280865bfa,3/19/2024 4:37:01 PM,shuej21,not started,
32,307,30362,2,caca,1.3,115,LI,,,AU,"K,W",1,NA,1,NA,,,,,,,,,,,,,,,,,,,,ed438b46-f17f-4fb2-b645-847b6ff07804,3/19/2024 4:37:01 PM,shuej21,not started,
33,307,30363,2,litu,1.3,165,LI,,,A,,NA,NA,NA,NA,,,,,,,,,,,,,,,,,,,,75d7acd8-bd3f-4e5a-836a-dbe02220573a,3/19/2024 4:37:01 PM,shuej21,not started,
34,317,32031,2,cagl,1.3,135,LI,,,A,,NA,NA,NA,NA,,,,,,,,,,,,,,,,,,,,7c2c18d9-b1ff-4546-8e33-2759eaabb443,3/19/2024 4:37:01 PM,shuej21,not started,
35,318,32050,2,tiam,1.3,144,LI,,,AU,W,3,NA,NA,NA,,,,,,,,,,,,,,,,,,,,ac9d472a-2591-4e71-a9da-1900c5a5cf52,3/19/2024 4:37:01 PM,shuej21,not started,
36,319,32086,2,caca,1.3,103,LI,,,,,NA,NA,NA,NA,,,,,,,,,,,,,,,,,,,,13af2675-65af-4e2f-8925-5fde5c605c5c,3/19/2024 4:37:01 PM,shuej21,not started,
37,320,32116,2,tiam,1.3,140,LI,,,,,NA,NA,NA,NA,,,,,,,,,,,,,,,,,,,,986c8897-ec8d-4af2-9e21-2f8ac00a8aaf,3/19/2024 4:37:01 PM,shuej21,not started,
38,322,32180,2,tiam,1.3,192,LI,,,A,,NA,NA,NA,NA,,,,,,,,,,,,,,,,,,,,d7c99095-b13f-477b-8e25-b20e4655dbb6,3/19/2024 4:37:01 PM,shuej21,not started,
39,327,32366,2,litu,2.3,372,LI,"BT,A",Ladder needed to measure - western most stem,,,NA,NA,NA,NA,,,,,,,,,,,,,,,,,,,,24daa4d5-9821-4b15-9406-20b6d4de0865,3/19/2024 4:37:01 PM,shuej21,not started,
40,327,32366,4,litu,1.3,532,LI,"BT,DV",Ladder needed to measure,,,NA,NA,NA,NA,,,,,,,,,,,,,,,,,,,,9406e8c6-0ed4-4e61-8e74-e51b8660d175,3/19/2024 4:37:01 PM,shuej21,not started,
41,329,32417,2,litu,1.3,663,LI,,,,,NA,NA,NA,NA,,,,,,,,,,,,,,,,,,,,4f36103d-310e-45a6-a6f5-a20077d18f9b,3/19/2024 4:37:01 PM,shuej21,not started,
42,401,40024,2,juni,1.3,266,LI,,,A,,NA,NA,NA,NA,,,,,,,,,,,,,,,,,,,,2e72ce47-5049-4c27-a339-9d12f5d61489,3/19/2024 4:37:01 PM,shuej21,not started,
43,401,40028,2,ploc,1.3,412,LI,,,A,,NA,NA,NA,NA,,,,,,,,,,,,,,,,,,,,9f941655-691d-45e9-8025-06bbad2d245f,3/19/2024 4:37:01 PM,shuej21,not started,
44,401,40028,3,ploc,1.3,396,LI,,,A,,NA,NA,NA,NA,,,,,,,,,,,,,,,,,,,,e624ca76-0115-49bd-b081-238a02ab7c57,3/19/2024 4:37:01 PM,shuej21,not started,
45,409,40664,2,caco,2.3,392,LI,A,Ladder needed to measure,A,,NA,NA,NA,NA,,,,,,,,,,,,,,,,,,,,bdcf95b9-edab-4521-8fe6-b7ce68ac5ce0,3/19/2024 4:37:01 PM,shuej21,not started,
46,412,40873,2,fagr,1.3,181,LI,DV,This stem wasnâ€™t in the database but had been sprayed previously,,,NA,NA,NA,NA,,,,,,,,,,,,,,,,,,,,7eed6b2f-f0d5-4229-8b54-309cd6cabc1c,3/19/2024 4:37:01 PM,shuej21,not started,
47,413,40925,2,tiam,1.4,183,LI,,,A,,NA,NA,NA,NA,,,,,,,,,,,,,,,,,,,,bec428a7-dbfb-419f-a365-ae7d998b7a2a,3/19/2024 4:37:01 PM,shuej21,not started,
48,413,40925,3,tiam,1.3,295,LI,,Stem tag added; stem order doesnâ€™t make sense with dbh but continued for consistency,A,,NA,NA,NA,NA,,,,,,,,,,,,,,,,,,,,3d527da9-0ee1-4d77-8085-094e7ef950c0,3/19/2024 4:37:01 PM,shuej21,not started,
49,413,40925,4,tiam,1.3,311,LI,,Stem tag added,A,,NA,NA,NA,NA,,,,,,,,,,,,,,,,,,,,38399e7f-5706-4c2e-833f-0268d3f11e4e,3/19/2024 4:37:01 PM,shuej21,not started,
50,413,40941,2,litu,2.1,622,LI,"I,A","Not sure if Big tree, Bark peeling out",AU,R,NA,3,NA,NA,,,,,,,,,,,,,,,,,,,,bf20b497-4916-4099-9e88-da84ce497573,3/19/2024 4:37:01 PM,shuej21,not started,
51,415,40969,2,tiam,1.3,323,LI,"P,I,RT,X",Stem is cracked and lying down but not completely detached from roots,,,NA,NA,NA,NA,,,,,,,,,,,,,,,,,,,,e1dfe2bc-d446-4810-a7b4-96e7437f4ef7,3/19/2024 4:37:01 PM,shuej21,not started,
52,415,40972,2,litu,1.3,721,LI,,,A,,NA,NA,NA,NA,,,,,,,,,,,,,,,,,,,,e8f32565-05c9-4335-8e6d-3975cd6ec06c,3/19/2024 4:37:01 PM,shuej21,not started,
53,415,40978,2,caca,1.3,129,LI,DV,Was sprayed but not in database,,,NA,NA,NA,NA,,,,,,,,,,,,,,,,,,,,96646805-6d80-4905-92be-30f940b6d443,3/19/2024 4:37:01 PM,shuej21,not started,
54,417,42020,2,ploc,1.3,422,LI,,,A,,NA,NA,NA,NA,,,,,,,,,,,,,,,,,,,,cb9c5ff2-79bc-4802-80a2-e6f719ce5160,3/19/2024 4:37:01 PM,shuej21,not started,
55,431,42567,2,caovl,1.3,218,LI,,,A,,NA,NA,NA,NA,,,,,,,,,,,,,,,,,,,,56ad5887-0f5b-4bdc-a11e-0d83e2ed4479,3/19/2024 4:37:01 PM,shuej21,not started,
56,501,50019,2,ploc,1.3,113,LI,,,A,,NA,NA,NA,NA,,,,,,,,,,,,,,,,,,,,6bad64f3-8580-4aa4-bcf9-80dc8982596d,3/19/2024 4:37:01 PM,shuej21,not started,
57,503,50169,2,caca,1.4,101,LI,,,,,NA,NA,NA,NA,,,,,,,,,,,,,,,,,,,,39a607ee-d6a8-4b26-9ba9-9ea6d86516ec,3/19/2024 4:37:01 PM,shuej21,not started,
58,503,50217,2,qupr,1.3,306,LI,"I,DV",,A,,NA,NA,NA,NA,,,,,,,,,,,,,,,,,,,,747d16a3-de10-4136-93d9-43146b3d7014,3/19/2024 4:37:01 PM,shuej21,not started,
59,503,50231,2,nysy,1.3,143,LI,,,AU,"W,R,HS",1,1,NA,NA,,,,,,,,,,,,,,,,,,,,91c9fac1-6900-4d4f-8b04-2e2bfda9237f,3/19/2024 4:37:01 PM,shuej21,not started,
60,509,50469,2,caco,1.3,446,LI,,,AU,K,NA,NA,2,NA,,,,,,,,,,,,,,,,,,,,5cef3520-4dca-4912-b7e2-055be29e54e2,3/19/2024 4:37:01 PM,shuej21,not started,
61,509,50469,3,caco,1.3,406,LI,,Northernmost stem,AU,K,NA,NA,2,NA,,,,,,,,,,,,,,,,,,,,795818c8-bce3-402a-9a5f-5e33575e9442,3/19/2024 4:37:01 PM,shuej21,not started,
62,509,50474,2,litu,1.3,350,LI,,Appears to be only stem,A,,NA,NA,NA,NA,,,,,,,,,,,,,,,,,,,,40cecb74-978f-48de-ba8c-95b0b1772ab1,3/19/2024 4:37:01 PM,shuej21,not started,
63,510,50484,2,quru,1.3,449,LI,,,A,,NA,NA,NA,NA,,,,,,,,,,,,,,,,,,,,52e62953-ddc5-4156-b424-6bebb53e3304,3/19/2024 4:37:01 PM,shuej21,not started,
64,511,50515,2,caca,1.3,102,LI,,,,,NA,NA,NA,NA,,,,,,,,,,,,,,,,,,,,e83255a1-05ef-4d17-87b4-e5bce852029b,3/19/2024 4:37:01 PM,shuej21,not started,
65,513,50555,2,litu,1.3,316,LI,,,A,,NA,NA,NA,NA,,,,,,,,,,,,,,,,,,,,82688c28-cc7a-4b76-bd21-fd7b4c9a6151,3/19/2024 4:37:01 PM,shuej21,not started,
66,515,50571,2,caca,1.3,105,LI,,,,,NA,NA,NA,NA,,,,,,,,,,,,,,,,,,,,8ac0ae87-f859-47c1-9376-acad2af20231,3/19/2024 4:37:01 PM,shuej21,not started,
67,515,50658,5,caca,1.3,105,LI,,,,,NA,NA,NA,NA,,,,,,,,,,,,,,,,,,,,20ec24b5-7624-486d-bb3d-3d599f6416e9,3/19/2024 4:37:01 PM,shuej21,not started,
68,516,50675,2,caca,1.3,101,LI,,,,,NA,NA,NA,NA,,,,,,,,,,,,,,,,,,,,b84eaee1-30c1-4bba-94e9-b8817e344bfd,3/19/2024 4:37:01 PM,shuej21,not started,
69,525,52270,2,caovl,1.3,178,LI,,,A,,NA,NA,NA,NA,,,,,,,,,,,,,,,,,,,,b1d42115-bc02-4893-883e-a77035179405,3/19/2024 4:37:01 PM,shuej21,not started,
70,601,60015,2,qual,1.3,190,LI,,,A,,NA,NA,NA,NA,,,,,,,,,,,,,,,,,,,,13b764da-7c5a-4a48-8952-60bdca6019fa,3/19/2024 4:37:01 PM,shuej21,not started,
71,603,60040,2,cato,1.3,346,LI,,,AU,"W,R",2,2,NA,NA,,,,,,,,,,,,,,,,,,,,6980a744-3bfe-4714-911a-79ae039dc427,3/19/2024 4:37:01 PM,shuej21,not started,
72,610,60200,2,caca,1.3,159,LI,I,,AU,W,3,NA,NA,NA,,,,,,,,,,,,,,,,,,,,6248ecf3-d933-431a-915e-6f259772f6fb,3/19/2024 4:37:01 PM,shuej21,not started,
73,608,60348,2,qupr,1.3,543,LI,,,A,,NA,NA,NA,NA,,,,,,,,,,,,,,,,,,,,83d0fb46-6018-4469-a799-bcf5bda000d3,3/19/2024 4:37:01 PM,shuej21,not started,
74,617,62050,2,cato,1.3,160,LI,,,,,NA,NA,NA,NA,,,,,,,,,,,,,,,,,,,,45320c6d-d93e-419e-8a86-d13bb27aee27,3/19/2024 4:37:01 PM,shuej21,not started,
75,703,70061,2,cato,1.3,121,LI,,,AU,K,NA,NA,2,NA,,,,,,,,,,,,,,,,,,,,e0910d44-6558-40b7-aa8c-ca79f53d8f78,3/19/2024 4:37:01 PM,shuej21,not started,
76,712,70472,5,fagr,1.3,155,LI,,,,,NA,NA,NA,NA,,,,,,,,,,,,,,,,,,,,469140f1-6c82-45eb-afa4-cd858200530e,3/19/2024 4:37:01 PM,shuej21,not started,
77,715,70499,2,litu,1.6,450,LI,"A,DV,BT",,A,,NA,NA,NA,NA,,,,,,,,,,,,,,,,,,,,19212129-ebe4-4726-a249-2181acb37ef3,3/19/2024 4:37:01 PM,shuej21,not started,
78,717,72041,2,cato,1.3,119,LI,,,A,,NA,NA,NA,NA,,,,,,,,,,,,,,,,,,,,ad638cf5-ffd8-468b-93a7-9513ead7c505,3/19/2024 4:37:01 PM,shuej21,not started,
79,723,72256,2,litu,1.3,205,LI,,,A,,NA,NA,NA,NA,,,,,,,,,,,,,,,,,,,,a4c7a6e9-da52-478b-9068-bb25a6e2a009,3/19/2024 4:37:01 PM,shuej21,not started,
80,805,80221,2,acru,1.3,110,LI,,,A,,NA,NA,NA,NA,,,,,,,,,,,,,,,,,,,,bbee0372-c160-4b26-a660-4667180522d4,3/19/2024 4:37:01 PM,shuej21,not started,
81,820,82139,2,acru,1.3,117,LI,,,AU,K,NA,NA,1,NA,,,,,,,,,,,,,,,,,,,,37f78373-a6e3-4f5a-bb90-1b389d268e31,3/19/2024 4:37:01 PM,shuej21,not started,
82,825,82263,2,cagl,1.4,358,LI,,,A,,NA,NA,NA,NA,,,,,,,,,,,,,,,,,,,,1dd43d62-0a94-4c21-9e4b-f7fc857c9248,3/19/2024 4:37:01 PM,shuej21,not started,
83,828,82357,2,litu,1.3,247,LI,,,A,,NA,NA,NA,NA,,,,,,,,,,,,,,,,,,,,f0c1601f-9f98-4fa7-9da3-265bc94ff64a,3/19/2024 4:37:01 PM,shuej21,not started,
84,829,82368,2,litu,1.3,304,LI,,,AU,K,NA,NA,2,NA,,,,,,,,,,,,,,,,,,,,ace16d0e-0af4-44f7-8820-41dad7d3b50e,3/19/2024 4:37:01 PM,shuej21,not started,
85,904,90413,2,litu,2.3,578,LI,"A,BT",,A,,NA,NA,NA,NA,,,,,,,,,,,,,,,,,,,,478633b2-83b2-4ccd-adeb-e6bee7f807b6,3/19/2024 4:37:01 PM,shuej21,not started,
86,904,90413,3,litu,1.3,276,LI,,,A,,NA,NA,NA,NA,,,,,,,,,,,,,,,,,,,,1a1809a0-d575-4337-86fc-50cbdaf85314,3/19/2024 4:37:01 PM,shuej21,not started,
87,910,90517,2,litu,1.3,306,LI,,,A,,NA,NA,NA,NA,,,,,,,,,,,,,,,,,,,,25b1a4a7-e2dd-44f5-bbdb-827e73450ead,3/19/2024 4:37:01 PM,shuej21,not started,
88,910,90616,3,fagr,1.3,130,LI,,,A,,NA,NA,NA,NA,,,,,,,,,,,,,,,,,,,,8ee3dee2-25d2-407e-afb9-9da8fba8309c,3/19/2024 4:37:01 PM,shuej21,not started,
89,917,92024,2,quru,2.3,466,LI,"BT,A",Ladder needed to measure,AU,K,NA,NA,1,NA,,,,,,,,,,,,,,,,,,,,7dbe885a-072b-4acd-a0ca-e182ad91adbd,3/19/2024 4:37:01 PM,shuej21,not started,
90,919,92090,2,cagl,2.3,323,LI,"BT,A",Ladder needed to measure,A,,NA,NA,NA,NA,,,,,,,,,,,,,,,,,,,,9188d310-d869-4d89-9bda-43789c581d67,3/19/2024 4:37:01 PM,shuej21,not started,
91,923,92270,2,acru,1.3,102,LI,,,,,NA,NA,NA,NA,,,,,,,,,,,,,,,,,,,,9ead21ce-01e7-4fec-b090-2b0f8107b156,3/19/2024 4:37:01 PM,shuej21,not started,
92,926,92408,2,nysy,1.3,146,LI,,,AU,B,NA,NA,NA,NA,,,,,,,,,,,,,,,,,,,,36dd21df-148f-4752-8ef5-5177f6da6082,3/19/2024 4:37:01 PM,shuej21,not started,
93,926,92409,2,litu,2,475,LI,"BT,A",Ladder needed to measure,A,,NA,NA,NA,NA,,,,,,,,,,,,,,,,,,,,38ab7fef-862f-4f75-bfe7-a7094e2079a9,3/19/2024 4:37:01 PM,shuej21,not started,
94,927,92450,2,cagl,1.3,367,LI,,,A,,NA,NA,NA,NA,,,,,,,,,,,,,,,,,,,,73e10fd8-f24d-43a2-81ea-b402bd4f0153,3/19/2024 4:37:01 PM,shuej21,not started,
95,927,92454,2,caovl,1.3,249,LI,,,,,NA,NA,NA,NA,,,,,,,,,,,,,,,,,,,,ebe0855e-a5b4-495c-bd03-7742ef162e16,3/19/2024 4:37:01 PM,shuej21,not started,
96,929,92512,2,litu,1.3,127,LI,M,,,,NA,NA,NA,NA,,,,,,,,,,,,,,,,,,,,199c2fd6-b167-4a41-b653-137c48e289e4,3/19/2024 4:37:01 PM,shuej21,not started,
97,930,92527,2,litu,1.3,187,LI,,,,,NA,NA,NA,NA,,,,,,,,,,,,,,,,,,,,f859848f-ce64-4d4a-92b8-52a7ce605d42,3/19/2024 4:37:01 PM,shuej21,not started,
98,1004,100720,2,litu,1.3,331,LI,,,AU,K,NA,NA,2,NA,,,,,,,,,,,,,,,,,,,,b4ddba13-1577-4cb1-8f48-bf39cbd2cff5,3/19/2024 4:37:01 PM,shuej21,not started,
99,1011,100985,2,fagr,1.3,116,LI,,,A,,NA,NA,NA,NA,,,,,,,,,,,,,,,,,,,,4fb943e4-d514-4983-950e-7fe6d73f4502,3/19/2024 4:37:01 PM,shuej21,not started,
100,1006,101008,2,tiam,1.3,127,LI,,,A,,NA,NA,NA,NA,,,,,,,,,,,,,,,,,,,,ebd94b5b-a6b8-4790-8459-d19f8ae92205,3/19/2024 4:37:01 PM,shuej21,not started,
101,1008,101069,2,litu,1.3,291,LI,,,AU,DF,NA,NA,NA,NA,,,,,,,,,,,,,,,,,,,,5ba66fac-25d5-4df3-8081-2c5ed2f8c879,3/19/2024 4:37:01 PM,shuej21,not started,
102,1009,101098,2,litu,1.3,242,LI,,,A,,NA,NA,NA,NA,,,,,,,,,,,,,,,,,,,,bfc93259-2fd6-4e05-88e3-5575d832d888,3/19/2024 4:37:01 PM,shuej21,not started,
103,1014,101170,2,litu,1.3,253,LI,,,A,,NA,NA,NA,NA,,,,,,,,,,,,,,,,,,,,6f2e92a7-cadc-4a0e-8543-52d976fc998e,3/19/2024 4:37:01 PM,shuej21,not started,
104,1028,102430,2,litu,1.3,398,LI,,,AU,AN,NA,NA,NA,NA,,,,,,,,,,,,,,,,,,,,13b1e807-3c58-4e69-bbb8-314d950d2143,3/19/2024 4:37:01 PM,shuej21,not started,
105,1028,102430,3,litu,1.3,397,LI,,,A,,NA,NA,NA,NA,,,,,,,,,,,,,,,,,,,,f7525cee-def4-4b85-81af-e42cf506322c,3/19/2024 4:37:01 PM,shuej21,not started,
106,1028,102438,2,litu,2.3,476,LI,"BT,DV,A",Ladder needed to measure - northern most stem,A,,NA,NA,NA,NA,,,,,,,,,,,,,,,,,,,,92758b88-07d8-499e-892c-c3db8a88012d,3/19/2024 4:37:01 PM,shuej21,not started,
107,1029,102446,2,litu,1.3,273,LI,,,A,,NA,NA,NA,NA,,,,,,,,,,,,,,,,,,,,5106ae47-be4e-42ce-ac87-577e09e9ecfd,3/19/2024 4:37:01 PM,shuej21,not started,
108,1107,111032,2,litu,1.3,440,LI,,,A,,NA,NA,NA,NA,,,,,,,,,,,,,,,,,,,,af8cfe0f-4f1e-42ed-8564-1cbabb0dd49e,3/19/2024 4:37:01 PM,shuej21,not started,
109,1118,112093,2,litu,1.3,548,LI,,,A,,NA,NA,NA,NA,,,,,,,,,,,,,,,,,,,,3207d1be-896e-4d5c-9098-f058bf8731ee,3/19/2024 4:37:01 PM,shuej21,not started,
110,1126,112388,2,cagl,1.3,158,LI,,,A,,NA,NA,NA,NA,,,,,,,,,,,,,,,,,,,,7c2b420a-47cd-4690-871a-f045296b278d,3/19/2024 4:37:01 PM,shuej21,not started,
111,1130,112478,2,caovl,1.3,135,LI,,,,,NA,NA,NA,NA,,,,,,,,,,,,,,,,,,,,e2b6b03a-c7d8-44b7-acff-1c2a9ef45c99,3/19/2024 4:37:01 PM,shuej21,not started,
112,1201,120018,2,nysy,1.3,228,LI,L,,A,,NA,NA,NA,NA,,,,,,,,,,,,,,,,,,,,f917c02c-3b14-415f-903c-089243b6bb1c,3/19/2024 4:37:01 PM,shuej21,not started,
113,1204,120830,2,litu,1.3,373,LI,,,A,,NA,NA,NA,NA,,,,,,,,,,,,,,,,,,,,c4a365a2-20c5-41c2-94eb-6dbed60aa458,3/19/2024 4:37:01 PM,shuej21,not started,
114,1210,121187,2,caca,1.3,100,LI,,,,,NA,NA,NA,NA,,,,,,,,,,,,,,,,,,,,03bbd7d5-89b7-4ce8-85f8-05c5118823ad,3/19/2024 4:37:01 PM,shuej21,not started,
115,1218,122044,2,fagr,1.3,185,LI,,,A,,NA,NA,NA,NA,,,,,,,,,,,,,,,,,,,,c4747e40-525c-4270-a8f2-bb6d57006062,3/19/2024 4:37:01 PM,shuej21,not started,
116,1229,122489,2,cagl,1.3,183,LI,,,A,,NA,NA,NA,NA,,,,,,,,,,,,,,,,,,,,7167d394-8b02-469e-ac65-1154d09c9982,3/19/2024 4:37:01 PM,shuej21,not started,
117,1232,122563,2,quve,1.6,509,LI,"DV,A",,A,,NA,NA,NA,NA,,,,,,,,,,,,,,,,,,,,1e972b9b-a87f-4d5b-ad95-1db3d044bb47,3/19/2024 4:37:01 PM,shuej21,not started,
118,1303,130438,2,litu,1.3,420,LI,,,A,,NA,NA,NA,NA,,,,,,,,,,,,,,,,,,,,451fcb18-46a1-4c46-84c7-7d3784a11551,3/19/2024 4:37:01 PM,shuej21,not started,
119,1306,130718,2,litu,1.3,219,LI,,,A,,NA,NA,NA,NA,,,,,,,,,,,,,,,,,,,,c75866b2-6b96-4604-9bde-248a55936d74,3/19/2024 4:37:01 PM,shuej21,not started,
120,1306,130932,2,litu,1.3,682,LI,,,A,,NA,NA,NA,NA,,,,,,,,,,,,,,,,,,,,6e44a2a9-04c0-4845-8b77-3d3764fc2b13,3/19/2024 4:37:01 PM,shuej21,not started,
121,1315,131337,2,caco,1.3,148,LI,,,A,,NA,NA,NA,NA,,,,,,,,,,,,,,,,,,,,c68c8318-84c4-45eb-a19b-e4d877db6104,3/19/2024 4:37:01 PM,shuej21,not started,
122,1331,132464,2,caovl,1.3,153,LI,,,A,,NA,NA,NA,NA,,,,,,,,,,,,,,,,,,,,f6c2e38a-f2a1-4390-b305-c86c3886673a,3/19/2024 4:37:01 PM,shuej21,not started,
123,1406,140674,2,fagr,1.3,107,LI,,,,,NA,NA,NA,NA,,,,,,,,,,,,,,,,,,,,b6a6f7b4-8776-47af-9c46-ac3094685946,3/19/2024 4:37:01 PM,shuej21,not started,
124,1406,140674,3,fagr,,100,LI,SV,,,,NA,NA,NA,NA,,,,,,,,,,,,,,,,,,,,ceb12064-abc4-40eb-a172-a2a2a252c036,3/19/2024 4:37:01 PM,shuej21,not started,
125,1425,142371,2,cagl,1.3,220,LI,,,A,,NA,NA,NA,NA,,,,,,,,,,,,,,,,,,,,a8785b86-19c9-46b3-9cce-cf577377cb6c,3/19/2024 4:37:01 PM,shuej21,not started,
126,1505,150783,2,litu,2.3,278,LI,"BT,A",Ladder needed to measure,A,,NA,NA,NA,NA,,,,,,,,,,,,,,,,,,,,59986610-8ea4-4d2b-86b0-26b115926d54,3/19/2024 4:37:01 PM,shuej21,not started,
127,1514,151168,2,prav,1.3,152,LI,B,,AU,"B,R",NA,3,NA,NA,,,,,,,,,,,,,,,,,,,,6e6f8955-5165-458c-87b7-35e324e61ebd,3/19/2024 4:37:01 PM,shuej21,not started,
128,1524,152475,2,cagl,1.3,222,LI,,,AU,"AN,W",1,NA,NA,NA,,,,,,,,,,,,,,,,,,,,f4e1a8da-0d46-49c7-9fbe-77659c29041b,3/19/2024 4:37:01 PM,shuej21,not started,
129,1524,152485,2,cagl,1.3,129,LI,,,A,,NA,NA,NA,NA,,,,,,,,,,,,,,,,,,,,b058f8ea-c1cd-488c-b0df-cedfe99813a7,3/19/2024 4:37:01 PM,shuej21,not started,
130,1525,152494,2,quve,1.3,461,LI,DV,,AU,AN,NA,NA,NA,NA,,,,,,,,,,,,,,,,,,,,77670a0d-27d7-4234-bf83-9be9e49ae96b,3/19/2024 4:37:01 PM,shuej21,not started,
131,1531,152690,2,cagl,1.3,196,LI,,,AU,K,NA,NA,1,NA,,,,,,,,,,,,,,,,,,,,aa772b64-508a-4fcc-a01c-2051220c0f27,3/19/2024 4:37:01 PM,shuej21,not started,
132,1531,152690,3,cagl,1.3,235,LI,,Stem with ID tag,AU,"W,R",3,3,NA,NA,,,,,,,,,,,,,,,,,,,,d8db7b22-86df-4879-8e3b-9f2b2a5edae2,3/19/2024 4:37:01 PM,shuej21,not started,
133,1532,152718,2,cagl,1.3,330,LI,,,A,,NA,NA,NA,NA,,,,,,,,,,,,,,,,,,,,25e2e0eb-8cc8-4270-9903-2f5873ce4dfa,3/19/2024 4:37:01 PM,shuej21,not started,
134,1601,160234,2,ulam,1.3,112,LI,,,AU,"B,DF",NA,NA,NA,NA,,,,,,,,,,,,,,,,,,,,0e3606ac-bd09-472d-b45a-9e34cf19cf4d,3/19/2024 4:37:01 PM,shuej21,not started,
135,1601,160248,2,aial,1.3,144,LI,,,,,NA,NA,NA,NA,,,,,,,,,,,,,,,,,,,,f393a555-8448-4c9f-9383-0f1583d6bf84,3/19/2024 4:37:01 PM,shuej21,not started,
136,1604,160665,2,litu,1.3,714,LI,,Northern stem,AU,"HS,R1,K",NA,NA,1,NA,,,,,,,,,,,,,,,,,,,,29833b59-acd7-4ea2-9e5d-7377f2bb2f82,3/19/2024 4:37:01 PM,shuej21,not started,
137,1604,160665,3,litu,1.3,429,LI,,,A,,NA,NA,NA,NA,,,,,,,,,,,,,,,,,,,,1ad62319-d932-4f5f-9baa-38f1a395ce95,3/19/2024 4:37:01 PM,shuej21,not started,
138,1607,160770,2,litu,1.3,332,LI,,,A,,NA,NA,NA,NA,,,,,,,,,,,,,,,,,,,,6685c764-0306-457e-8ac0-11df36b18de3,3/19/2024 4:37:01 PM,shuej21,not started,
139,1609,160786,2,litu,1.3,164,LI,,,A,,NA,NA,NA,NA,,,,,,,,,,,,,,,,,,,,d6e6c98e-e699-4644-a758-c8700edcb02b,3/19/2024 4:37:01 PM,shuej21,not started,
140,1610,160812,2,litu,1.3,225,LI,,M moved to uphill side,A,,NA,NA,NA,NA,,,,,,,,,,,,,,,,,,,,84b49a5c-8714-4df2-a692-f7a30336f727,3/19/2024 4:37:01 PM,shuej21,not started,
141,1617,162103,2,cagl,1.3,120,LI,B,,AU,B,NA,NA,NA,NA,,,,,,,,,,,,,,,,,,,,e3f3a74d-6958-4177-bb3a-e9e4542d4121,3/19/2024 4:37:01 PM,shuej21,not started,
142,1626,162438,2,qupr,1.3,120,LI,,,A,,NA,NA,NA,NA,,,,,,,,,,,,,,,,,,,,665ff13d-8cef-49fd-b15e-15371722621d,3/19/2024 4:37:01 PM,shuej21,not started,
143,1631,162489,2,cagl,1.3,108,LI,,,AU,W,1,NA,NA,NA,,,,,,,,,,,,,,,,,,,,a4912681-c5ed-48d2-9fc6-a8e08de0b092,3/19/2024 4:37:01 PM,shuej21,not started,
144,1629,162575,2,juni,1.4,369,LI,A,,A,,NA,NA,NA,NA,,,,,,,,,,,,,,,,,,,,2ea1c937-2ad6-454c-802b-eff9b0a0399e,3/19/2024 4:37:01 PM,shuej21,not started,
145,1709,171269,2,litu,2.3,435,LI,"SV,BT,DV,A",Ladder needed to measure,,,NA,NA,NA,NA,,,,,,,,,,,,,,,,,,,,d2f80c44-4ac8-48a5-aff4-6aa656aa3487,3/19/2024 4:37:01 PM,shuej21,not started,
146,1728,172471,2,cagl,1.3,128,LI,,,A,,NA,NA,NA,NA,,,,,,,,,,,,,,,,,,,,f96adafb-254d-4035-90d2-6d3465eacc0c,3/19/2024 4:37:01 PM,shuej21,not started,
147,1729,172483,2,litu,1.3,444,LI,,Western stem,A,,NA,NA,NA,NA,,,,,,,,,,,,,,,,,,,,b54b0fa1-4477-4b17-b0e8-048bc7a0dc1f,3/19/2024 4:37:01 PM,shuej21,not started,
148,1812,180818,2,tiam,1.3,290,LI,,,A,,NA,NA,NA,NA,,,,,,,,,,,,,,,,,,,,574744ce-d5fc-4fad-b3a8-574e048e0cff,3/19/2024 4:37:01 PM,shuej21,not started,
149,1813,180988,2,acru,1.3,196,LI,,,A,,NA,NA,NA,NA,,,,,,,,,,,,,,,,,,,,005cc26d-e6c3-4f61-aa7c-84da9152c881,3/19/2024 4:37:01 PM,shuej21,not started,
150,1813,180988,3,acru,1.3,259,LI,,,A,,NA,NA,NA,NA,,,,,,,,,,,,,,,,,,,,22a3171b-10a8-4147-a5e2-7ce88dda7264,3/19/2024 4:37:01 PM,shuej21,not started,
151,1826,182421,2,cato,1.3,239,LI,,,A,,NA,NA,NA,NA,,,,,,,,,,,,,,,,,,,,487bd192-454e-45b6-bed7-c6402b33ec69,3/19/2024 4:37:01 PM,shuej21,not started,
152,1823,182566,2,astr,1.3,105,LI,,,,,NA,NA,NA,NA,,,,,,,,,,,,,,,,,,,,3f51d40e-a411-46ba-a2f0-5085db067a15,3/19/2024 4:37:01 PM,shuej21,not started,
153,1828,182671,2,quru,1.3,661,LI,,,A,,NA,NA,NA,NA,,,,,,,,,,,,,,,,,,,,54c0aee3-5c61-4be2-8ca7-d4cc094cdf62,3/19/2024 4:37:01 PM,shuej21,not started,
154,1829,182680,2,cagl,1.3,242,LI,,,A,,NA,NA,NA,NA,,,,,,,,,,,,,,,,,,,,add74fea-bc4e-4486-a064-daadb6f5176e,3/19/2024 4:37:01 PM,shuej21,not started,
155,1901,190018,2,litu,2.3,385,LI,"BT,DV,A",,AU,K,NA,NA,1,NA,,,,,,,,,,,,,,,,,,,,c6503929-d062-44c5-b10d-6af7bc3b3664,3/19/2024 4:37:01 PM,shuej21,not started,
156,1912,190557,2,tiam,1.3,303,LI,,,A,,NA,NA,NA,NA,,,,,,,,,,,,,,,,,,,,e90920d4-3a6f-44a4-9b67-77f7712c2f46,3/19/2024 4:37:01 PM,shuej21,not started,
157,1912,190557,3,tiam,1.3,147,LI,,,A,,NA,NA,NA,NA,,,,,,,,,,,,,,,,,,,,9e396500-e9bf-4453-bce6-e84a00f7b4d9,3/19/2024 4:37:01 PM,shuej21,not started,
158,1912,190559,2,tiam,1.3,265,LI,,,A,,NA,NA,NA,NA,,,,,,,,,,,,,,,,,,,,9d8ac378-737e-49aa-8d92-7e5c5e64c1d8,3/19/2024 4:37:01 PM,shuej21,not started,
159,1922,192121,2,litu,1.3,281,LI,,,AU,K,NA,NA,1,NA,,,,,,,,,,,,,,,,,,,,c7b28b53-ab1e-4850-924e-c26dbc46e6f1,3/19/2024 4:37:01 PM,shuej21,not started,
160,1926,192625,2,cagl,1.3,164,LI,,,A,,NA,NA,NA,NA,,,,,,,,,,,,,,,,,,,,6892cf2d-b2ce-4dbe-9eda-f9b058255106,3/19/2024 4:37:01 PM,shuej21,not started,
161,1929,192669,2,cagl,1.3,154,LI,,,A,,NA,NA,NA,NA,,,,,,,,,,,,,,,,,,,,fcafebf3-9501-4976-9695-105b2571ccb0,3/19/2024 4:37:01 PM,shuej21,not started,
162,1931,192690,2,cagl,1.3,235,LI,,,A,,NA,NA,NA,NA,,,,,,,,,,,,,,,,,,,,cffb7566-b309-4d63-96ce-55eec239b8b1,3/19/2024 4:37:01 PM,shuej21,not started,
163,1931,192690,3,cagl,1.3,110,LI,,,A,,NA,NA,NA,NA,,,,,,,,,,,,,,,,,,,,9b728ce8-f8e6-478b-b369-a1e51f8c0357,3/19/2024 4:37:01 PM,shuej21,not started,
164,2001,200038,2,litu,2,885,LI,"BT,A,M",,AU,BB,NA,NA,NA,NA,,LI,AU,3,90,85,R,"W,R",0,2,1,,,,,,,,,1e246697-f11b-438a-a779-9ff38dec22ac,4/12/2024 4:06:17 PM,shuej21,finished,
165,2002,200347,2,ploc,1.3,382,LI,,,A,,NA,NA,NA,NA,,,,,,,,,,,,,,,,,,,,bba042e6-9674-43ee-8859-e32a302e909f,3/19/2024 4:37:01 PM,shuej21,not started,
166,2022,202098,2,caovl,1.3,121,LI,DV,,A,,NA,NA,NA,NA,,,,,,,,,,,,,,,,,,,,f9b8ebe2-d258-4d86-900d-4ac7ece9457b,3/19/2024 4:37:01 PM,shuej21,not started,
167,2024,202162,2,litu,1.3,318,LI,"DV,I",,AU,W,3,NA,NA,NA,,,,,,,,,,,,,,,,,,,,cace9510-3ebc-4289-bd1d-4fd4d20e2b31,3/19/2024 4:37:01 PM,shuej21,not started,
168,119,12229,2,fram,1.3,180,DS,,,,"I,AN",NA,NA,NA,180,,,,,,,,,,,,,,,,,,,,718dcc06-0e11-49ca-b0e5-52ea47fe30c0,3/19/2024 4:37:01 PM,shuej21,not started,
169,222,22198,2,tiam,1.3,159,DS,RT,,,,NA,NA,NA,159,,,,,,,,,,,,,,,,,,,,8e5d98dd-c8b4-42dd-b612-0682bb9b3bf9,3/19/2024 4:37:01 PM,shuej21,not started,
170,226,22333,2,fram,1.3,0,DS,,,,,NA,NA,NA,0,,,,,,,,,,,,,,,,,,,,a7e6838b-e0bc-400f-bd20-7909c875f73c,3/19/2024 4:37:01 PM,shuej21,not started,
171,315,30560,2,quru,1.3,392,DS,,,,,NA,NA,NA,392,,,,,,,,,,,,,,,,,,,,bb62ed13-4d1b-4fe3-b616-57af9ec0527e,3/19/2024 4:37:01 PM,shuej21,not started,
172,317,32025,2,qupr,1.3,540,DS,,,,,NA,NA,NA,540,,,,,,,,,,,,,,,,,,,,1cd27559-6230-4511-93f9-ca26ecd0325b,3/19/2024 4:37:01 PM,shuej21,not started,
173,327,32371,2,cagl,1.3,0,DS,,,,,NA,NA,NA,0,,,,,,,,,,,,,,,,,,,,ec004876-28e0-451b-a305-063c8bd56cda,3/19/2024 4:37:01 PM,shuej21,not started,
174,431,42570,2,litu,1.3,113,DS,R,,,,NA,NA,NA,113,,,,,,,,,,,,,,,,,,,,3d1f2dca-b124-46c3-91fb-c88a01a6b4c4,3/19/2024 4:37:01 PM,shuej21,not started,
175,509,50386,2,quve,1.3,0,DS,,,,,NA,NA,NA,0,,,,,,,,,,,,,,,,,,,,04c583a3-b38b-4820-9309-04495922af4b,3/19/2024 4:37:01 PM,shuej21,not started,
176,917,92029,2,quru,1.3,520,DS,,,,,NA,NA,NA,520,,,,,,,,,,,,,,,,,,,,ea78b3eb-9a80-40d0-a640-558f3044eac6,3/19/2024 4:37:01 PM,shuej21,not started,
177,1423,142350,2,qupr,1.3,170,DS,,,,B,NA,NA,NA,170,,,,,,,,,,,,,,,,,,,,7a08b638-d9c4-4714-bf26-ce73538329e5,3/19/2024 4:37:01 PM,shuej21,not started,
178,1425,142564,2,qual,1.4,0,DS,,,,U,NA,NA,NA,0,,,,,,,,,,,,,,,,,,,,5d48f976-630a-4aec-af7e-c60875844bdf,3/19/2024 4:37:01 PM,shuej21,not started,
179,1527,152559,2,qumi,1.3,225,DS,,,,"B,R,F",NA,3,NA,225,,,,,,,,,,,,,,,,,,,,749de4e1-3c65-433d-b9b7-79c42f9b8fd4,3/19/2024 4:37:01 PM,shuej21,not started,
180,1619,162071,2,caovl,1.3,0,DS,,,,,NA,NA,NA,0,,,,,,,,,,,,,,,,,,,,0e080900-9a0d-4c04-b2fe-23d2b230f128,3/19/2024 4:37:01 PM,shuej21,not started,
181,1625,162518,2,cagl,1.4,160,DS,,,,,NA,NA,NA,160,,,,,,,,,,,,,,,,,,,,19e99180-cb4e-44df-b1cd-0ba29def9c5c,3/19/2024 4:37:01 PM,shuej21,not started,
182,1823,182574,2,fram,1.3,326,DS,,,,"B,I,F",NA,NA,NA,326,,,,,,,,,,,,,,,,,,,,b907c447-cf4e-4261-9b74-6f47160b6263,3/19/2024 4:37:01 PM,shuej21,not started,
183,1510,150883,2,fram,1.3,0,DS,,,,,NA,NA,NA,NA,,,,,,,,,,,,,,,,,,,,94cb57a0-4be1-42fd-ab7a-6831530bf250,3/19/2024 4:37:01 PM,shuej21,not started,
184,1510,150883,3,fram,1.3,0,DC,,,,,NA,NA,NA,NA,,,,,,,,,,,,,,,,,,,,fdf4943e-d359-4561-8ca8-fab6cde4505b,3/19/2024 4:37:01 PM,shuej21,not started,
185,1510,151013,2,fram,1.3,0,DS,,,,,NA,NA,NA,NA,,,,,,,,,,,,,,,,,,,,f2353f14-2f80-448d-a731-8c0059e9cd05,3/19/2024 4:37:01 PM,shuej21,not started,
186,1510,151103,2,fram,,0,DC,,,,,NA,NA,NA,NA,,,,,,,,,,,,,,,,,,,,5c293ac4-84d2-4440-abcc-4359ede1d06c,3/19/2024 4:37:01 PM,shuej21,not started,
