Quad,dispatched,Form
102,x,SCBI Mortality 2022
103,x,SCBI Mortality 2022
104,x,SCBI Mortality 2022
106,x,SCBI Mortality 2022
107,x,SCBI Mortality 2022
108,x,SCBI Mortality 2022
115,x,SCBI Mortality 2022
130,x,SCBI Mortality 2022
215,x,SCBI Mortality 2022
216,x,SCBI Mortality 2022
217,x,SCBI Mortality 2022
218,x,SCBI Mortality 2022
219,x,SCBI Mortality 2022
222,x,SCBI Mortality 2022
223,x,SCBI Mortality 2022
224,x,SCBI Mortality 2022
227,x,SCBI Mortality 2022
229,x,SCBI Mortality 2022
302,x,SCBI Mortality 2022 stems removed
303,x,SCBI Mortality 2022 stems removed
304,x,SCBI Mortality 2022 stems removed
305,x,SCBI Mortality 2022 stems removed
312,x,SCBI Mortality 2022 stems removed
314,x,SCBI Mortality 2022
318,x,SCBI Mortality 2022
319,x,SCBI Mortality 2022
323,x,SCBI Mortality 2022
332,x,SCBI Mortality 2022
403,x,SCBI Mortality 2022 stems removed
426,x,SCBI Mortality 2022 stems removed
429,x,SCBI Mortality 2022
502,x,SCBI Mortality 2022 stems removed
504,x,SCBI Mortality 2022 stems removed
508,x,SCBI Mortality 2022
519,x,SCBI Mortality 2022
602,x,SCBI Mortality 2022
607,x,SCBI Mortality 2022
616,x,SCBI Mortality 2022
617,x,SCBI Mortality 2022
623,x,SCBI Mortality 2022
625,x,SCBI Mortality 2022
701,x,SCBI Mortality 2022
702,x,SCBI Mortality 2022
706,x,SCBI Mortality 2022
710,x,SCBI Mortality 2022
712,x,SCBI Mortality 2022
713,x,SCBI Mortality 2022
728,x,SCBI Mortality 2022
729,x,SCBI Mortality 2022
731,x,SCBI Mortality 2022
732,x,SCBI Mortality 2022
804,,
809,,
811,,
813,,
816,,
818,,
819,,
821,,
823,,
825,,
829,,
832,,
902,,
903,,
904,,
905,,
914,,
915,,
916,,
923,,
924,,
927,,
929,,
930,,
1006,,
1008,,
1009,,
1014,,
1015,,
1016,,
1020,,
1021,,
1022,,
1023,,
1023,,
1024,,
1027,,
1028,,
1029,,
1029,,
1029,,
1030,,
1032,,
1105,,
1106,,
1113,,
1114,,
1116,,
1116,,
1116,,
1117,,
1117,,
1118,,
1118,,
1119,,
1128,,
1129,,
1129,,
1207,,
1208,,
1208,,
1210,,
1216,,
1216,,
1220,,
1221,,
1222,,
1227,,
1229,,
1230,,
1305,,
1307,,
1307,,
1313,,
1315,,
1315,,
1316,,
1317,,
1318,,
1320,,
1322,,
1323,,
1325,,
1326,,
1326,,
1326,,
1328,,
1328,,
1329,,
1330,,
1331,,
1331,,
1332,,
1407,,
1408,,
1408,,
1410,,
1410,,
1411,,
1411,,
1411,,
1414,,
1414,,
1416,,
1416,,
1417,,
1417,,
1419,,
1419,,
1421,,
1421,,
1421,,
1424,,
1424,,
1426,,
1426,,
1429,,
1430,,
1505,,
1505,,
1506,,
1506,,
1510,,
1510,,
1510,,
1513,,
1515,,
1516,,
1518,,
1520,,
1523,,
1525,,
1526,,
1527,,
1528,,
1528,,
1529,,
1601,,
1601,,
1603,,
1605,,
1605,,
1606,,
1610,,
1610,,
1617,,
1619,,
1622,,
1624,,
1625,,
1626,,
1629,,
1705,,
1705,,
1719,,
1722,,
1723,,
1724,,
1724,,
1728,,
1729,,
1730,,
1801,,
1805,,
1807,,
1809,,
1812,,
1814,,
1817,,
1817,,
1819,,
1821,,
1824,,
1825,,
1825,,
1829,,
1830,,
1830,,
1831,,
1831,,
1831,,
1832,,
1832,,
1905,,
1907,,
1911,,
1911,,
1911,,
1912,,
1917,,
1920,,
1926,,
1929,,
1929,,
1929,,
1931,,
1931,,
1932,,
2001,,
2007,,
2010,,
2011,,
2016,,
2016,,
2016,,
2024,,
2027,,
2028,,
2028,,
2028,,
2029,,
2031,,
2032,,