OBJECTID,quadrat,tag,StemTag,sp,dbh_2023,status_2023,status_2024,fad_2024,comment_mortality_2024,status_2025,fad_2025,comment_mortality_2025,hom,codes_2023,notes_2023,mort_census_status,fad_choices,crown_intact,crown_living,crown_check,lean_angle,liana_load,dead_with_resprout,GlobalID,CreationDate,Creator,EditDate,Editor,CreationDate,Creator,EditDate,Editor
1,103,10160,2,acru,635,LI,LI,"B,R,W",Break 40% up; ES,LI,"B,K,F",,1.3,,,finished,F,3,3,,1,0,0,8af1485f-edeb-4dde-92ae-5bc107d2da8e,5/8/2025 3:30:13 PM,shuej21,5/9/2025 5:14:50 PM,shuej21,5/20/2025 12:19:50 PM,shuej21,6/9/2025 7:30:25 PM,shuej21
2,105,10263,2,acne,140,LI,LI,,,LI,"DF,K",,1.3,,,finished,K,4,4,,1,3,0,2af9f82e-c531-489a-955f-c4666c8234f0,5/8/2025 3:30:13 PM,shuej21,5/9/2025 5:14:50 PM,shuej21,5/20/2025 12:19:50 PM,shuej21,7/3/2025 3:19:19 PM,RaymondE@si.edu_SI
3,110,10494,2,havi,105,LI,,,,LI,"K,W",,1.3,,,finished,W,4,4,,1,0,0,3e61fa52-3d8d-4a4e-8ea2-9cf910303b29,5/8/2025 3:30:13 PM,shuej21,5/9/2025 5:14:50 PM,shuej21,5/20/2025 12:19:50 PM,shuej21,6/9/2025 4:07:59 PM,shuej21
4,109,10550,2,caca,115,LI,,,,DN,,,1.3,,,finished,,,,,1,0,0,b9ab20ea-f92a-4427-8cba-3c8be6483cd8,5/8/2025 3:30:13 PM,shuej21,5/9/2025 5:14:50 PM,shuej21,5/20/2025 12:19:50 PM,shuej21,7/2/2025 7:23:50 PM,RaymondE@si.edu_SI
5,102,10704,2,cato,337,LI,LI,,,LI,,,1.3,,,finished,,5,5,,1,0,0,a5a5f693-4b3f-402f-863f-b2d3deb0a460,5/8/2025 3:30:13 PM,shuej21,5/9/2025 5:14:50 PM,shuej21,5/20/2025 12:19:50 PM,shuej21,6/9/2025 2:58:34 PM,shuej21
6,101,12130,2,tiam,209,LI,LI,,,LI,,,1.3,,,finished,,5,5,,1,0,0,dcc4a8e5-c456-43ad-8145-54e2ce8c0f07,5/8/2025 3:30:13 PM,shuej21,5/9/2025 5:14:50 PM,shuej21,5/20/2025 12:19:50 PM,shuej21,6/16/2025 5:15:49 PM,shuej21
7,101,12165,2,nysy,132,LI,LI,,,LI,,,1.3,,Stem tag 2,finished,,5,5,,1,0,0,ba7c7164-d888-4ef8-ba7e-f076c17d7060,5/8/2025 3:30:13 PM,shuej21,5/9/2025 5:14:50 PM,shuej21,5/20/2025 12:19:50 PM,shuej21,6/16/2025 5:29:53 PM,shuej21
8,101,12178,2,tiam,365,LI,LI,,,LI,,,1.3,,,finished,,5,5,,1,0,0,ed1e80fd-b1bb-46d5-a709-155faeed07da,5/8/2025 3:30:13 PM,shuej21,5/9/2025 5:14:50 PM,shuej21,5/20/2025 12:19:50 PM,shuej21,6/16/2025 5:41:30 PM,shuej21
9,123,12211,2,caca,188,LI,,,,,,,1.1,,,not started,,,,,1,0,0,3187ca41-052a-4572-b26a-c6ac627f3e3e,5/8/2025 3:30:13 PM,shuej21,5/9/2025 5:14:50 PM,shuej21,5/20/2025 12:19:50 PM,shuej21,5/23/2025 11:32:08 AM,shuej21
10,124,12233,5,havi,102,LI,,,,LI,,Should be 3 not 5,1.3,DV,Error measures for the 20218 census,finished,,5,5,,2,0,0,682ba1f8-e199-4422-adde-863820aaca76,5/8/2025 3:30:13 PM,shuej21,5/9/2025 5:14:50 PM,shuej21,5/20/2025 12:19:50 PM,shuej21,6/16/2025 6:36:23 PM,shuej21
11,124,12233,6,havi,112,LI,,,,LI,B,Should be 2 not 6,1.3,,,finished,B,1,1,,1,0,0,adfe790a-d453-4599-92c7-f3ccc6761cca,5/8/2025 3:30:13 PM,shuej21,5/9/2025 5:14:50 PM,shuej21,5/20/2025 12:19:50 PM,shuej21,6/16/2025 6:36:13 PM,shuej21
12,101,12249,2,caca,121,LI,LI,W,"LOCATION ERROR - listed as quadrat 101, but confirmed location is quadrat 124",LI,"W,R",,1.3,,,finished,R,5,4,,1,0,0,dc2d9f6e-4ae0-499f-8263-611c76e4bf2c,5/8/2025 3:30:13 PM,shuej21,5/9/2025 5:14:50 PM,shuej21,5/20/2025 12:19:50 PM,shuej21,6/16/2025 6:57:48 PM,shuej21
13,101,12334,2,havi,120,LI,LI,,,LI,"DF,W",,1.3,DV,This stem was very large and did have white wire,finished,W,4,4,,1,0,0,b4172eec-099f-49ce-9bfe-913245f7db81,5/8/2025 3:30:13 PM,shuej21,5/9/2025 5:14:50 PM,shuej21,5/20/2025 12:19:50 PM,shuej21,6/16/2025 7:48:25 PM,shuej21
14,101,12413,2,litu,375,LI,LI,,,LI,,,1.3,,,finished,,5,5,,1,0,0,916401d1-ecd9-4304-ae07-a530c576c6a1,5/8/2025 3:30:13 PM,shuej21,5/9/2025 5:14:50 PM,shuej21,5/20/2025 12:19:50 PM,shuej21,6/16/2025 8:16:33 PM,shuej21
15,130,12474,2,litu,122,LI,DS,"W,F,U",,DS,,,1.3,,,finished,,4,,,1,0,0,69f8c1d2-1ad6-4af5-8de5-5efe4315f88e,5/8/2025 3:30:13 PM,shuej21,5/9/2025 5:14:50 PM,shuej21,5/20/2025 12:19:50 PM,shuej21,6/16/2025 8:30:11 PM,shuej21
16,104,13426,2,acne,136,LI,LI,,,LI,"DF,U",,1.3,DV,,finished,U,4,4,,1,0,0,4af8e33f-bd1a-4276-b46c-ce2b1a33a2a9,5/8/2025 3:30:13 PM,shuej21,5/9/2025 5:14:50 PM,shuej21,5/20/2025 12:19:50 PM,shuej21,6/9/2025 6:48:23 PM,shuej21
17,206,20533,2,caca,119,LI,LI,,ES,LI,"B,W",,1.3,DV,Has ID tag,finished,W,3,3,,2,0,0,93da55ea-0106-4962-948f-ede1329609b8,5/8/2025 3:30:13 PM,shuej21,5/9/2025 5:14:50 PM,shuej21,5/20/2025 12:19:50 PM,shuej21,7/2/2025 8:27:29 PM,RaymondE@si.edu_SI
18,207,20564,2,caca,109,LI,LI,W,,LI,,,1.3,,,finished,,5,5,,1,4,0,7613538b-0ba5-4c13-83e5-8684cdb95d40,5/8/2025 3:30:13 PM,shuej21,5/9/2025 5:14:50 PM,shuej21,5/20/2025 12:19:50 PM,shuej21,7/2/2025 8:15:49 PM,RaymondE@si.edu_SI
19,217,22004,2,litu,285,LI,LI,,,LI,,,1.3,,,finished,,5,5,,1,0,0,60a2eb23-86f4-4065-b0f8-15462f79848a,5/8/2025 3:30:13 PM,shuej21,5/9/2025 5:14:50 PM,shuej21,5/20/2025 12:19:50 PM,shuej21,6/16/2025 2:24:48 PM,shuej21
20,220,22123,2,tiam,328,LI,LI,,,LI,,,1.3,,,finished,,5,5,,1,0,0,25c0666f-f970-4aa4-8d56-ee9827837464,5/8/2025 3:30:13 PM,shuej21,5/9/2025 5:14:50 PM,shuej21,5/20/2025 12:19:50 PM,shuej21,6/17/2025 1:40:49 PM,shuej21
21,222,22178,2,tiam,310,LI,LI,,ES,LI,,,1.3,,,finished,,5,5,,1,0,0,01fd4218-71de-4abd-b268-ff203a6d96f6,5/8/2025 3:30:13 PM,shuej21,5/9/2025 5:14:50 PM,shuej21,5/20/2025 12:19:50 PM,shuej21,6/17/2025 2:01:19 PM,shuej21
22,222,22186,2,tiam,345,LI,LI,,,LI,,,1.3,,,finished,,5,5,,1,0,0,e15c8a1b-7df3-43ec-a621-f199fd99cd90,5/8/2025 3:30:13 PM,shuej21,5/9/2025 5:14:50 PM,shuej21,5/20/2025 12:19:50 PM,shuej21,6/17/2025 2:08:42 PM,shuej21
23,224,22255,2,caca,104,LI,LI,"R,W",ES,,,,1.3,,,not started,,,,,1,0,0,3b3976ee-217a-487a-adb7-fa6e81d03dc2,5/8/2025 3:30:13 PM,shuej21,5/9/2025 5:14:50 PM,shuej21,5/20/2025 12:19:50 PM,shuej21,5/23/2025 11:32:08 AM,shuej21
24,226,22349,2,litu,659,LI,LI,,ES,LI,,,1.3,,,finished,,5,5,,1,0,0,6a06dda8-8cde-437d-9bea-a871859024f7,5/8/2025 3:30:13 PM,shuej21,5/9/2025 5:14:50 PM,shuej21,5/20/2025 12:19:50 PM,shuej21,6/17/2025 5:51:17 PM,shuej21
25,231,22613,2,litu,136,LI,LI,,,LI,,,1.3,M,,finished,,5,5,,1,0,0,e073730f-4e0c-449a-9828-85f58e02a9c8,5/8/2025 3:30:13 PM,shuej21,5/9/2025 5:14:50 PM,shuej21,5/20/2025 12:19:50 PM,shuej21,7/1/2025 4:12:39 PM,RaymondE@si.edu_SI
26,302,30052,2,caca,102,LI,LI,,,,,,1.3,,,not started,,,,,1,0,0,50f7baea-6877-4c25-b951-15f59816f863,5/8/2025 3:30:13 PM,shuej21,5/9/2025 5:14:50 PM,shuej21,5/20/2025 12:19:50 PM,shuej21,5/23/2025 11:32:08 AM,shuej21
27,303,30059,2,caca,116,LI,LI,"R,W",,,,,1.4,L,,not started,,,,,1,0,0,3a2110c1-90cf-4709-8c50-2c46ad38138c,5/8/2025 3:30:13 PM,shuej21,5/9/2025 5:14:50 PM,shuej21,5/20/2025 12:19:50 PM,shuej21,5/23/2025 11:32:08 AM,shuej21
28,304,30095,2,qupr,211,LI,LI,DF,,LI,K,,1.3,,,finished,K,5,4,,1,0,0,cca36320-83dc-4e01-af83-6ecf91aed3cd,5/8/2025 3:30:13 PM,shuej21,5/9/2025 5:14:50 PM,shuej21,5/20/2025 12:19:50 PM,shuej21,5/27/2025 7:27:33 PM,MorrealeLL@SI.EDU_SI
29,305,30220,2,qupr,375,LI,LI,,,LI,,,1.3,,,finished,,5,5,,1,0,0,1b14c384-9864-4222-a9a7-4e62af45b487,5/8/2025 3:30:13 PM,shuej21,5/9/2025 5:14:50 PM,shuej21,5/20/2025 12:19:50 PM,shuej21,5/27/2025 7:22:13 PM,MorrealeLL@SI.EDU_SI
30,307,30339,2,litu,557,LI,LI,,,LI,,,1.3,,,finished,,5,5,,1,0,0,84bd2252-cea1-4cf8-8589-73f2d4755a89,5/8/2025 3:30:13 PM,shuej21,5/9/2025 5:14:50 PM,shuej21,5/20/2025 12:19:50 PM,shuej21,7/3/2025 3:07:37 PM,RaymondE@si.edu_SI
31,307,30339,3,litu,162,LI,LI,"R,W",,LI,,,1.3,,,finished,,5,5,,1,0,0,3508cfc6-06e7-4302-8754-8b7085717a29,5/8/2025 3:30:13 PM,shuej21,5/9/2025 5:14:50 PM,shuej21,5/20/2025 12:19:50 PM,shuej21,7/3/2025 3:06:35 PM,RaymondE@si.edu_SI
32,307,30362,2,caca,115,LI,LI,"R,W,LF",ES,LI,"W,R,LF",,1.3,,,finished,LF,4,4,,1,0,0,799ecd7d-8b92-4206-9f3f-89947f26f452,5/8/2025 3:30:13 PM,shuej21,5/9/2025 5:14:50 PM,shuej21,5/20/2025 12:19:50 PM,shuej21,7/3/2025 2:57:29 PM,RaymondE@si.edu_SI
33,307,30363,2,litu,165,LI,LI,,,LI,,,1.3,,,finished,,5,5,,1,2,0,a892d4e4-1096-4f4d-a075-60aed3f42122,5/8/2025 3:30:13 PM,shuej21,5/9/2025 5:14:50 PM,shuej21,5/20/2025 12:19:50 PM,shuej21,7/3/2025 3:00:26 PM,RaymondE@si.edu_SI
34,317,32031,2,cagl,135,LI,,,,DN,,,1.3,,,finished,,,,,1,0,0,e1e287bf-beb0-4b62-8896-4842e8075522,5/8/2025 3:30:13 PM,shuej21,5/9/2025 5:14:50 PM,shuej21,5/20/2025 12:19:50 PM,shuej21,7/2/2025 4:22:07 PM,RaymondE@si.edu_SI
35,318,32050,2,tiam,144,LI,LI,"B,W,AN",Tree broken 15 percent of the way up. Buck rub,LI,B,,1.3,,,finished,B,2,2,,1,0,0,a67ffbd3-6894-4ebb-a556-234c33c26d17,5/8/2025 3:30:13 PM,shuej21,5/9/2025 5:14:50 PM,shuej21,5/20/2025 12:19:50 PM,shuej21,6/6/2025 4:43:50 PM,shuej21
36,319,32086,2,caca,103,LI,LI,,,LI,,,1.3,,,finished,,5,5,,1,0,0,4d870dff-3abf-4791-b22e-9db32a0b504a,5/8/2025 3:30:13 PM,shuej21,5/9/2025 5:14:50 PM,shuej21,5/20/2025 12:19:50 PM,shuej21,6/6/2025 5:04:37 PM,shuej21
37,320,32116,2,tiam,140,LI,LI,,,LI,,,1.3,,,finished,,5,5,,1,0,0,71b2f346-aaa1-4209-8159-b3144003c607,5/8/2025 3:30:13 PM,shuej21,5/9/2025 5:14:50 PM,shuej21,5/20/2025 12:19:50 PM,shuej21,7/1/2025 4:38:34 PM,RaymondE@si.edu_SI
38,322,32180,2,tiam,192,LI,LI,,,LI,,,1.3,,,finished,,5,5,,1,0,0,73484af6-24c8-4536-bf62-ecead17701af,5/8/2025 3:30:13 PM,shuej21,5/9/2025 5:14:50 PM,shuej21,5/20/2025 12:19:50 PM,shuej21,6/6/2025 5:40:30 PM,shuej21
39,327,32366,2,litu,372,LI,LI,,,LI,,,2.3,"BT,A",Ladder needed to measure - western most stem,finished,,5,5,,1,0,0,30fb0fc8-6daa-4972-89e7-0913ae6b4eff,5/8/2025 3:30:13 PM,shuej21,5/9/2025 5:14:50 PM,shuej21,5/20/2025 12:19:50 PM,shuej21,6/6/2025 7:56:50 PM,shuej21
40,327,32366,4,litu,532,LI,LI,,,LI,,,1.3,"BT,DV",Ladder needed to measure,finished,,5,5,,1,0,0,f5fad368-56e6-45f9-9744-1bd9123bb22f,5/8/2025 3:30:13 PM,shuej21,5/9/2025 5:14:50 PM,shuej21,5/20/2025 12:19:50 PM,shuej21,6/6/2025 7:57:08 PM,shuej21
41,329,32417,2,litu,663,LI,LI,,,LI,,,1.3,,,finished,,5,5,,1,0,0,d2179c85-aad1-408a-8f42-3517556f8664,5/8/2025 3:30:13 PM,shuej21,5/9/2025 5:14:50 PM,shuej21,5/20/2025 12:19:50 PM,shuej21,7/1/2025 3:37:33 PM,RaymondE@si.edu_SI
42,401,40024,2,juni,266,LI,LI,,ES,,,,1.3,,,not started,,,,,1,0,0,17e3c6db-498e-4bee-8267-9bcf7ba4f663,5/8/2025 3:30:13 PM,shuej21,5/9/2025 5:14:50 PM,shuej21,5/20/2025 12:19:50 PM,shuej21,5/23/2025 11:32:08 AM,shuej21
43,401,40028,2,ploc,412,LI,LI,,ES,,,,1.3,,,not started,,,,,1,0,0,0d1f19bd-ac3e-4ef8-80c3-c153fb123fce,5/8/2025 3:30:13 PM,shuej21,5/9/2025 5:14:50 PM,shuej21,5/20/2025 12:19:50 PM,shuej21,5/23/2025 11:32:08 AM,shuej21
44,401,40028,3,ploc,396,LI,LI,,ES,,,,1.3,,,not started,,,,,1,0,0,a7ce6ab9-1be8-4a7e-b46f-58fa5c0162f6,5/8/2025 3:30:13 PM,shuej21,5/9/2025 5:14:50 PM,shuej21,5/20/2025 12:19:50 PM,shuej21,5/23/2025 11:32:08 AM,shuej21
45,409,40664,2,caco,392,LI,LI,"R,K",ES,LI,,,2.3,A,Ladder needed to measure,finished,,5,5,,1,0,0,89f9d942-619b-478f-8123-949a2da36a91,5/8/2025 3:30:13 PM,shuej21,5/9/2025 5:14:50 PM,shuej21,5/20/2025 12:19:50 PM,shuej21,6/18/2025 8:06:02 PM,shuej21
46,412,40873,2,fagr,181,LI,LI,,,LI,,,1.3,DV,This stem wasnâ€™t in the database but had been sprayed previously,finished,,5,5,,1,0,0,bd2bc4f2-c1dd-4735-bdfd-4042f73c9eb4,5/8/2025 3:30:13 PM,shuej21,5/9/2025 5:14:50 PM,shuej21,5/20/2025 12:19:50 PM,shuej21,5/23/2025 6:10:06 PM,shuej21
47,413,40925,2,tiam,183,LI,LI,,,LI,,,1.4,,,finished,,5,5,,1,0,0,8bdf346b-d9a0-4e7c-8799-287f7bc1afe5,5/8/2025 3:30:13 PM,shuej21,5/9/2025 5:14:50 PM,shuej21,5/20/2025 12:19:50 PM,shuej21,7/2/2025 4:52:16 PM,RaymondE@si.edu_SI
48,413,40925,3,tiam,295,LI,LI,W,,LI,,"W, R",1.3,,Stem tag added; stem order doesnâ€™t make sense with dbh but continued for consistency,finished,,5,5,,1,0,0,9cbafd64-ff35-441e-884c-c26422d5d661,5/8/2025 3:30:13 PM,shuej21,5/9/2025 5:14:50 PM,shuej21,5/20/2025 12:19:50 PM,shuej21,7/2/2025 4:53:18 PM,RaymondE@si.edu_SI
49,413,40925,4,tiam,311,LI,LI,,,LI,,,1.3,,Stem tag added,finished,,5,5,,1,0,0,3daeb46e-31ec-4bb9-9791-91342d27f56d,5/8/2025 3:30:13 PM,shuej21,5/9/2025 5:14:50 PM,shuej21,5/20/2025 12:19:50 PM,shuej21,7/2/2025 4:53:37 PM,RaymondE@si.edu_SI
50,413,40941,2,litu,622,LI,DS,"B,F",Placeholder dbh - unable to measure because it has broken there. Broken 10 percent of the way up,DC,,,2.1,"I,A","Not sure if Big tree, Bark peeling out",finished,,,,,1,0,0,68cc412e-6353-43d8-aac4-d82e8b5ae0f2,5/8/2025 3:30:13 PM,shuej21,5/9/2025 5:14:50 PM,shuej21,5/20/2025 12:19:50 PM,shuej21,6/6/2025 6:19:03 PM,shuej21
51,415,40969,2,tiam,323,LI,,,,DS,,,1.3,"P,I,RT,X",Stem is cracked and lying down but not completely detached from roots,finished,,1,,,1,0,0,79f96181-6662-4ce2-aa90-6a72ce1791b4,5/8/2025 3:30:13 PM,shuej21,5/9/2025 5:14:50 PM,shuej21,5/20/2025 12:19:50 PM,shuej21,6/6/2025 3:22:18 PM,shuej21
52,415,40972,2,litu,721,LI,LI,,,LI,"DF,W",,1.3,,,finished,W,5,4,,1,0,0,560fd2e4-e912-46c3-b6aa-4cf4f000150d,5/8/2025 3:30:13 PM,shuej21,5/9/2025 5:14:50 PM,shuej21,5/20/2025 12:19:50 PM,shuej21,6/6/2025 3:25:50 PM,shuej21
53,415,40978,2,caca,129,LI,LI,,,LI,"R,W",,1.3,DV,Was sprayed but not in database,finished,W,5,4,,1,0,0,4c25584c-87fc-496a-99d4-5c4edd909ff1,5/8/2025 3:30:13 PM,shuej21,5/9/2025 5:14:50 PM,shuej21,5/20/2025 12:19:50 PM,shuej21,6/6/2025 3:20:08 PM,shuej21
54,417,42020,2,ploc,422,LI,LI,,,LI,,,1.3,,,finished,,5,5,,1,0,0,d5a4a887-5201-4313-9284-5d02709daca7,5/8/2025 3:30:13 PM,shuej21,5/9/2025 5:14:50 PM,shuej21,5/20/2025 12:19:50 PM,shuej21,6/3/2025 5:28:32 PM,shuej21
55,431,42567,2,caovl,218,LI,LI,K,See comment for main stem,LI,,,1.3,,,finished,,5,5,,1,0,0,defc7ca3-98ee-453b-9967-4ddd2fcb2bd1,5/8/2025 3:30:13 PM,shuej21,5/9/2025 5:14:50 PM,shuej21,5/20/2025 12:19:50 PM,shuej21,7/1/2025 2:42:56 PM,RaymondE@si.edu_SI
56,501,50019,2,ploc,113,LI,,,,,,,1.3,,,not started,,,,,1,0,0,50e5934e-d746-4e30-8a7a-ef75cb9bb665,5/8/2025 3:30:13 PM,shuej21,5/9/2025 5:14:50 PM,shuej21,5/20/2025 12:19:50 PM,shuej21,5/23/2025 11:32:08 AM,shuej21
57,503,50169,2,caca,101,LI,,,,,,,1.4,,,not started,,,,,1,0,0,5f3f48f6-8920-4547-885c-da8be0fcda2d,5/8/2025 3:30:13 PM,shuej21,5/9/2025 5:14:50 PM,shuej21,5/20/2025 12:19:50 PM,shuej21,5/23/2025 11:32:08 AM,shuej21
58,503,50217,2,qupr,306,LI,DS,"R,DF",,,,,1.3,"I,DV",,not started,,,,,1,0,0,38418950-cd24-4e16-b826-a74e1de68254,5/8/2025 3:30:13 PM,shuej21,5/9/2025 5:14:50 PM,shuej21,5/20/2025 12:19:50 PM,shuej21,5/23/2025 11:32:08 AM,shuej21
59,503,50231,2,nysy,143,LI,LI,R,,LI,,Huge wounds along stem,1.3,,,finished,,5,5,,1,0,0,d66da009-5b05-4b25-8c5c-c24ce2da4f64,5/8/2025 3:30:13 PM,shuej21,5/9/2025 5:14:50 PM,shuej21,5/20/2025 12:19:50 PM,shuej21,5/28/2025 5:26:53 PM,MorrealeLL@SI.EDU_SI
60,509,50469,2,caco,446,LI,LI,K,ES,LI,,Massive cankers,1.3,,,finished,,5,5,,1,0,0,0ca1c5a7-075d-4011-88b2-24fba19e8394,5/8/2025 3:30:13 PM,shuej21,5/9/2025 5:14:50 PM,shuej21,5/20/2025 12:19:50 PM,shuej21,5/27/2025 4:36:59 PM,shuej21
61,509,50469,3,caco,406,LI,LI,K,ES,LI,,Massive cankers,1.3,,Northernmost stem,finished,,5,5,,1,0,0,a88d6875-0f1f-44d3-a172-9bad932b60e3,5/8/2025 3:30:13 PM,shuej21,5/9/2025 5:14:50 PM,shuej21,5/20/2025 12:19:50 PM,shuej21,5/27/2025 4:37:33 PM,shuej21
62,509,50474,2,litu,350,LI,,,,LI,,,1.3,,Appears to be only stem,finished,,5,5,,1,0,0,c5c73954-2b25-4e90-b925-aace86bf60ce,5/8/2025 3:30:13 PM,shuej21,5/9/2025 5:14:50 PM,shuej21,5/20/2025 12:19:50 PM,shuej21,5/28/2025 1:15:51 PM,shuej21
63,510,50484,2,quru,449,LI,LI,,,LI,R,,1.3,,,finished,R,5,4,,1,0,0,39814783-a897-451e-89d3-18ce17c2d507,5/8/2025 3:30:13 PM,shuej21,5/9/2025 5:14:50 PM,shuej21,5/20/2025 12:19:50 PM,shuej21,5/23/2025 5:20:12 PM,shuej21
64,511,50515,2,caca,102,LI,,,,LI,R,,1.3,,,finished,R,5,4,,1,0,0,7e57c28b-c1e7-445e-aa25-4b8aa2da31f7,5/8/2025 3:30:13 PM,shuej21,5/9/2025 5:14:50 PM,shuej21,5/20/2025 12:19:50 PM,shuej21,5/23/2025 5:04:10 PM,shuej21
65,513,50555,2,litu,316,LI,LI,,,LI,W,,1.3,,,finished,W,5,4,,1,0,0,178ce8a8-f58b-4251-9bd9-201578346c9c,5/8/2025 3:30:13 PM,shuej21,5/9/2025 5:14:50 PM,shuej21,5/20/2025 12:19:50 PM,shuej21,6/6/2025 1:58:50 PM,shuej21
66,515,50571,2,caca,105,LI,LI,W,,LI,,,1.3,,,finished,,5,5,,2,0,0,fdda59b3-6822-4aef-95c9-8d781d3dfc2b,5/8/2025 3:30:13 PM,shuej21,5/9/2025 5:14:50 PM,shuej21,5/20/2025 12:19:50 PM,shuej21,6/3/2025 3:48:28 PM,shuej21
67,515,50658,5,caca,105,LI,LI,"W,R",,LI,, ,1.3,,,finished,,5,5,,1,0,0,1780b2d3-2e55-4901-9dc1-20755cb82659,5/8/2025 3:30:13 PM,shuej21,5/9/2025 5:14:50 PM,shuej21,5/20/2025 12:19:50 PM,shuej21,6/3/2025 3:55:49 PM,shuej21
68,516,50675,2,caca,101,LI,LI,,,LI,,,1.3,,,finished,,5,5,,1,0,0,12d2e1ae-559c-49b7-93ff-35e7c0e80a4c,5/8/2025 3:30:13 PM,shuej21,5/9/2025 5:14:50 PM,shuej21,5/20/2025 12:19:50 PM,shuej21,6/3/2025 4:23:03 PM,shuej21
69,525,52270,2,caovl,178,LI,LI,,,LI,,,1.3,,,finished,,5,5,,1,0,0,43ad4081-60ca-4392-9161-b6a9820fb554,5/8/2025 3:30:13 PM,shuej21,5/9/2025 5:14:50 PM,shuej21,5/20/2025 12:19:50 PM,shuej21,6/2/2025 6:20:00 PM,shuej21
70,601,60015,2,qual,190,LI,LI,,,,,,1.3,,,not started,,,,,1,0,0,891c13b6-ff53-4f84-acf3-8a33c2aca694,5/8/2025 3:30:13 PM,shuej21,5/9/2025 5:14:50 PM,shuej21,5/20/2025 12:19:50 PM,shuej21,5/23/2025 11:32:08 AM,shuej21
71,603,60040,2,cato,346,LI,,,,LI,,Large wound/rot from split of primary stem,1.3,,,finished,,5,5,,2,0,0,3a52839b-c550-4387-a56a-9e0e84679572,5/8/2025 3:30:13 PM,shuej21,5/9/2025 5:14:50 PM,shuej21,5/20/2025 12:19:50 PM,shuej21,5/28/2025 3:35:42 PM,shuej21
72,610,60200,2,caca,159,LI,LI,"W,R",Massive wound - a large portion of the trunk is missing,DC,CR,,1.3,I,,finished,CR,,,,1,0,0,af02242e-15ee-48dd-8ca2-53cc0f18cc66,5/8/2025 3:30:13 PM,shuej21,5/9/2025 5:14:50 PM,shuej21,5/20/2025 12:19:50 PM,shuej21,6/5/2025 1:11:08 PM,RaymondE@si.edu_SI
73,608,60348,2,qupr,543,LI,LI,,,LI,,,1.3,,,finished,,5,5,,1,0,0,09bf5e80-9898-4fa3-a417-27b4c3ab444c,5/8/2025 3:30:13 PM,shuej21,5/9/2025 5:14:50 PM,shuej21,5/20/2025 12:19:50 PM,shuej21,6/5/2025 8:30:03 PM,shuej21
74,617,62050,2,cato,160,LI,LI,,,LI,,,1.3,,,finished,,5,5,,1,0,0,fa276e0d-93d4-400c-9f70-62225591a827,5/8/2025 3:30:13 PM,shuej21,5/9/2025 5:14:50 PM,shuej21,5/20/2025 12:19:50 PM,shuej21,5/30/2025 6:07:08 PM,shuej21
75,703,70061,2,cato,121,LI,LI,,,LI,K,,1.3,,,finished,K,4,4,,1,0,0,f787a57d-0ff0-4339-aa2f-c0eb9994eab5,5/8/2025 3:30:13 PM,shuej21,5/9/2025 5:14:50 PM,shuej21,5/20/2025 12:19:50 PM,shuej21,5/28/2025 3:18:37 PM,shuej21
76,712,70472,5,fagr,155,LI,LI,,,LI,,,1.3,,,finished,,5,5,,1,0,0,a34a54d2-ac8c-483c-94f4-a509806b6224,5/8/2025 3:30:13 PM,shuej21,5/9/2025 5:14:50 PM,shuej21,5/20/2025 12:19:50 PM,shuej21,5/23/2025 4:36:12 PM,shuej21
77,715,70499,2,litu,450,LI,LI,,,LI,,,1.6,"A,DV,BT",,finished,,5,5,,1,0,0,a11ef111-3213-4a27-b80e-75f8c81e4908,5/8/2025 3:30:13 PM,shuej21,5/9/2025 5:14:50 PM,shuej21,5/20/2025 12:19:50 PM,shuej21,5/27/2025 4:02:33 PM,shuej21
78,717,72041,2,cato,119,LI,LI,"B,K,W",Stem broken 50 percent of the way up the trunk.,LI,,,1.3,,,finished,,5,5,,1,0,0,adf8c203-d3a6-41a3-8cd7-7106f78cc729,5/8/2025 3:30:13 PM,shuej21,5/9/2025 5:14:50 PM,shuej21,5/20/2025 12:19:50 PM,shuej21,6/10/2025 7:20:51 PM,shuej21
79,723,72256,2,litu,205,LI,LI,,,LI,,,1.3,,,finished,,5,5,,1,0,0,e04afd1d-39b4-48b0-b677-e05abe7040b8,5/8/2025 3:30:13 PM,shuej21,5/9/2025 5:14:50 PM,shuej21,5/20/2025 12:19:50 PM,shuej21,6/11/2025 4:08:11 PM,shuej21
80,805,80221,2,acru,110,LI,LI,,,LI,"F,B",,1.3,,,finished,B,3,3,,1,0,0,7c4fea08-9e06-43a7-b05b-f9912cb82ae3,5/8/2025 3:30:13 PM,shuej21,5/9/2025 5:14:50 PM,shuej21,5/20/2025 12:19:50 PM,shuej21,5/28/2025 6:13:43 PM,shuej21
81,820,82139,2,acru,117,LI,LI,,,LI,,,1.3,,,finished,,5,5,,1,0,0,48aad880-4999-42cf-8fb4-0ab49767f95d,5/8/2025 3:30:13 PM,shuej21,5/9/2025 5:14:50 PM,shuej21,5/20/2025 12:19:50 PM,shuej21,6/11/2025 3:17:46 PM,shuej21
82,825,82263,2,cagl,358,LI,LI,,,LI,,,1.4,,,finished,,5,5,,1,0,0,43678643-c5ed-4305-8057-5f39bf2a3fa2,5/8/2025 3:30:13 PM,shuej21,5/9/2025 5:14:50 PM,shuej21,5/20/2025 12:19:50 PM,shuej21,6/11/2025 7:08:53 PM,shuej21
83,828,82357,2,litu,247,LI,LI,,,LI,,,1.3,,,finished,,5,5,,1,0,0,82da09fa-8f87-486f-890b-5cd041001a88,5/8/2025 3:30:13 PM,shuej21,5/9/2025 5:14:50 PM,shuej21,5/20/2025 12:19:50 PM,shuej21,6/11/2025 6:31:20 PM,shuej21
84,829,82368,2,litu,304,LI,LI,,ES,LI,"DF,K",,1.3,,,finished,K,5,4,,1,0,0,45409388-442f-4f04-9903-c05748d721ee,5/8/2025 3:30:13 PM,shuej21,5/9/2025 5:14:50 PM,shuej21,5/20/2025 12:19:50 PM,shuej21,6/11/2025 6:27:12 PM,shuej21
85,904,90413,2,litu,578,LI,LI,,,LI,,,2.3,"A,BT",,finished,,5,5,,1,0,0,e7a7fd25-8c5b-4485-9144-df78fcab491b,5/8/2025 3:30:13 PM,shuej21,5/9/2025 5:14:50 PM,shuej21,5/20/2025 12:19:50 PM,shuej21,6/5/2025 5:13:30 PM,shuej21
86,904,90413,3,litu,276,LI,LI,,,LI,,,1.3,,,finished,,5,5,,1,0,0,79d385f9-d855-480e-befe-79f634e6c971,5/8/2025 3:30:13 PM,shuej21,5/9/2025 5:14:50 PM,shuej21,5/20/2025 12:19:50 PM,shuej21,6/5/2025 5:13:46 PM,shuej21
87,910,90517,2,litu,306,LI,LI,,,LI,,,1.3,,,finished,,5,5,,1,0,0,96eb55ef-0500-44e1-b6ff-a5b7a29d53fb,5/8/2025 3:30:13 PM,shuej21,5/9/2025 5:14:50 PM,shuej21,5/20/2025 12:19:50 PM,shuej21,6/18/2025 3:21:58 PM,shuej21
88,910,90616,3,fagr,130,LI,LI,K,,LI,CR,,1.3,,,finished,CR,1,1,,2,0,0,4002b503-3b7f-457f-9b9c-bedd83c8bee4,5/8/2025 3:30:13 PM,shuej21,5/9/2025 5:14:50 PM,shuej21,5/20/2025 12:19:50 PM,shuej21,6/18/2025 3:06:20 PM,shuej21
89,917,92024,2,quru,466,LI,LI,K,,LI,,,2.3,"BT,A",Ladder needed to measure,finished,,5,5,,1,0,0,37edd064-6b30-48d3-8d77-d13b1b8e4481,5/8/2025 3:30:13 PM,shuej21,5/9/2025 5:14:50 PM,shuej21,5/20/2025 12:19:50 PM,shuej21,6/13/2025 6:10:15 PM,shuej21
90,919,92090,2,cagl,323,LI,LI,K,,LI,,,2.3,"BT,A",Ladder needed to measure,finished,,5,5,,1,0,0,1bffe30a-9556-46bf-b20e-fcf322c2f584,5/8/2025 3:30:13 PM,shuej21,5/9/2025 5:14:50 PM,shuej21,5/20/2025 12:19:50 PM,shuej21,6/11/2025 8:37:50 PM,shuej21
91,923,92270,2,acru,102,LI,LI,B,Break 60% up the tree; ES,LI,B,,1.3,,,finished,B,2,2,,1,0,0,ff5021e5-9a88-41f6-a905-b8b5e91ed66e,5/8/2025 3:30:13 PM,shuej21,5/9/2025 5:14:50 PM,shuej21,5/20/2025 12:19:50 PM,shuej21,6/11/2025 7:39:41 PM,shuej21
92,926,92408,2,nysy,146,LI,LI,"B,W,R",Tree is broken 20 percent of the way up,LI,"B,W,R",,1.3,,,finished,R,2,2,,1,0,0,a3ed93f3-b486-45dd-bcb1-8c46eb5e9e1a,5/8/2025 3:30:13 PM,shuej21,5/9/2025 5:14:50 PM,shuej21,5/20/2025 12:19:50 PM,shuej21,6/20/2025 6:02:37 PM,shuej21
93,926,92409,2,litu,475,LI,LI,,,LI,,,2,"BT,A",Ladder needed to measure,finished,,5,5,,1,0,0,7262c7ee-5277-4bfa-89a2-bcebb9ee9de6,5/8/2025 3:30:13 PM,shuej21,5/9/2025 5:14:50 PM,shuej21,5/20/2025 12:19:50 PM,shuej21,6/20/2025 6:00:29 PM,shuej21
94,927,92450,2,cagl,367,LI,LI,K,ES,LI,,,1.3,,,finished,,5,5,,1,0,0,4a4a0b17-7d34-49a7-80b3-3d4239f36210,5/8/2025 3:30:13 PM,shuej21,5/9/2025 5:14:50 PM,shuej21,5/20/2025 12:19:50 PM,shuej21,6/20/2025 6:28:35 PM,shuej21
95,927,92454,2,caovl,249,LI,LI,,ES,LI,"R,W,DF",,1.3,,,finished,DF,5,4,,1,0,0,919c9ead-ed66-48dd-ba0e-c3b20f87c567,5/8/2025 3:30:13 PM,shuej21,5/9/2025 5:14:50 PM,shuej21,5/20/2025 12:19:50 PM,shuej21,6/20/2025 6:35:42 PM,shuej21
96,929,92512,2,litu,127,LI,LI,,,LI,,,1.3,M,,finished,,5,5,,1,0,0,fca3afd7-ad9a-4e25-86fb-5f5abb5e04ca,5/8/2025 3:30:13 PM,shuej21,5/9/2025 5:14:50 PM,shuej21,5/20/2025 12:19:50 PM,shuej21,6/20/2025 6:54:38 PM,shuej21
97,930,92527,2,litu,187,LI,LI,,ES,LI,,,1.3,,,finished,,5,5,,1,0,0,9df1026b-93b5-4a2a-8241-4ce19949c676,5/8/2025 3:30:13 PM,shuej21,5/9/2025 5:14:50 PM,shuej21,5/20/2025 12:19:50 PM,shuej21,6/20/2025 7:00:04 PM,shuej21
98,1004,100720,2,litu,331,LI,LI,K,IK,LI,,,1.3,,,finished,,5,5,,1,0,0,d013b3cb-2987-486e-a76a-2f5b761f8155,5/8/2025 3:30:13 PM,shuej21,5/9/2025 5:14:50 PM,shuej21,5/20/2025 12:19:50 PM,shuej21,6/18/2025 7:14:08 PM,shuej21
99,1011,100985,2,fagr,116,LI,LI,,,LI,,,1.3,,,finished,,5,5,,1,0,0,222b9057-764f-4f43-b105-aa7204f9d0ed,5/8/2025 3:30:13 PM,shuej21,5/9/2025 5:14:50 PM,shuej21,5/20/2025 12:19:50 PM,shuej21,6/18/2025 6:45:23 PM,shuej21
100,1006,101008,2,tiam,127,LI,LI,,IK,LI,,,1.3,,,finished,,5,5,,1,0,0,3599a9a0-97a9-4e9d-8515-64cdb07ed63a,5/8/2025 3:30:13 PM,shuej21,5/9/2025 5:14:50 PM,shuej21,5/20/2025 12:19:50 PM,shuej21,6/18/2025 4:49:08 PM,shuej21
101,1008,101069,2,litu,291,LI,LI,,IK,DS,"DF,R,W",,1.3,,,finished,W,4,,,1,0,0,96a9af69-e60f-478f-9c59-811fe1aff543,5/8/2025 3:30:13 PM,shuej21,5/9/2025 5:14:50 PM,shuej21,5/20/2025 12:19:50 PM,shuej21,6/18/2025 5:25:54 PM,shuej21
102,1009,101098,2,litu,242,LI,LI,,,LI,,,1.3,,,finished,,5,5,,1,0,0,52e2cb3f-6c93-4541-8135-12f034df21af,5/8/2025 3:30:13 PM,shuej21,5/9/2025 5:14:50 PM,shuej21,5/20/2025 12:19:50 PM,shuej21,6/18/2025 6:14:34 PM,shuej21
103,1014,101170,2,litu,253,LI,LI,,,LI,,,1.3,,,finished,,5,5,,1,0,0,b12249ee-c53b-4e64-ae26-66585c42ab21,5/8/2025 3:30:13 PM,shuej21,5/9/2025 5:14:50 PM,shuej21,5/20/2025 12:19:50 PM,shuej21,6/13/2025 7:37:18 PM,shuej21
104,1028,102430,2,litu,398,LI,LI,"R,W,AN",,LI,,,1.3,,,finished,,5,5,,1,0,0,694dfc9c-4a6e-45d7-8a29-612aaf14df7f,5/8/2025 3:30:13 PM,shuej21,5/9/2025 5:14:50 PM,shuej21,5/20/2025 12:19:50 PM,shuej21,6/20/2025 7:58:17 PM,shuej21
105,1028,102430,3,litu,397,LI,LI,,Southern most tree,LI,,,1.3,,,finished,,5,5,,1,0,0,f0e86f57-8b27-4128-9594-6c03e639eb79,5/8/2025 3:30:13 PM,shuej21,5/9/2025 5:14:50 PM,shuej21,5/20/2025 12:19:50 PM,shuej21,6/20/2025 7:58:55 PM,shuej21
106,1028,102438,2,litu,476,LI,LI,,Northern most stem,LI,,,2.3,"BT,DV,A",Ladder needed to measure - northern most stem,finished,,5,5,,1,0,0,cd144d3b-52af-455d-99cd-0356a3a5ff73,5/8/2025 3:30:13 PM,shuej21,5/9/2025 5:14:50 PM,shuej21,5/20/2025 12:19:50 PM,shuej21,6/20/2025 7:55:05 PM,shuej21
107,1029,102446,2,litu,273,LI,LI,,,LI,,,1.3,,,finished,,5,5,,1,0,0,25d4951f-6c25-4725-9ae0-9bdbc21401b0,5/8/2025 3:30:13 PM,shuej21,5/9/2025 5:14:50 PM,shuej21,5/20/2025 12:19:50 PM,shuej21,6/20/2025 7:49:00 PM,shuej21
108,1107,111032,2,litu,440,LI,LI,,KJB,LI,,,1.3,,,finished,,5,5,,1,0,0,78b8ff69-4df2-4bf1-bc4d-2c6d60e3a796,5/8/2025 3:30:13 PM,shuej21,5/9/2025 5:14:50 PM,shuej21,5/20/2025 12:19:50 PM,shuej21,7/9/2025 3:50:54 PM,RaymondE@si.edu_SI
109,1118,112093,2,litu,548,LI,LI,,ES,LI,,,1.3,,,finished,,5,5,,1,0,0,cce2937c-dfb5-4549-8789-e6f95563be58,5/8/2025 3:30:13 PM,shuej21,5/9/2025 5:14:50 PM,shuej21,5/20/2025 12:19:50 PM,shuej21,6/20/2025 2:58:07 PM,shuej21
110,1126,112388,2,cagl,158,LI,LI,,,LI,,,1.3,,,finished,,5,5,,1,0,0,a6e771da-02cc-47aa-a16e-32af6885f94c,5/8/2025 3:30:13 PM,shuej21,5/9/2025 5:14:50 PM,shuej21,5/20/2025 12:19:50 PM,shuej21,6/30/2025 7:31:48 PM,RaymondE@si.edu_SI
111,1130,112478,2,caovl,135,LI,LI,,,,,,1.3,,,not started,,,,,1,0,0,1a9c3fb8-3cc6-4995-a0a0-6596bdba4e5e,5/8/2025 3:30:13 PM,shuej21,5/9/2025 5:14:50 PM,shuej21,5/20/2025 12:19:50 PM,shuej21,5/23/2025 11:32:08 AM,shuej21
112,1201,120018,2,nysy,228,LI,LI,,,,,,1.3,L,,not started,,,,,1,0,0,630d1ef1-9d9c-4aef-b6e8-71a23ac840a9,5/8/2025 3:30:13 PM,shuej21,5/9/2025 5:14:50 PM,shuej21,5/20/2025 12:19:50 PM,shuej21,5/23/2025 11:32:08 AM,shuej21
113,1204,120830,2,litu,373,LI,LI,,,LI,,,1.3,,,finished,,5,5,,1,0,0,8d561ff2-7d27-4863-b9eb-f9c2ffdf1b0b,5/8/2025 3:30:13 PM,shuej21,5/9/2025 5:14:50 PM,shuej21,5/20/2025 12:19:50 PM,shuej21,7/14/2025 4:03:37 PM,RaymondE@si.edu_SI
114,1210,121187,2,caca,100,LI,LI,,,LI,"F,W,R,DF",,1.3,,,finished,DF,3,2,,2,0,0,0e350e48-743a-418d-be7c-2d291e4813ac,5/8/2025 3:30:13 PM,shuej21,5/9/2025 5:14:50 PM,shuej21,5/20/2025 12:19:50 PM,shuej21,7/9/2025 2:34:21 PM,RaymondE@si.edu_SI
115,1218,122044,2,fagr,185,LI,LI,,,LI,,,1.3,,,finished,,5,5,,1,0,0,4f030fbf-9216-436e-9eaf-a01e1cf81187,5/8/2025 3:30:13 PM,shuej21,5/9/2025 5:14:50 PM,shuej21,5/20/2025 12:19:50 PM,shuej21,6/30/2025 3:41:50 PM,RaymondE@si.edu_SI
116,1229,122489,2,cagl,183,LI,LI,,,,,,1.3,,,not started,,,,,1,0,0,fce3027d-22ed-4736-aa43-68a55b7407e9,5/8/2025 3:30:13 PM,shuej21,5/9/2025 5:14:50 PM,shuej21,5/20/2025 12:19:50 PM,shuej21,5/23/2025 11:32:08 AM,shuej21
117,1232,122563,2,quve,509,LI,LI,,,,,,1.6,"DV,A",,not started,,,,,1,0,0,047d3e4e-b3f6-4ac9-bc24-fee99a3ac389,5/8/2025 3:30:13 PM,shuej21,5/9/2025 5:14:50 PM,shuej21,5/20/2025 12:19:50 PM,shuej21,5/23/2025 11:32:08 AM,shuej21
118,1303,130438,2,litu,420,LI,LI,,KJB,LI,,,1.3,,,finished,,5,5,,1,0,0,bc9efda0-663b-45f6-a234-7cf2ad68a8e1,5/8/2025 3:30:13 PM,shuej21,5/9/2025 5:14:50 PM,shuej21,5/20/2025 12:19:50 PM,shuej21,7/14/2025 3:47:31 PM,RaymondE@si.edu_SI
119,1306,130718,2,litu,219,LI,LI,,KJB,LI,,,1.3,,,finished,,5,5,,1,0,0,99849ec6-4b1c-415b-81e7-c3832839a751,5/8/2025 3:30:13 PM,shuej21,5/9/2025 5:14:50 PM,shuej21,5/20/2025 12:19:50 PM,shuej21,7/15/2025 4:10:51 PM,RaymondE@si.edu_SI
120,1306,130932,2,litu,682,LI,LI,,KJB,LI,,,1.3,,,finished,,5,5,,1,0,0,f422978c-66f9-41b4-b6a6-c9d694cacb84,5/8/2025 3:30:13 PM,shuej21,5/9/2025 5:14:50 PM,shuej21,5/20/2025 12:19:50 PM,shuej21,7/15/2025 4:19:15 PM,RaymondE@si.edu_SI
121,1315,131337,2,caco,148,LI,LI,,,LI,,,1.3,,,finished,,5,5,,1,0,0,c20d92f4-dd93-4027-9ebb-0bfa9ecc6102,5/8/2025 3:30:13 PM,shuej21,5/9/2025 5:14:50 PM,shuej21,5/20/2025 12:19:50 PM,shuej21,7/8/2025 3:23:48 PM,RaymondE@si.edu_SI
122,1331,132464,2,caovl,153,LI,LI,,,,,,1.3,,,not started,,,,,1,0,0,79e19834-962b-4f50-b0f5-47bc2dd2894c,5/8/2025 3:30:13 PM,shuej21,5/9/2025 5:14:50 PM,shuej21,5/20/2025 12:19:50 PM,shuej21,5/23/2025 11:32:08 AM,shuej21
123,1406,140674,2,fagr,107,LI,,,,LI,,,1.3,,,finished,,5,5,,1,0,0,9ffeed3b-ec1c-49ff-ba4c-947187381530,5/8/2025 3:30:13 PM,shuej21,5/9/2025 5:14:50 PM,shuej21,5/20/2025 12:19:50 PM,shuej21,7/14/2025 3:20:25 PM,RaymondE@si.edu_SI
124,1406,140674,3,fagr,100,LI,,,,LI,,,,SV,,finished,,5,5,,1,0,0,604efad4-b545-4891-a98b-62db9a9381b3,5/8/2025 3:30:13 PM,shuej21,5/9/2025 5:14:50 PM,shuej21,5/20/2025 12:19:50 PM,shuej21,7/14/2025 3:20:38 PM,RaymondE@si.edu_SI
125,1425,142371,2,cagl,220,LI,LI,,,,,,1.3,,,not started,,,,,1,0,0,99f9292e-0dc3-4660-a245-5def3e83ef30,5/8/2025 3:30:13 PM,shuej21,5/9/2025 5:14:50 PM,shuej21,5/20/2025 12:19:50 PM,shuej21,5/23/2025 11:32:08 AM,shuej21
126,1505,150783,2,litu,278,LI,LI,,,,,,2.3,"BT,A",Ladder needed to measure,not started,,,,,1,0,0,0c675962-b279-48ca-8c90-a39dafb6c16c,5/8/2025 3:30:13 PM,shuej21,5/9/2025 5:14:50 PM,shuej21,5/20/2025 12:19:50 PM,shuej21,5/23/2025 11:32:08 AM,shuej21
127,1514,151168,2,prav,152,LI,LI,"DF,B,W",Broken 75% up; ES,,,,1.3,B,,not started,,,,,1,0,0,6bf43b9d-47f5-495f-b8eb-3936757f255a,5/8/2025 3:30:13 PM,shuej21,5/9/2025 5:14:50 PM,shuej21,5/20/2025 12:19:50 PM,shuej21,5/23/2025 11:32:08 AM,shuej21
128,1524,152475,2,cagl,222,LI,LI,"R,W,AN",Woodpecker holes. Stem is hollow,,,,1.3,,,not started,,,,,1,0,0,c6ca2b76-715d-4aaf-b36f-17b585c11d53,5/8/2025 3:30:13 PM,shuej21,5/9/2025 5:14:50 PM,shuej21,5/20/2025 12:19:50 PM,shuej21,5/23/2025 11:32:08 AM,shuej21
129,1524,152485,2,cagl,129,LI,LI,,,,,,1.3,,,not started,,,,,1,0,0,021fc5bc-bc38-4fab-a4d0-8f38e0642dba,5/8/2025 3:30:13 PM,shuej21,5/9/2025 5:14:50 PM,shuej21,5/20/2025 12:19:50 PM,shuej21,5/23/2025 11:32:08 AM,shuej21
130,1525,152494,2,quve,461,LI,LI,,,,,,1.3,DV,,not started,,,,,1,0,0,8a5589a6-e8fb-4757-892c-eabb549872b8,5/8/2025 3:30:13 PM,shuej21,5/9/2025 5:14:50 PM,shuej21,5/20/2025 12:19:50 PM,shuej21,5/23/2025 11:32:08 AM,shuej21
131,1531,152690,2,cagl,196,LI,LI,,,,,,1.3,,,not started,,,,,1,0,0,e40ed0a4-ad3a-40cf-b7c1-712cf485dad8,5/8/2025 3:30:13 PM,shuej21,5/9/2025 5:14:50 PM,shuej21,5/20/2025 12:19:50 PM,shuej21,5/23/2025 11:32:08 AM,shuej21
132,1531,152690,3,cagl,235,LI,LI,"W,R",,,,,1.3,,Stem with ID tag,not started,,,,,1,0,0,31eaf5f5-b612-44a0-8a6e-21b100959870,5/8/2025 3:30:13 PM,shuej21,5/9/2025 5:14:50 PM,shuej21,5/20/2025 12:19:50 PM,shuej21,5/23/2025 11:32:08 AM,shuej21
133,1532,152718,2,cagl,330,LI,LI,,,,,,1.3,,,not started,,,,,1,0,0,534887af-8935-4b7a-8d9f-481d25517fcd,5/8/2025 3:30:13 PM,shuej21,5/9/2025 5:14:50 PM,shuej21,5/20/2025 12:19:50 PM,shuej21,5/23/2025 11:32:08 AM,shuej21
134,1601,160234,2,ulam,112,LI,LI,"CR,K",,,,,1.3,,,not started,,,,,1,0,0,eaa836f0-1d01-4635-9154-6c1430bbdf70,5/8/2025 3:30:13 PM,shuej21,5/9/2025 5:14:50 PM,shuej21,5/20/2025 12:19:50 PM,shuej21,5/23/2025 11:32:08 AM,shuej21
135,1601,160248,2,aial,144,LI,LI,B,Stem broken 40 percent of the way up,,,,1.3,,,not started,,,,,1,0,0,2d5d997e-3e2a-4d2d-928a-b7f52369f260,5/8/2025 3:30:13 PM,shuej21,5/9/2025 5:14:50 PM,shuej21,5/20/2025 12:19:50 PM,shuej21,5/23/2025 11:32:08 AM,shuej21
136,1604,160665,2,litu,714,LI,LI,"W,K,R",,,,,1.3,,Northern stem,not started,,,,,1,0,0,78f87b33-994b-4642-a27e-484e2587cc26,5/8/2025 3:30:13 PM,shuej21,5/9/2025 5:14:50 PM,shuej21,5/20/2025 12:19:50 PM,shuej21,5/23/2025 11:32:08 AM,shuej21
137,1604,160665,3,litu,429,LI,LI,,,,,,1.3,,,not started,,,,,1,0,0,4a224cdc-259a-4b64-a5a9-6e0b3e7c5153,5/8/2025 3:30:13 PM,shuej21,5/9/2025 5:14:50 PM,shuej21,5/20/2025 12:19:50 PM,shuej21,5/23/2025 11:32:08 AM,shuej21
138,1607,160770,2,litu,332,LI,LI,,,,,,1.3,,,not started,,,,,1,0,0,06e4d174-303a-4c56-83c4-643f521d84ac,5/8/2025 3:30:13 PM,shuej21,5/9/2025 5:14:50 PM,shuej21,5/20/2025 12:19:50 PM,shuej21,5/23/2025 11:32:08 AM,shuej21
139,1609,160786,2,litu,164,LI,LI,,,,,,1.3,,,not started,,,,,1,0,0,cac7dda6-ac41-411f-ae47-0f7aab69b382,5/8/2025 3:30:13 PM,shuej21,5/9/2025 5:14:50 PM,shuej21,5/20/2025 12:19:50 PM,shuej21,5/23/2025 11:32:08 AM,shuej21
140,1610,160812,2,litu,225,LI,LI,,,,,,1.3,,M moved to uphill side,not started,,,,,1,0,0,f6c52e7b-73cf-40c7-b49a-7ee5eaf2150e,5/8/2025 3:30:13 PM,shuej21,5/9/2025 5:14:50 PM,shuej21,5/20/2025 12:19:50 PM,shuej21,5/23/2025 11:32:08 AM,shuej21
141,1617,162103,2,cagl,120,LI,LI,B,Break 50% up; ES,LI,B,,1.3,B,,finished,B,2,2,,1,2,0,3de75188-b09b-40c5-956f-43bfda2a3633,5/8/2025 3:30:13 PM,shuej21,5/9/2025 5:14:50 PM,shuej21,5/20/2025 12:19:50 PM,shuej21,5/29/2025 4:52:39 PM,shuej21
142,1626,162438,2,qupr,120,LI,LI,,,,,,1.3,,,not started,,,,,1,0,0,7f352add-ded5-4570-91aa-9e0bca026999,5/8/2025 3:30:13 PM,shuej21,5/9/2025 5:14:50 PM,shuej21,5/20/2025 12:19:50 PM,shuej21,5/23/2025 11:32:08 AM,shuej21
143,1631,162489,2,cagl,108,LI,LI,"W,R",,,,,1.3,,,not started,,,,,1,0,0,9df7979e-74d7-4f38-b217-775a46c3b579,5/8/2025 3:30:13 PM,shuej21,5/9/2025 5:14:50 PM,shuej21,5/20/2025 12:19:50 PM,shuej21,5/23/2025 11:32:08 AM,shuej21
144,1629,162575,2,juni,369,LI,LI,,,,,,1.4,A,,not started,,,,,1,0,0,c3e67d91-62fb-479e-9b02-e124dcd5eba8,5/8/2025 3:30:13 PM,shuej21,5/9/2025 5:14:50 PM,shuej21,5/20/2025 12:19:50 PM,shuej21,5/23/2025 11:32:08 AM,shuej21
145,1709,171269,2,litu,435,LI,LI,,,,,,2.3,"SV,BT,DV,A",Ladder needed to measure,not started,,,,,1,0,0,46f41429-11d2-42e2-a974-3215b9a92ae5,5/8/2025 3:30:13 PM,shuej21,5/9/2025 5:14:50 PM,shuej21,5/20/2025 12:19:50 PM,shuej21,5/23/2025 11:32:08 AM,shuej21
146,1728,172471,2,cagl,128,LI,LI,"R,W",ES,,,,1.3,,,not started,,,,,1,0,0,c79e2a58-31e5-4b2e-959a-1080694dd21b,5/8/2025 3:30:13 PM,shuej21,5/9/2025 5:14:50 PM,shuej21,5/20/2025 12:19:50 PM,shuej21,5/23/2025 11:32:08 AM,shuej21
147,1729,172483,2,litu,444,LI,LI,K,Western stem; ES,,,,1.3,,Western stem,not started,,,,,1,0,0,08cbb2ac-dfcc-4518-94f6-42cf0dc4a7b0,5/8/2025 3:30:13 PM,shuej21,5/9/2025 5:14:50 PM,shuej21,5/20/2025 12:19:50 PM,shuej21,5/23/2025 11:32:08 AM,shuej21
148,1812,180818,2,tiam,290,LI,LI,,,,,,1.3,,,not started,,,,,1,0,0,1fb2442a-41e8-4935-a3e9-c80a581794a0,5/8/2025 3:30:13 PM,shuej21,5/9/2025 5:14:50 PM,shuej21,5/20/2025 12:19:50 PM,shuej21,5/23/2025 11:32:08 AM,shuej21
149,1813,180988,2,acru,196,LI,LI,,,,,,1.3,,,not started,,,,,1,0,0,c1def9e2-d2d9-4ebc-b253-330fa6208dac,5/8/2025 3:30:13 PM,shuej21,5/9/2025 5:14:50 PM,shuej21,5/20/2025 12:19:50 PM,shuej21,5/23/2025 11:32:08 AM,shuej21
150,1813,180988,3,acru,259,LI,LI,,,,,,1.3,,,not started,,,,,1,0,0,d429dae4-5ce1-40c5-aa8a-a64bd81040a5,5/8/2025 3:30:13 PM,shuej21,5/9/2025 5:14:50 PM,shuej21,5/20/2025 12:19:50 PM,shuej21,5/23/2025 11:32:08 AM,shuej21
151,1826,182421,2,cato,239,LI,LI,,,,,,1.3,,,not started,,,,,1,0,0,cb960719-404d-434b-86c3-1a55d36685c9,5/8/2025 3:30:13 PM,shuej21,5/9/2025 5:14:50 PM,shuej21,5/20/2025 12:19:50 PM,shuej21,5/23/2025 11:32:08 AM,shuej21
152,1823,182566,2,astr,105,LI,LI,,,,,,1.3,,,not started,,,,,1,0,0,8cdce6a9-2766-4650-8ca6-0d95fba123d4,5/8/2025 3:30:13 PM,shuej21,5/9/2025 5:14:50 PM,shuej21,5/20/2025 12:19:50 PM,shuej21,5/23/2025 11:32:08 AM,shuej21
153,1828,182671,2,quru,661,LI,,,,,,,1.3,,,not started,,,,,1,0,0,dec6c585-fab6-43b7-bab5-30c1c5d68d9a,5/8/2025 3:30:13 PM,shuej21,5/9/2025 5:14:50 PM,shuej21,5/20/2025 12:19:50 PM,shuej21,5/23/2025 11:32:08 AM,shuej21
154,1829,182680,2,cagl,242,LI,LI,,ES,,,,1.3,,,not started,,,,,1,0,0,d1d4c230-ffaf-477f-a11e-0bcac9dc417f,5/8/2025 3:30:13 PM,shuej21,5/9/2025 5:14:50 PM,shuej21,5/20/2025 12:19:50 PM,shuej21,5/23/2025 11:32:08 AM,shuej21
155,1901,190018,2,litu,385,LI,LI,,,,,,2.3,"BT,DV,A",,not started,,,,,1,0,0,a5707a31-ae21-4524-acde-d2ef08ea56bb,5/8/2025 3:30:13 PM,shuej21,5/9/2025 5:14:50 PM,shuej21,5/20/2025 12:19:50 PM,shuej21,5/23/2025 11:32:08 AM,shuej21
156,1912,190557,2,tiam,303,LI,LI,"R,W",Rot extends almost across basal area,,,,1.3,,,not started,,,,,1,0,0,b5ca98f3-d34b-45fb-9481-a464b6affcef,5/8/2025 3:30:13 PM,shuej21,5/9/2025 5:14:50 PM,shuej21,5/20/2025 12:19:50 PM,shuej21,5/23/2025 11:32:08 AM,shuej21
157,1912,190557,3,tiam,147,LI,LI,,,,,,1.3,,,not started,,,,,1,0,0,8463f25e-d3a4-4b39-b451-06efb91b54fa,5/8/2025 3:30:13 PM,shuej21,5/9/2025 5:14:50 PM,shuej21,5/20/2025 12:19:50 PM,shuej21,5/23/2025 11:32:08 AM,shuej21
158,1912,190559,2,tiam,265,LI,LI,,,,,,1.3,,,not started,,,,,1,0,0,c779ba12-9234-4a3b-aa4c-adafb6ef62cc,5/8/2025 3:30:13 PM,shuej21,5/9/2025 5:14:50 PM,shuej21,5/20/2025 12:19:50 PM,shuej21,5/23/2025 11:32:08 AM,shuej21
159,1922,192121,2,litu,281,LI,LI,K,ES,,,,1.3,,,not started,,,,,1,0,0,eb4272d3-4904-44ed-931d-c6b23f57f16c,5/8/2025 3:30:13 PM,shuej21,5/9/2025 5:14:50 PM,shuej21,5/20/2025 12:19:50 PM,shuej21,5/23/2025 11:32:08 AM,shuej21
160,1926,192625,2,cagl,164,LI,LI,,ES,,,,1.3,,,not started,,,,,1,0,0,b5290c19-5c9c-4f2a-859b-abe3208a7a2c,5/8/2025 3:30:13 PM,shuej21,5/9/2025 5:14:50 PM,shuej21,5/20/2025 12:19:50 PM,shuej21,5/23/2025 11:32:08 AM,shuej21
161,1929,192669,2,cagl,154,LI,LI,,ES,,,,1.3,,,not started,,,,,1,0,0,d186dadd-8d27-4b33-8803-446984561c7b,5/8/2025 3:30:13 PM,shuej21,5/9/2025 5:14:50 PM,shuej21,5/20/2025 12:19:50 PM,shuej21,5/23/2025 11:32:08 AM,shuej21
162,1931,192690,2,cagl,235,LI,LI,"CR,AN",Sapsucker holes,,,,1.3,,,not started,,,,,1,0,0,a38d99f1-9a57-4a78-b7df-63d6c5f7555a,5/8/2025 3:30:13 PM,shuej21,5/9/2025 5:14:50 PM,shuej21,5/20/2025 12:19:50 PM,shuej21,5/23/2025 11:32:08 AM,shuej21
163,1931,192690,3,cagl,110,LI,LI,CR,,,,,1.3,,,not started,,,,,1,0,0,25f5e397-a022-488b-ab1c-e87bca072f57,5/8/2025 3:30:13 PM,shuej21,5/9/2025 5:14:50 PM,shuej21,5/20/2025 12:19:50 PM,shuej21,5/23/2025 11:32:08 AM,shuej21
164,2001,200038,2,litu,885,LI,LI,"W,R",,,,,2,"BT,A,M",,not started,,,,,1,0,0,796b20c0-4c3e-44e2-bab3-da77e8642f63,5/8/2025 3:30:13 PM,shuej21,5/9/2025 5:14:50 PM,shuej21,5/20/2025 12:19:50 PM,shuej21,5/23/2025 11:32:08 AM,shuej21
165,2002,200347,2,ploc,382,LI,LI,,,,,,1.3,,,not started,,,,,1,0,0,e64fc2b4-8bf7-4bab-b3da-d52180020046,5/8/2025 3:30:13 PM,shuej21,5/9/2025 5:14:50 PM,shuej21,5/20/2025 12:19:50 PM,shuej21,5/23/2025 11:32:08 AM,shuej21
166,2022,202098,2,caovl,121,LI,LI,,,LI,,,1.3,DV,,finished,,5,5,,1,0,0,b07b4c38-cb07-4813-902e-7251c5407313,5/8/2025 3:30:13 PM,shuej21,5/9/2025 5:14:50 PM,shuej21,5/20/2025 12:19:50 PM,shuej21,7/11/2025 3:44:35 PM,RaymondE@si.edu_SI
167,2024,202162,2,litu,318,LI,LI,"W,R,K","Leaning at base, but straightens out at crown",LI,,,1.3,"DV,I",,finished,,5,5,,1,0,0,9c357b53-a707-4c21-91a9-45375b4be310,5/8/2025 3:30:13 PM,shuej21,5/9/2025 5:14:50 PM,shuej21,5/20/2025 12:19:50 PM,shuej21,7/11/2025 5:44:20 PM,RaymondE@si.edu_SI
168,119,12229,2,fram,180,DS,DS,U,"Dead Standing last survey, doesn’t need fads",DS,,,1.3,,,finished,,2,,,1,0,0,898b69ef-2cb2-4843-b8ee-9e92df5743eb,5/8/2025 3:30:13 PM,shuej21,5/9/2025 5:14:50 PM,shuej21,5/20/2025 12:19:50 PM,shuej21,6/16/2025 6:01:59 PM,shuej21
169,222,22198,2,tiam,159,DS,,,,DC,,,1.3,RT,,finished,,,,,1,0,0,d5a57e47-2bb0-42f0-b479-63956107d4ce,5/8/2025 3:30:13 PM,shuej21,5/9/2025 5:14:50 PM,shuej21,5/20/2025 12:19:50 PM,shuej21,6/17/2025 2:11:23 PM,shuej21
171,315,30560,2,quru,392,DS,LI,"DF,U",Epicormic sprouts a few feet above dbh,DS,"K,W",,1.3,,,finished,W,1,,,1,0,0,02b02c98-8958-4c37-9320-8c4fcfcc4034,5/8/2025 3:30:13 PM,shuej21,5/9/2025 5:14:50 PM,shuej21,5/20/2025 12:19:50 PM,shuej21,6/6/2025 3:42:55 PM,shuej21
172,317,32025,2,qupr,540,DS,DS,U,REMOVE FAD - Should not have to choose fads because it was dead last year,DS,,,1.3,,,finished,,4,,,1,0,0,e938d599-3759-4d5f-9a39-d294c3821863,5/8/2025 3:30:13 PM,shuej21,5/9/2025 5:14:50 PM,shuej21,5/20/2025 12:19:50 PM,shuej21,7/2/2025 4:18:48 PM,RaymondE@si.edu_SI
173,327,32371,2,cagl,0,DS,,,,DC,,,1.3,,,finished,,,,,1,0,0,efa1cd7d-d8f5-431f-b7e2-42ff9047c9f9,5/8/2025 3:30:13 PM,shuej21,5/9/2025 5:14:50 PM,shuej21,5/20/2025 12:19:50 PM,shuej21,7/1/2025 1:56:22 PM,RaymondE@si.edu_SI
174,431,42570,2,litu,113,DS,DS,U,Previously DS - doesn’t need fads,DC,,,1.3,R,,finished,,,,,1,0,0,da345170-c543-40d6-b364-0fc9ed887a4e,5/8/2025 3:30:13 PM,shuej21,5/9/2025 5:14:50 PM,shuej21,5/20/2025 12:19:50 PM,shuej21,7/1/2025 2:38:52 PM,RaymondE@si.edu_SI
175,509,50386,2,quve,0,DS,,,,DS,,,1.3,,,finished,,3,,,1,0,0,4e036bf1-737a-4301-92b0-9da6d0a54e4b,5/8/2025 3:30:13 PM,shuej21,5/9/2025 5:14:50 PM,shuej21,5/20/2025 12:19:50 PM,shuej21,5/27/2025 4:40:22 PM,shuej21
176,917,92029,2,quru,520,DS,DS,"F,DF",,DS,,,1.3,,,finished,,4,,,1,0,0,58c2f574-72fa-4231-8d2f-55c2d382638a,5/8/2025 3:30:13 PM,shuej21,5/9/2025 5:14:50 PM,shuej21,5/20/2025 12:19:50 PM,shuej21,6/13/2025 6:11:16 PM,shuej21
177,1423,142350,2,qupr,170,DS,DS,B,ES,,,,1.3,,,not started,,,,,1,0,0,29e70acd-d3e1-4d46-a290-cde58f8e9fc7,5/8/2025 3:30:13 PM,shuej21,5/9/2025 5:14:50 PM,shuej21,5/20/2025 12:19:50 PM,shuej21,5/23/2025 11:32:08 AM,shuej21
178,1425,142564,2,qual,0,DS,,,,,,,1.4,,,not started,,,,,1,0,0,55710cb2-fb35-4dfe-9cce-8380773a2a85,5/8/2025 3:30:13 PM,shuej21,5/9/2025 5:14:50 PM,shuej21,5/20/2025 12:19:50 PM,shuej21,5/23/2025 11:32:08 AM,shuej21
179,1527,152559,2,qumi,225,DS,DS,U,"Previously DS, does not need fads",,,,1.3,,,not started,,,,,1,0,0,f2a41adb-9552-41ef-8225-2a93111252ed,5/8/2025 3:30:13 PM,shuej21,5/9/2025 5:14:50 PM,shuej21,5/20/2025 12:19:50 PM,shuej21,5/23/2025 11:32:08 AM,shuej21
180,1619,162071,2,caovl,0,DS,,,,,,,1.3,,,not started,,,,,1,0,0,a2948902-a482-45ec-a6f0-4405178c57f1,5/8/2025 3:30:13 PM,shuej21,5/9/2025 5:14:50 PM,shuej21,5/20/2025 12:19:50 PM,shuej21,5/23/2025 11:32:08 AM,shuej21
181,1625,162518,2,cagl,160,DS,DS,U,"Since it was DS last year, it does not need fads",,,,1.4,,,not started,,,,,1,0,0,0b3360d3-6f1b-4674-a4f0-5c114d1d2f80,5/8/2025 3:30:13 PM,shuej21,5/9/2025 5:14:50 PM,shuej21,5/20/2025 12:19:50 PM,shuej21,5/23/2025 11:32:08 AM,shuej21
182,1823,182574,2,fram,326,DS,,,,,,,1.3,,,not started,,,,,1,0,0,6fc1b9e8-5f50-4e12-8044-82f3ad70e14b,5/8/2025 3:30:13 PM,shuej21,5/9/2025 5:14:50 PM,shuej21,5/20/2025 12:19:50 PM,shuej21,5/23/2025 11:32:08 AM,shuej21
183,1510,150883,2,fram,0,DS,,,,DN,,,1.3,,,finished,,,,,1,0,0,157cd985-d235-4c52-aaa7-7d9bd877ce93,5/8/2025 3:30:13 PM,shuej21,5/9/2025 5:14:50 PM,shuej21,5/20/2025 12:19:50 PM,shuej21,7/14/2025 1:50:41 PM,RaymondE@si.edu_SI
184,1510,150883,3,fram,0,DC,,,,DN,,,1.3,,,finished,,,,,1,0,0,310ddbdf-f3f3-4186-ab82-d2cb818d2b82,5/8/2025 3:30:13 PM,shuej21,5/9/2025 5:14:50 PM,shuej21,5/20/2025 12:19:50 PM,shuej21,7/14/2025 1:50:52 PM,RaymondE@si.edu_SI
185,1510,151013,2,fram,0,DS,,,,DS,,,1.3,,,finished,,1,,,1,0,0,1d5af04b-1c30-4b47-9c43-db349dd67daa,5/8/2025 3:30:13 PM,shuej21,5/9/2025 5:14:50 PM,shuej21,5/20/2025 12:19:50 PM,shuej21,7/14/2025 1:54:48 PM,RaymondE@si.edu_SI
186,1510,151103,2,fram,0,DC,,,,DN,,,,,,finished,,,,,1,0,0,ec384a15-0269-4a7c-8272-79d8bb2f70f1,5/8/2025 3:30:13 PM,shuej21,5/9/2025 5:14:50 PM,shuej21,5/20/2025 12:19:50 PM,shuej21,7/14/2025 1:44:52 PM,RaymondE@si.edu_SI
