"tag","StemTag","sp","quadrat","gx","gy","dbh","hom","s8","s13","s14","s15","s16","s17","s18main","s18","s19","s20","status.2021","dendroband","above_50cm_dbh","oak","small_non_oak_no_dendro_random","cored_dead"
40131,1,"fram","0403",65.2,41,635,"1.3","A","A","A","A","A","A","A","A","A","A","PD",0,1,0,0,0
40163,1,"qupr","0403",69.8,59.4,350,"1.3","A","A","A","A","A","A","A","A","A","A","DS",0,0,1,0,0
111252,1,"quru","1114",210.9,270,337,"1.3","A","A","A","A","A","A","A","A","A","A","DS",0,0,1,0,0
20548,1,"fram","0207",23.5,126.2,655,"1.3","A","A","A","A","A","A","D","D","A","A","PD",0,1,0,0,0
110952,1,"litu","1106",217.5,107.6,108,"1.3","A","A",NA,"A","A","A","D","D","A","A","DS",0,0,0,0,1
12299,1,"fram","0126",9,504.6,103,"1.3","A","A","A","A","A","A","D","D","A","A","PD",0,0,0,0,0
22130,1,"fram","0220",35.1,391.1,556,"1.3","A","A","A","A","A","A","A","A","A","A","DS",0,1,0,0,0
30309,1,"caovl","0305",51.4,90,234,"1.3","A","A","A","A","A","A","A","A","A","A","PD",0,0,0,0,0
152702,1,"fram","1531",294.5,614.4,419,"1.3","A","A","A","A","A","A","A","A","A","A","DS",0,0,0,0,0
22333,2,"fram","0226",25.5,502.7,378,"1.4","A","A","A","A","A","A","A","A","A","A","DS",0,0,0,1,0
111195,1,"qual","1113",201.2,242.7,114,"1.3","A","A","A","A","A","A","D","D","A","A","PD",0,0,1,0,1
111196,1,"qupr","1113",203.8,244.7,472,"1.3","A","A","A","A","A","A","D","D","A","A","PD",0,0,1,0,1
111235,1,"qupr","1113",211.2,252.6,208,"1.3","A","A","A","A","A","A","A","A","A","A","DS",0,0,1,0,0
70159,1,"qupr","0706",123.3,116.7,358,"1.3","A","A","A","A","A","A","G","D","A","A","DS",0,0,1,0,0
30145,2,"frni","0302",51.5,36.3,159,"1.3","A","A","A","A","A","A","D","D","A","A","PD",0,0,0,0,0
30109,1,"fram","0301",53.7,2.5,544,"1.3","A","A","A","A","A","A","D","D","A","A","PD",0,1,0,0,1
33337,1,"cagl","0315",50.1,288.3,149,"1.3","D","A","A","A","A","A","D","D","A","A","PD",0,0,0,0,0
40617,1,"quru","0406",73,112.2,559,"1.3","A","A","A","A","A","A","D","D","A","A","PD",0,1,1,0,1
50386,1,"quve","0509",88.7,163.3,563,"1.3","A","A","A","A","A","A","A","A","A","A","DS",0,1,1,0,0
50473,1,"juni","0509",93.9,175.7,326,"1.3","A","A","A","A","A","A","A","A","A","A","PD",0,0,0,0,0
162521,1,"qupr","1626",301.5,503,150,"1.3","A","A","A","A","A","A","A","A","A","A","DS",0,0,1,0,0
162531,1,"cagl","1626",305.7,517.5,186,"1.3","A","A",NA,"A","A","A","A","A","A","A","DC",0,0,0,0,0
162001,1,"pist","1617",302.9,322.2,300,"1.3","A","A","A","A","A","A","A","A","A","A","DS",0,0,0,0,0
162101,1,"cagl","1617",312.1,322.9,208,"1.3","A","A","A","A","A","A","A","A","A","A","DS",0,0,0,0,0
161005,1,"ceca","1613",313.1,247,136,"1.3","A","A","A","A","A","A","D","D","A","A","PD",0,0,0,0,0
161008,1,"fram","1613",312.6,256.7,806,"1.3","A","A","A","A","A","A","A","A","A","A","DS",0,1,0,0,0
160849,1,"fram","1613",305.9,253.1,215,"1.3","A","A","A","A","A","A","D","D","A","A","PD",0,0,0,0,0
180791,1,"cagl","1811",349.6,204.1,404,"1.3","A","A","A","A","A","A","A","A","A","A","DS",1,0,0,0,0
140756,1,"quve","1408",261.3,146.2,710,"1.3","A","A","A","A","A","A","A","A","A","A","DS",1,1,1,0,1
130775,1,"fram","1308",242.2,146.5,208,"1.3","A","A","A","A","A","A","A","A","A","A","DC",0,0,0,0,0
120397,1,"fram","1203",238.8,40.9,161,"1.3","A","A","A","A","A","A","A","A","A","A","PD",0,0,0,0,0
60161,1,"qupr","0608",117.5,151.7,869,"1.3","A","A","A","A","A","A","A","A","A","A","DS",1,1,1,0,0
60143,1,"quru","0607",116.2,133.9,303,"1.3","A","A","A","A","A","A","A","A","A","A","DC",0,0,1,0,0
120794,1,"litu","1205",230,87.6,397,"1.3","A","A","A","A","A","A","A","A","A","A","DS",0,0,0,0,0
130991,1,"quve","1307",255.1,120.6,739,"1.3","A","A","A","A","A","A","A","A","A","A","DS",0,1,1,0,0
130996,1,"quru","1307",249.2,127.6,163,"1.3","A","A","A","A","A","A","A","A","A","A","DS",0,0,1,0,0
140733,1,"quve","1407",264.2,127,705,"1.1","A","A","A","A","A","A","A","A","A","A","DS",0,1,1,0,0
180940,1,"litu","1810",352,192.4,163,"1.3","A","A","A","A","A","A","A","A","A","A","PD",0,0,0,0,0
180778,1,"quve","1809",352.6,174.1,376,"1.3","A","A","A","A","A","A","D","D","A","A","PD",0,0,1,0,1
180914,1,"fram","1808",345.1,158.5,143,"1.3","A","A","A","A","A","A","A","A","A","A","DS",0,0,0,0,0
180910,1,"fram","1808",351,150,119,"1.3","A","A","A","A","A","A","A","A","A","A","DS",0,0,0,0,0
180686,1,"ceca","1807",340.3,125.2,120,"1.3","A","A","A","A","A","A","A","A","A","A","DS",0,0,0,0,0
180426,1,"fram","1802",340.9,34.1,102,"1.3","A","A","A","A","A","A","A","A","A","A","DS",0,0,0,0,0
180141,1,"ulru","1802",342.6,28.3,166,"1.3","A","A","A","A","A","A","D","D","A","A","PD",0,0,0,0,0
170452,1,"fram","1701",331.1,8,277,"1.3","A","A","A","A","A","A","A","A","A","A","DS",0,0,0,0,0
170965,1,"frni","1703",328.1,56.1,161,"1.3","A","A","A","A","A","A","A","A","A","A","DS",0,0,0,0,0
170948,1,"fram","1703",331.5,57.8,178,"1.3","A","A",NA,"A","A","A","A","A","A","A","DC",0,0,0,0,0
171217,1,"fram","1705",338.2,97.1,160,"1.3","A","A","A","A","A","A","A","A","A","A","DS",0,0,0,0,0
160990,1,"fram","1612",319.7,238.9,487,"1.3","A","A","A","A","A","A","A","A","A","A","PD",0,0,0,0,0
161024,1,"fram","1614",303.6,267.4,733,"1.3","A","A","A","A","A","A","D","D","A","A","PD",0,1,0,0,1
161504,1,"fram","1615",320,285,220,"1.3","A","A","A","A","A","A","A","A","A","A","DS",0,0,0,0,0
161562,1,"fram","1615",308.3,296.4,502,"1.3","A","A","A","A","A","A","A","A","A","A","DS",0,1,0,0,0
162030,1,"qupr","1618",301.6,359.8,136,"1.3","A","A","A","A","A","A","A","A","A","A","DS",0,0,1,0,0
162069,1,"amar","1619",304.2,379.6,127,"1.3","A","A","A","A","A","A","A","A","A","A","DS",0,0,0,0,0
162071,2,"caovl","1619",309.6,378.8,115,"1.3","A","A","A","A","A","A","A","A","A","A","DS",0,0,0,0,0
162309,1,"fram","1620",317.2,390.3,415,"1.3","A","A",NA,"A","A","A","D","D","A","A","PD",0,0,0,0,0
162315,1,"nysy","1620",315.2,394.5,132,"1.3","A","A","A","A","A","A","A","A","A","A","DS",0,0,0,0,0
162353,1,"caco","1621",318.7,415.6,588,"1.3","A","A","A","A","A","A","A","A","A","A","DC",0,1,0,0,0
162391,1,"quru","1623",312.9,451.7,105,"1.3","A","A","A","A","A","A","A","A","A","A","DC",0,0,1,0,0
162361,1,"ulru","1622",319.8,421.2,126,"1.3","A","A","A","A","A","A","A","A","A","A","PD",0,0,0,0,0
162518,2,"cagl","1625",305.6,496.1,168,"1.4","A","A","A","A","A","A","A","A","A","A","DS",0,0,0,0,0
162443,1,"fram","1627",319.8,534,212,"1.3","A","A","A","A","A","A","A","A","A","A","DS",0,0,0,1,0
162540,1,"qual","1627",301.7,535,485,"1.3","A","A","A","A","A","A","A","A","A","A","DS",0,0,1,0,0
162551,1,"ceca","1628",314.3,541.1,107,"1.3","A","A","A","A","A","A","A","A","A","A","DC",0,0,0,1,0
162570,1,"fram","1628",306.5,559.6,169,"1.3","A","A",NA,"A","A","A","A","A","A","A","DS",0,0,0,0,0
162591,1,"fram","1629",320,570.9,277,"1.3","A","A","A","A","A","A","A","A","A","A","DS",0,0,0,0,1
162458,1,"fram","1630",313.3,598.5,288,"1.3","A","A","A","A","A","A","A","A","A","A","DC",0,0,0,0,1
162605,1,"fram","1632",319.7,622.2,415,"1.3","A","A","A","A","A","A","A","A","A","A","DC",0,0,0,0,0
50455,1,"qual","0508",99.5,158.5,341,"1.3","A","A","A","A","A","A","A","A","A","A","DS",0,0,1,0,0
50372,1,"quve","0508",92.4,149.8,363,"1.3","A","A","A","A","A","A","A","A","A","A","DS",0,0,1,0,0
140814,1,"cagl","1410",269.8,191.2,190,"1.3","A","A","A","A","A","A","A","A","A","A","DS",0,0,0,0,0
151021,1,"quru","1510",283.7,196.7,563,"1.3","A","A",NA,NA,NA,NA,"D","D","A","A","DS",0,1,1,0,1
180817,1,"fram","1812",352.6,235.1,136,"1.3","A","A",NA,"A","A","A","D","D","A","A","PD",0,0,0,0,0
180967,1,"fram","1812",341.5,226.6,196,"1.3","A","A","A","A","A","A","D","D","A","A","PD",0,0,0,0,0
180968,1,"frni","1812",346.4,226.7,129,"1.3","A","A","A","A","A","A","D","D","A","A","PD",0,0,0,0,1
180995,1,"prav","1814",343.2,270.9,110,"1.3","A","A","A","A","A","A","D","D","A","A","PD",0,0,0,0,0
180840,1,"nysy","1814",355.4,270.8,418,"1.3","A","A",NA,NA,NA,NA,"D","D","A","A","PD",0,0,0,0,0
180832,1,"fram","1814",354.6,263.6,421,"1.3","A","A","A","A","A","A","A","A","A","A","DS",0,0,0,0,0
182744,1,"fram","1832",359,624.6,475,"1.3","A","A","A","A","A","A","A","A","A","A","DS",0,0,0,0,0
182755,1,"fram","1832",346.7,634.3,780,"1.3","A","A","A","A","A","A","A","A","A","A","DS",0,1,0,0,0
192562,1,"fram","1931",379.7,605.4,504,"1.3","A","A","A","A","A","A","A","A","A","A","DS",0,1,0,0,0
192568,1,"fram","1931",375.4,609.6,130,"1.3","A","A","A",NA,NA,NA,"A","A","A","A","DS",0,0,0,1,1
192575,1,"fram","1931",366.2,614.7,402,"1.3","A","A","A","A","A","A","A","A","A","A","DS",0,0,0,0,0
190826,1,"quru","1915",371.5,295,309,"1.3","A","A","A","A","A","A","A","A","A","A","DS",0,0,1,0,0
190838,1,"quru","1916",379.1,319.7,595,"1.3","A","A",NA,NA,NA,NA,"A","A","A","A","DS",1,1,1,0,0
190935,1,"quru","1916",369.4,317.1,246,"1.3","A","A","A","A","A","A","A","A","A","A","DC",1,0,1,0,0
192064,1,"qupr","1920",378,391.7,518,"1.3","A","A","A","A","A","A","A","A","A","A","DS",1,1,1,0,0
192261,1,"acru","1921",368.4,402.3,134,"1.3","A","A","A","A","A","A","D","D","A","A","PD",0,0,0,0,0
192154,1,"fram","1924",376.7,476.4,576,"1.3","A","A","A","A","A","A","D","D","A","A","PD",0,1,0,0,1
192192,1,"fram","1925",375.4,482.4,570,"1.3","A","A","A","A","A","A","A","A","A","A","DC",0,1,0,0,0
192364,1,"ulru","1925",368.9,487.5,335,"1.3","A","A","A","A","A","A","A","A","A","A","DC",0,0,0,0,0
192552,1,"fram","1929",376.7,577.4,147,"1.3","A","A","A","A","A","A","D","D","A","A","PD",0,0,0,1,1
192683,1,"fram","1930",366.5,588.1,114,"1.3","A","A","A",NA,NA,NA,"D","D","A","A","PD",0,0,0,0,1
182703,1,"fram","1831",354.6,617.9,151,"1.3","A","A","A","A","A","A","A","A","A","A","DS",0,0,0,0,0
182455,1,"fram","1829",347.1,563.6,256,"1.3","A","A","A","A","A","A","D","D","A","A","PD",0,0,0,0,1
182685,1,"quru","1829",354.9,572.7,653,"1.3","A","A","A","A","A","A","A","A","A","A","DC",0,1,1,0,0
182678,1,"fram","1828",356.6,558.7,172,"1.3","A","A","A","A","A","A","A","A","A","A","DS",0,0,0,0,0
182447,1,"ulru","1828",344.6,553.8,141,"1.3","A","A",NA,NA,NA,NA,"A","A","A","A","DS",0,0,0,0,0
182396,1,"fram","1824",359.9,478.6,373,"1.3","A","A","A","A","A","A","A","A","A","A","DS",0,0,0,0,0
182415,1,"litu","1826",352.5,506.9,507,"1.3","D","D","A","A","A","A","A","A","A","A","DS",0,1,0,0,0
182161,1,"fram","1822",356.8,423.2,1102,"1.3","A","A","A","A","A","A","A","A","A","A","DC",1,1,0,0,0
182310,1,"fram","1821",341,413.5,403,"1.3","A","A","A","A","A","A","A","A","A","A","DS",0,0,0,0,0
182070,1,"qupr","1820",352.7,393,199,"1.3","A","A","A","A","A","A","A","A","A","A","DC",0,0,1,0,0
172260,1,"qupr","1720",339.4,385.1,663,"1.3","A","A","A","A","A","A","D","D","A","A","PD",0,1,1,0,0
182051,1,"quve","1819",358,360.4,218,"1.3","A","A","A","A","A","A","A","A","A","A","DS",0,0,1,0,0
180868,1,"nysy","1816",352.7,313.3,222,"1.3","A","A",NA,"A","A","A","A","A","A","A","DS",0,0,0,0,0
180828,1,"fram","1813",356.1,250.1,255,"1.3","A","A","A","A","A","A","A","A","A","A","DS",0,0,0,0,0
180829,1,"ceoc","1813",359.2,250,107,"1.3","A","A","A","A","A","A","A","A","A","A","DS",0,0,0,0,0
111029,1,"litu","1107",217.2,139,125,"1.3","A","A","A","A","A","A","A","A","A","A","DC",1,0,0,0,0
110902,1,"litu","1105",214.8,82.7,131,"1.3","A","A",NA,"A","A","A","D","D","A","A","DS",0,0,0,1,1
110920,1,"quve","1105",219.1,96.5,788,"1.3","A","A",NA,"A","A","A","A","A","A","A","DS",0,1,1,0,1
110783,1,"fram","1104",212.2,67.8,124,"1.3","A","A","A","A","A","A","A","A","A","A","DS",0,0,0,0,0
202616,1,"fram","2025",396,492.4,570,"1.3","A","A",NA,"A","A","A","A","A","A","A","DS",0,1,0,0,0
190596,1,"fram","1914",360.7,270.1,116,"1.3","A","A",NA,NA,NA,NA,"A","A","A","A","PD",0,0,0,0,0
190750,1,"fram","1912",374.5,220.7,161,"1.3","A","A","A","A","A","A","D","D","A","A","PD",0,0,0,0,0
190767,1,"fram","1912",374.7,234.1,154,"1.3","A","A",NA,NA,NA,NA,"A","A","A","A","DS",0,0,0,0,0
190770,1,"fram","1912",374.2,236.9,212,"1.3","A","A","A","A","A","A","A","A","A","A","DS",0,0,0,0,0
190735,1,"fram","1911",372.1,211,173,"1.3","A","A","A","A","A","A","A","A","A","A","DS",0,0,0,0,1
190737,1,"ulru","1911",376.7,213.8,105,"1.3","A","A","A","A","A","A","A","A","A","A","PD",0,0,0,0,0
190541,1,"fram","1911",361.5,209,285,"1.3","A","A","A","A","A","A","A","A","A","A","DS",0,0,0,0,0
190549,1,"frni","1911",371.6,219.4,170,"1.3","A","A","A","A","A","A","D","D","A","A","PD",0,0,0,0,1
121408,1,"cagl","1212",231.3,226,371,"1.3","A","A","A","A","A","A","A","A","A","A","DC",0,0,0,0,0
121405,1,"cagl","1212",238.6,220.5,302,"1.3","A","A","A","A","A","A","A","A","A","A","DC",0,0,0,0,0
121163,1,"litu","1208",237.1,159.3,101,"1.3","A","A","A","A","A","A","A","A","A","A","DS",0,0,0,0,0
121156,1,"litu","1208",239.8,152.3,106,"1.3","A","A","A","A","A","A","A","A","A","A","DC",0,0,0,0,0
130788,1,"caovl","1309",247.7,167.7,149,"1.3","A","A","A","A","A","A","A","A","A","A","DC",0,0,0,0,1
131144,1,"caca","1311",241.8,206.9,113,"1.3","A","A","A","A","A","A","A","A","A","A","DC",0,0,0,0,0
200578,1,"fram","2007",389.4,129.4,111,"1.3","A","A","A","A","A","A","D","D","A","A","PD",0,0,0,0,1
190060,1,"litu","1902",373,24.1,280,"1.3","A","A",NA,NA,NA,NA,"A","A","A","A","DS",0,0,0,0,0
190421,1,"fram","1904",374.6,69.9,167,"1.3","A","A","A","A","A","A","A","A","A","A","DS",0,0,0,1,0
190422,1,"fram","1904",374.6,70.7,119,"1.3","A","A","A","A","A","A","A","A","A","A","DS",0,0,0,0,0
190703,1,"fram","1910",377,182.9,696,"1.3","A","A","A","A","A","A","A","A","A","A","DS",0,1,0,0,0
190785,1,"ceca","1913",375.9,250.6,113,"1.3","A","A","A","A","A","A","A","A","A","A","DS",0,0,0,1,0
121297,1,"qupr","1210",221,193.9,163,"1.3","A","A","A","A","A","A","A","A","A","A","DS",0,0,1,0,0
202975,1,"ulru","2032",381.2,628.8,144,"1.3","A","A",NA,NA,NA,NA,"A","A",NA,"A","DS",0,0,0,0,0
202595,1,"fram","2032",388.7,636.8,492,"1.3","A","A",NA,"A","A","A","A","A","A","A","DS",0,0,0,0,0
202965,1,"fram","2032",397.2,636.3,445,"1.3","A","A",NA,NA,NA,NA,"A","A",NA,"A","DS",0,0,0,0,0
202570,1,"ulru","2031",384.8,600.6,185,"1.3","A","A",NA,"A","A","A","D","D","A","A","PD",0,0,0,0,0
202940,1,"fram","2031",399.1,605.4,103,"1.3","A","A","A","A","A","A","A","A","A","A","DS",0,0,0,0,0
202580,1,"fram","2031",387.2,613.9,121,"1.3","A","A",NA,"A","A","A","A","A","A","A","PD",0,0,0,0,0
202581,1,"fram","2031",382.4,616.7,273,"1.3","A","A",NA,"A","A","A","A","A","A","A","DS",1,0,0,0,0
202565,1,"fram","2030",389.2,587.4,145,"1.3","A","A",NA,"A","A","A","A","A","A","A","DS",0,0,0,0,0
202568,1,"fram","2030",381.5,589.4,104,"1.3","A","A",NA,"A","A","A","D","D","A","A","PD",0,0,0,0,0
202933,1,"fram","2030",382.4,596.1,240,"1.3","A","A","A",NA,"A","A","A","A","A","A","DS",0,0,0,0,0
202797,1,"fram","2028",396.2,552.7,344,"1.3","A","A",NA,"A","A","A","A","A","A","A","DS",0,0,0,0,0
202758,1,"fram","2027",390.1,523.2,235,"1.3","A","A","A","A","A","A","A","A","A","A","DS",0,0,0,0,0
202759,1,"fram","2027",387.8,520.7,145,"1.3","A","A",NA,"A","A","A","D","D","A","A","PD",0,0,0,0,0
202761,1,"ulru","2027",384.9,522,280,"1.3","A","A",NA,"A","A","A","A","A","A","A","DS",0,0,0,0,0
202775,1,"fram","2027",396.5,539.3,854,"1.3","A","A",NA,"A","A","A","D","D","A","A","PD",0,1,0,0,1
202733,1,"fram","2026",397.8,508.5,307,"1.3","A","A",NA,"A","A","A","A","A","A","A","DS",0,0,0,0,0
101095,1,"qupr","1009",189,168.6,279,"1.3","A","A","A","A","A","A","D","D","A","A","PD",0,0,1,0,0
100924,1,"litu","1008",199.3,158.3,222,"1.3","A","A","A","A","A","A","A","A","A","A","DS",0,0,0,0,0
100839,1,"nysy","1006",195.2,110.5,225,"1.3","A","A","A","A","A","A","A","A","A","A","DS",0,0,0,0,0
100680,1,"cagl","1004",181.6,61,278,"1.3","A","A","A","A","A","A","D","D","A","A","PD",0,0,0,0,1
100005,1,"litu","1001",192.7,0.4,260,"1.3","A","A","A","A","A","A","A","A","A","A","PD",0,0,0,0,0
110735,1,"fram","1103",203.9,58.8,119,"1.3","A","A","A","A","A","A","A","A","A","A","DS",0,0,0,0,0
171471,1,"qual","1715",322.9,289.1,226,"1.3","A","A","A","A","A","A","A","A","A","A","DS",0,0,1,0,0
171446,1,"fram","1714",324.7,260.3,439,"1.3","A","A","A","A","A","A","A","A","A","A","DS",0,0,0,0,0
171358,1,"fram","1714",336,274.1,924,"1.3","A","A","A","A","A","A","A","A","A","A","DS",1,1,0,0,0
171307,1,"fram","1712",331.4,231.3,117,"1.3","A","A","A","A","A","A","A","A","A","A","DS",0,0,0,0,0
171303,1,"fram","1712",335.4,225.8,284,"1.3","A","A","A","A","A","A","A","A","A","A","DS",0,0,0,0,0
171402,1,"litu","1710",322.5,195,143,"1.3","A","A","A","A","A","A","A","A","A","A","DS",0,0,0,0,0
172544,1,"fram","1728",329.6,555.4,158,"1.3","A","A","A","A","A","A","A","A","A","A","PD",0,0,0,0,0
172539,1,"fram","1728",322.3,546.3,140,"1.3","A","A","A","A","A","A","D","D","A","A","PD",0,0,0,0,0
172463,1,"fram","1728",331.3,545.9,569,"1.3","A","A","A","A","A","A","A","A","A","A","DS",0,1,0,0,0
172587,1,"fram","1731",330.4,615.4,451,"1.3","A","A","A","A","A","A","D","D","A","A","PD",0,0,0,0,0
172627,1,"cofl","1731",332.2,618.6,101,"1.3","A","A","A","A","A","A","A","A","A","A","DS",0,0,0,0,0
172626,1,"fram","1731",332.5,615.7,501,"1.3","A","A","A","A","A","A","D","D","A","A","PD",0,1,0,0,0
172623,1,"fram","1731",332.3,609.3,230,"1.3","A","A","A","A","A","A","A","A","A","A","DS",0,0,0,0,0
172629,1,"fram","1732",329.5,626.3,386,"1.3","A","A",NA,"A","A","A","A","A","A","A","DS",0,0,0,0,0
172630,1,"fram","1732",335.3,629.5,296,"1.3","A","A","A","A","A","A","A","A","A","A","DS",0,0,0,0,0
172633,1,"fram","1732",334.6,632.5,420,"1.3","A","A",NA,"A","A","A","A","A","A","A","DS",0,0,0,0,0
172634,1,"fram","1732",338.1,634.1,285,"1.3","A","A","A","A","A","A","A","A","A","A","DS",0,0,0,0,0
172534,1,"ulru","1727",320.1,530.8,273,"1.3","A","A",NA,"A","A","A","A","A","A","A","DS",0,0,0,0,0
172402,1,"quru","1725",335,485,340,"1.3","A","A","A","A","A","A","A","A","A","A","DS",0,0,1,0,0
172384,1,"ceca","1723",335,458.5,130,"1.3","A","A","A","A","A","A","A","A","A","A","DS",0,0,0,0,0
172155,1,"qual","1723",327.4,443.7,275,"1.3","A","A","A","A","A","A","D","D","A","A","PD",0,0,1,0,0
172370,1,"ceca","1723",332.1,441.4,171,"1.3","A","A","A","A","A","A","A","A","A","A","DS",0,0,0,0,0
172151,1,"vipr","1722",321.4,434.8,109,"1.3","A","A","A","A","A","A","A","A","A","A","PD",0,0,0,0,0
172325,1,"fram","1721",339,411.9,799,"1.3","A","A",NA,"A","A","A","A","A","A","A","DS",0,1,0,0,0
172328,1,"fram","1721",334.7,415,680,"1.3","A","A","A","A","A","A","A","A","A","A","DS",0,1,0,0,0
80037,1,"prav","0802",145.1,37.5,196,"1.3","A","A","A","A","A","A","D","D","A","A","DC",0,0,0,0,0
70357,1,"cagl","0708",139.7,140.1,115,"1.3","A","A","A","A","A","A","D","D","A","A","PD",1,0,0,0,0
70186,1,"cagl","0708",124.3,143.5,493,"1.3","A","A","A","A","A","A","A","A","A","A","DS",0,0,0,0,0
150743,1,"fram","1503",281.2,49.8,129,"1.3","A","A",NA,"A","A","A","A","A","A","A","DS",0,0,0,0,0
150756,1,"prse","1503",293.6,56.3,933,"1.3","A","A","A","A","A","A","D","D","A","A","DS",1,1,0,0,0
80625,1,"cagl","0810",156,199.7,385,"1.3","A","A","A","A","A","A","A","A","A","A","DS",0,0,0,0,0
171481,1,"coal","1716",320.2,304.4,139,"1","A","A","A","A","A","A","A","A","A","A","DC",0,0,0,0,0
80398,1,"caco","0807",140.2,139.7,191,"1.3","A","A","A","A","A","A","D","D","A","A","PD",1,0,0,0,1
83628,1,"havi","0806",142.2,114.5,103,"1.3","D","D","A","A","A","A","A","A","A","A","PD",0,0,0,0,0
80286,1,"qupr","0806",142,100.7,197,"1.3","A","A","A","A","A","A","D","D","A","A","DS",0,0,1,0,0
80233,1,"quru","0805",152.6,83.7,742,"1.3","A","A","A","A","A","A","A","A","A","A","DS",0,1,1,0,0
80159,1,"quve","0803",154,48.3,280,"1.3","A","A","A","A","A","A","A","A","A","A","DS",0,0,1,0,0
80068,1,"quve","0803",147.3,44.4,443,"1.3","A","A","A","A","A","A","A","A","A","A","DC",0,0,1,0,0
90288,1,"acru","0904",176.4,63.6,175,"1.3","A","A","A","A","A","A","A","A","A","A","DS",0,0,0,0,0
90607,1,"litu","0910",165.4,187.3,151,"1.3","A","A",NA,"A","A","A","A","A","A","A","PD",0,0,0,0,0
70535,1,"qual","0711",135.2,215.9,410,"1.3","A","A","A","A","A","A","A","A","A","A","DS",0,0,1,0,1
70065,1,"cagl","0703",125.8,48.5,201,"1.3","A","A","A","A","A","A","A","A","A","A","DC",0,0,0,0,0
70237,1,"saal","0703",136.3,43.6,350,"1.3","A","A","A","A","A","A","A","A","A","A","DC",0,0,0,0,0
120261,1,"cofl","1201",224.5,11.5,116,"1.3","A","A","A","A","A","A","A","A","A","A","DS",0,0,0,0,0
140467,1,"quve","1404",262.1,78.5,1534,"1.3","A","A","A","A","A","A","A","A","A","A","DS",1,1,1,0,0
150590,1,"nysy","1505",283.7,99.7,196,"1.3","A","A","A","A","A","A","A","A","A","A","PD",0,0,0,0,0
80537,1,"quru","0813",141.3,248,449,"1.3","A","A","A","A","A","A","A","A","A","A","DS",0,0,1,0,0
142718,1,"fram","1430",268.7,587.6,165,"1.3","A","A","A","A","A","A","A","A","A","A","PD",0,0,0,0,0
142649,1,"fram","1430",277.4,585.3,142,"1.3","A","A","A","A","A","A","A","A","A","A","DS",0,0,0,0,0
142490,1,"quru","1421",266,407.2,482,"1.3","A","A","A","A","A","A","D","D","A","A","PD",0,0,1,0,1
142333,1,"fram","1422",277.5,426.7,464,"1.3","A","A","A","A","A","A","A","A","A","A","PD",0,0,0,0,0
142350,2,"qupr","1423",270.8,458.5,173,"1.3","A","A","A","A","A","A","A","A","A","A","DS",0,0,1,0,0
142355,1,"qupr","1424",277.4,465.5,459,"1.3","A","A",NA,"A","A","A","A","A","A","A","DS",0,0,1,0,0
142552,1,"qual","1424",267,471.7,188,"1.3","A","A","A","A","A","A","A","A","A","A","PD",0,0,1,0,0
142367,1,"qupr","1425",276.3,480.6,133,"1.3","A","A","A","A","A","A","A","A","A","A","PD",0,0,1,0,0
142370,1,"pist","1425",280,486.2,120,"1.3","A","A","A","A","A","A","D","D","A","A","PD",0,0,0,0,0
142564,2,"qual","1425",260.9,489,306,"1.4","A","A","A","A","A","A","A","A","A","A","DS",0,0,1,0,0
142568,1,"quve","1425",260.9,498.8,450,"1.3","A","A",NA,NA,NA,NA,"D","D","A","A","PD",0,0,1,0,1
142573,1,"nysy","1426",264.8,502.6,105,"1.3","A","A","A","A","A","A","D","D","A","A","PD",0,0,0,0,0
142572,1,"nysy","1426",265.7,505.4,115,"1.3","A","A",NA,"A","A","A","A","A","A","A","PD",0,0,0,0,0
142206,1,"fram","1419",278.5,376.5,876,"1.3","A","A","A","A","A","A","A","A","A","A","DS",1,1,0,0,0
142178,1,"fram","1419",267.3,364.6,557,"1.3","A","A","A","A","A","A","A","A","A","A","DS",0,1,0,0,0
111292,1,"fram","1116",212.8,310.4,713,"1.3","A","A","A","A","A","A","A","A","A","A","DS",1,1,0,0,0
142018,1,"quru","1417",273.2,336.2,648,"1.3","A","A",NA,NA,NA,NA,"A","A","A","A","DS",0,1,1,0,0
121439,1,"cagl","1215",231.4,280,209,"1.3","A","A","A","A","A","A","A","A","A","A","DS",0,0,0,0,0
121358,1,"fram","1216",230.9,312,1061,"1.3","A","A","A","A","A","A","A","A","A","A","DS",1,1,0,0,0
121455,2,"fram","1216",236.5,303.6,227,"1.3","A","A","A","A","A","A","D","D","A","A","PD",0,0,0,0,0
122005,1,"fram","1217",230.3,329.1,598,"1.3","A","A","A","A","A","A","A","A","A","A","DS",1,1,0,0,0
112010,1,"quru","1117",218.2,330.3,170,"1.3","A","A","A","A","A","A","A","A","A","A","DS",0,0,1,0,0
112082,1,"quru","1118",202.4,340.9,357,"1.3","A","A","A","A","A","A","A","A","A","A","DS",0,0,1,0,0
112118,1,"quru","1119",213.3,371.4,584,"1.3","A","A",NA,NA,NA,NA,"A","A","A","A","DS",1,1,1,0,0
122149,1,"pist","1220",222,397.4,151,"1.3","A","A","A","A","A","A","A","A","A","A","DS",0,0,0,0,0
112249,1,"quru","1122",215.9,437.6,130,"1.3","A","A","A","A","A","A","A","A","A","A","DS",0,0,1,0,0
112243,1,"caco","1122",211.8,431.4,117,"1.3","A","A","A","A","A","A","A","A","A","A","DS",0,0,0,0,0
112259,1,"pist","1123",202.3,440.8,125,"1.3","A","A","A","A","A","A","A","A","A","A","PD",0,0,0,0,0
112290,1,"cato","1123",215.3,459.3,143,"1.3","A","A","A","A","A","A","A","A","A","A","DS",0,0,0,0,0
112191,1,"cagl","1121",206.6,412.1,127,"1.3","A","A","A","A","A","A","A","A","A","A","DS",0,0,0,0,0
132506,1,"fram","1328",254.6,551.1,109,"1.3","A","A","A","A","A","A","A","A","A","A","DS",0,0,0,0,0
132512,1,"juni","1328",251.2,558.4,548,"1.3","A","A","A","A","A","A","A","A","A","A","PD",0,1,0,0,0
12270,1,"tiam","0125",19.4,499.6,304,"1.3","A","A","A","A","A","A","A","A","A","A","DS",1,0,0,0,0
12271,1,"fram","0125",14.9,498.1,111,"1.3","A","A","A","A","A","A","D","D","A","A","PD",0,0,0,0,0
22236,1,"fram","0223",33.5,448,101,"1.34","A","A","A","A","A","A","A","A","A","A","PD",0,0,0,0,0
80698,1,"frni","0816",140.9,313.2,158,"1.3","A","A","A","A","A","A","D","D","A","A","DS",0,0,0,0,0
160795,1,"quve","1610",314.6,182.2,534,"1.3","A","A","A","A","A","A","D","D","A","A","DS",0,1,1,0,0
30072,1,"fram","0304",44.2,62.4,140,"1.3","A","A","A","A","A","A","A","A","A","A","PD",0,0,0,0,0
12148,1,"acru","0121",0.2,419,113,"1.3","A","A","A","A","A","A","A","A","A","A","DC",0,0,0,0,0
80570,1,"pato","0815",158.8,286.4,485,"1.3","A","A","A",NA,"A","A","A","A","A","A","DC",0,0,0,0,0
131272,1,"fram","1315",258.5,282.2,956,"1.3","A","A","A","A","A","A","A","A","A","A","PD",1,1,0,0,0
152216,1,"ceca","1520",296.5,397.4,105,"1.3","A","A","A","A","A","A","A","A","A","A","DS",0,0,0,0,0
152198,1,"ceca","1520",285.8,396.8,105,"1.3","A","A","A","A","A","A","A","A","A","A","DS",0,0,0,0,0
12234,1,"fram","0124",14.2,461.2,320,"1.3","A","A","A","A","A","A","A","A","A","A","PD",0,0,0,0,1
160921,1,"quve","1608",301,140.5,579,"1.3","A","A","A","A","A","A","D","D","A","A","PD",0,1,1,0,1
160902,1,"fram","1606",308.6,106.6,129,"1.3","A","A","A","A","A","A","A","A","A","A","PD",0,0,0,0,0
160710,1,"saal","1603",316.6,48.1,279,"0","D","D","A","A","A","A","D","D","A","A","PD",0,0,0,0,0
160645,1,"fram","1603",307.8,53,183,"1.3","A","A","A","A","A","A","A","A","A","A","DS",0,0,0,0,0
160618,1,"fram","1603",306.6,47.4,125,"1.3","A","A","A","A","A","A","A","A","A","A","DS",0,0,0,0,0
132525,1,"fram","1329",260,561.2,531,"1.3","A","A","A","A","A","A","A","A","A","A","PD",1,1,0,0,1
132524,1,"litu","1329",258.4,560.4,246,"1.3","A","A","A","A","A","A","A","A","A","A","DC",1,0,0,0,0
70228,1,"quve","0702",135.6,30.3,687,"1.3","A","A","A",NA,NA,NA,"D","D","A","A","PD",0,1,1,0,1
131421,1,"ceca","1316",253.8,309.2,118,"1.3","A","A","A","A","A","A","A","A","A","A","PD",0,0,0,0,0
131352,1,"fram","1316",245.5,303.3,1020,"1.3","A","A","A","A","A","A","A","A","A","A","PD",1,1,0,0,0
151163,1,"frni","1513",297.1,256.1,212,"1.3","A","A","A","A","A","A","D","D","A","A","PD",0,0,0,0,0
60455,1,"frni","0614",104.4,273.5,140,"1.3","A","A","A","A","A","A","D","D","A","A","PD",0,0,0,0,0
60570,1,"caco","0614",115.2,276.7,440,"1.3","A","A","A","A","A","A","D","D","A","A","PD",0,0,0,0,0
60557,1,"fram","0614",116.7,267.7,415,"1.3","A","A","A","A","A","A","A","A","A","A","DS",0,0,0,0,0
60449,1,"acru","0614",107.8,264.7,170,"1.3","A","A","A","A","A","A","A","A","A","A","DC",0,0,0,0,0
62100,1,"cato","0619",100.8,365.1,121,"1.3","A","A",NA,"A","A","A","A","A","A","A","PD",0,0,0,0,1
72142,1,"quve","0720",128.6,388.9,370,"1.3","A","A","A","A","A","A","A","A","A","A","PD",0,0,1,0,0
62369,1,"cato","0628",114,551.9,293,"1.3","A","A","A","A","A","A","D","D","A","A","PD",0,0,0,0,1
62417,1,"quve","0630",108.9,597,958,"1.3","A","A","A","A","A","A","A","A","A","A","PD",1,1,1,0,0
52343,1,"quru","0528",96.2,542.4,397,"1.3","A","A","A","A","A","A","A","A","A","A","PD",0,0,1,0,1
42283,1,"quve","0425",62.3,489.9,491,"1.3","A","A","A","A","A","A","A","A","A","A","DS",0,0,1,0,0
42304,1,"quve","0425",63.4,491.2,359,"1.3","A","A","A","A","A","A","A","A","A","A","PD",0,0,1,0,1
41032,1,"fram","0416",73.8,314.8,116,"1.3","A","A","A","A","A","A","D","D","A","A","PD",0,0,0,0,0
40925,1,"tiam","0413",64.6,247.8,401,"1.38","A","A","A","A","A","A","A","A","A","A","DS",0,0,0,0,0
50609,2,"tiam","0512",97.3,225.7,224,"1.3","A","A","A","A","A","A","A","A","A","A","DC",0,0,0,0,0
70476,1,"quve","0713",120.5,244.3,578,"1.3","A","A","A","A","A","A","A","A","A","A","PD",0,1,1,0,0
70562,1,"qual","0713",136.3,242.3,414,"1.3","A","A","A","A","A","A","A","A","A","A","DS",0,0,1,0,0
70544,1,"caovl","0712",131.5,220.5,119,"1.3","A","A","A","A","A","A","D","D","A","A","PD",0,0,0,0,0
50202,1,"fram","0502",93,25.9,485,"1.3","A","A","A","A","A","A","D","D","A","A","PD",0,0,0,0,0
70208,1,"fram","0701",132.3,2,253,"1.3","A","A","A","A","A","A","A","A","A","A","PD",0,0,0,0,0
70004,1,"cofl","0701",121.4,5.1,169,"1.3","A","A","A","A","A","A","A","A","A","A","DC",0,0,0,0,0
102455,1,"litu","1029",191.8,579.3,390,"1.3","A","A","A","A","A","A","A","A","A","A","DS",0,0,0,0,0
102423,1,"quru","1028",186.6,541.7,684,"1.3","A","A","A","A","A","A","A","A","A","A","DS",0,1,1,0,0
102401,1,"nysy","1027",185.7,525.2,125,"1.3","A","A","A","A","A","A","A","A","A","A","PD",0,0,0,0,0
102238,1,"quve","1022",181,421,796,"1.3","A","A","A","A","A","A","A","A","A","A","PD",0,1,1,0,1
101163,1,"nysy","1014",190.1,263.2,256,"1.3","A","A","A","A","A","A","A","A","A","A","DS",0,0,0,0,0
101162,1,"qupr","1014",182.9,261,449,"1.3","A","A","A","A","A","A","A","A","A","A","PD",0,0,1,0,0
112420,1,"litu","1128",203.1,552.4,225,"1.3","A","A","A","A","A","A","A","A","A","A","PD",0,0,0,0,0
112423,1,"frpe","1128",208.5,554.6,136,"1.3","A","A","A","A","A","A","A","A","A","A","DS",0,0,0,0,0
122490,1,"quru","1229",228.9,564.2,470,"1.3","A","A","A","A","A","A","D","D","A","A","PD",0,0,1,0,0
122554,1,"litu","1230",228.6,593,137,"1.3","A","A","A","A","A","A","D","D","A","A","PD",0,0,0,0,1
92455,1,"caovl","0927",178.7,533.6,119,"1.3","A","A","A","A","A","A","D","D","A","A","PD",0,0,0,0,0
82284,1,"quve","0825",141.3,492,850,"1.3","A","A","A","A","A","A","A","A","A","A","PD",1,1,1,0,0
82257,1,"nysy","0824",150.9,474.6,104,"1.3","A","A","A","A","A","A","D","D","A","A","PD",0,0,0,0,0
82208,1,"qual","0822",141.6,424.9,491,"1.3","A","A","A","A","A","A","D","D","A","A","PD",0,0,1,0,0
82194,1,"nysy","0821",140.4,419.1,128,"1.3","A","A","A","A","A","A","A","A","A","A","PD",0,0,0,0,0
30039,1,"fram","0302",44.6,22.7,926,"1.3","A","A","A","A","A","A","A","A","A","A","PD",0,1,0,0,1
30151,1,"fram","0303",57.4,42.7,716,"1.3","A","A","A","A","A","A","D","D","A","A","PD",0,1,0,0,0
30364,1,"fram","0307",48.5,139.4,316,"1.3","A","A","A","A","A","A","D","D","A","A","PD",0,0,0,0,0
30365,1,"fram","0308",59.6,141.8,1001,"1.3","A","A","A","A","A","A","A","A","A","A","PD",0,1,0,0,0
30365,2,"fram","0308",59.6,141.8,180,"1.3","A","A","A","A","A","A","A","A","A","A","PD",0,0,0,0,0
30388,1,"caca","0309",57.3,165.7,182,"1.3","A","A","A","A","A","A","A","A","A","A","DC",0,0,0,0,0
30443,1,"fram","0312",48.5,234,389,"1.3","A","A","A","A","A","A","A","A","A","A","DS",0,0,0,0,0
30537,1,"fram","0314",55.1,277,295,"1.3","A","A","A","A","A","A","A","A","A","A","DS",0,0,0,0,0
32025,2,"qupr","0317",57.5,330,533,"1.3","A","A","A","A","A","A","A","A","A","A","DS",0,1,1,0,0
32081,1,"frni","0319",53.9,375.7,255,"1.3","A","A","A","A","A","A","A","A","A","A","PD",0,0,0,0,0
32098,1,"caca","0320",58.1,384.3,154,"1.3","A","A","A","A","A","A","A","A","A","A","PD",0,0,0,0,0
40853,2,"fram","0411",74.5,219,302,"1.3","A","A","A","A","A","A","D","D","A","A","PD",0,0,0,0,0
12296,1,"fram","0126",5.6,500.1,262,"1.3","A","A","A","A","A","A","A","A","A","A","DS",0,0,0,0,0
12322,1,"fram","0126",10,518.9,143,"1.3","A","A","A","A","A","A","A","A","A","A","DS",0,0,0,1,0
12323,1,"acru","0126",4.4,517.3,393,"1.3","A","A","A","A","A","A","A","A","A","A","DS",0,0,0,0,0
12351,1,"fram","0128",4.1,544.2,126,"1.3","A","A","A","A","A","A","A","A","A","A","PD",0,0,0,0,0
20825,1,"qual","0216",34.7,307.2,660,"1.3","A","A","A","A","A","A","A","A","A","A","DS",0,1,1,0,0
22056,1,"tiam","0218",35.6,345.8,378,"1.3","A","A","A","A","A","A","A","A","A","A","DS",0,0,0,0,0
22154,1,"frni","0221",38.5,409.7,114,"1.3","A","A","A","A","A","A","D","D","A","A","PD",0,0,0,0,0
22270,1,"caca","0224",33.6,468.2,114,"1.3","A","A","A","A","A","A","A","A","A","A","DS",0,0,0,0,0
22305,1,"fram","0225",23.3,488.2,132,"1.3","A","A","A","A","A","A","A","A","A","A","DS",0,0,0,0,0
22331,1,"caca","0226",23.6,500.5,105,"1.3","A","A","A","A","A","A","A","A","A","A","PD",0,0,0,0,0
22384,1,"quve","0227",30.8,525,509,"1.3","A","A","A","A","A","A","A","A","A","A","DS",0,1,1,0,0
22450,1,"saal","0228",31.8,550.9,227,"1.3","A","A","A",NA,NA,NA,"A","A","A","A","PD",0,0,0,0,0
22503,1,"litu","0229",35,572.2,203,"1.3","A","A","A","A","A","A","A","A","A","A","PD",0,0,0,0,0
10710,1,"cagl","0115",18.5,281.1,223,"1.3","A","A","A",NA,NA,NA,"A","A","A","A","DS",0,0,0,0,0
10731,1,"qupr","0115",8.4,295.9,622,"1.3","A","A","A","A","A","A","A","A","A","A","DS",0,1,1,0,0
12223,1,"caca","0123",3.5,450.4,107,"1.4","A","A","A","A","A","A","A","A","A","A","DC",0,0,0,0,0
12084,1,"cagl","0119",3,375,330,"1.3","A","A","A","A","A","A","A","A","A","A","DS",0,0,0,0,0
12442,1,"prav","0130",15.3,588.3,260,"1.3","A","A","A","A","A","A","D","D","A","A","PD",0,0,0,0,0
60595,1,"fram","0616",116,303.1,411,"1.3","A","A","A","A","A","A","A","A","A","A","PD",0,0,0,0,0
80005,1,"fram","0801",141.9,12.4,714,"1.15","A","A","A","A","A","A","A","A","A","A","PD",1,1,0,0,0
151621,1,"fram","1516",296.7,307.7,490,"1.3","A","A","A","A","A","A","A","A","A","A","DS",0,0,0,0,0
152064,1,"qual","1518",291.6,357.6,533,"1.3","A","A","A","A","A","A","A","A","A","A","PD",0,1,1,0,0
152057,1,"cato","1518",282.5,353.4,255,"1.3","A","A","A","A","A","A","A","A","A","A","PD",0,0,0,0,1
152464,1,"cato","1523",287.5,459.8,213,"1.3","A","A","A","A","A","A","A","A","A","A","PD",0,0,0,0,1
152466,1,"qual","1524",283,464.1,291,"1.3","A","A","A","A","A","A","A","A","A","A","PD",0,0,1,0,0
152499,1,"quve","1525",292.3,485.8,464,"1.3","A","A","A","A","A","A","A","A","A","A","PD",0,0,1,0,0
152559,2,"qumi","1527",285.6,524.5,245,"1.3","A","A","A","A","A","A","G","D","A","A","PD",0,0,1,0,0
152610,1,"fram","1528",296,546.6,207,"1.3","A","A","A","A","A","A","A","A","A","A","PD",0,0,0,0,0
152612,1,"fram","1528",289.5,547.4,330,"1.3","A","A","A","A","A","A","A","A","A","A","PD",0,0,0,0,0
152651,1,"quve","1529",289.4,575.4,553,"1.3","A","A","A","A","A","A","D","D","A","A","PD",0,1,1,0,1
152650,1,"fram","1529",287.1,575.7,101,"1.3","A","A","A","A","A","A","A","A","A","A","PD",0,0,0,0,0
152644,1,"fram","1529",280.4,571.3,154,"1.3","A","A","A","A","A","A","A","A","A","A","PD",0,0,0,0,0
132061,1,"fram","1318",257.8,356.9,554,"1.3","A","A","A","A","A","A","A","A","A","A","PD",0,1,0,0,0
132028,1,"fram","1317",257,326.7,613,"1.3","A","A","A","A","A","A","A","A","A","A","PD",1,1,0,0,0
132018,1,"caco","1317",257.1,334.1,385,"1.3","A","A","A","A","A","A","D","D","A","A","PD",0,0,0,0,1
131176,1,"cato","1313",241.2,246,462,"1.3","A","A","A","A","A","A","A","A","A","A","PD",0,0,0,0,0
171412,1,"litu","1611",319.8,210.5,166,"1.3","A","A",NA,NA,NA,NA,"A","A","A","A","PD",0,0,0,0,0
160248,1,"aial","1601",319.8,9.8,152,"1.3","A","A","A","A","A","A","A","A","A","A","DC",0,0,0,0,0
122275,1,"pist","1223",234.6,449.6,155,"1.3","A","A","A","A","A","A","A","A","A","A","PD",0,0,0,0,1
122283,1,"cato","1223",231.8,458,145,"1.3","A","A","A","A","A","A","A","A","A","A","PD",0,0,0,0,0
112322,1,"caovl","1125",211.5,487.3,265,"1.3","A","A","A","A","A","A","A","A","A","A","PD",0,0,0,1,0
112325,1,"ceoc","1125",216.9,488.3,114,"1.3","A","A","A","A","A","A","A","A","A","A","PD",0,0,0,0,0
112440,1,"quve","1130",205.4,583.1,642,"1.3","A","A",NA,NA,NA,NA,"D","D","A","A","PD",0,1,1,0,1
112485,1,"quve","1132",219.6,626.2,679,"1.3","A","A","A","A","A","A","D","D","A","A","PD",0,1,1,0,0
112496,1,"litu","1132",210.4,621.6,129,"1.3","A","A",NA,"A","A","A","A","A","A","A","PD",0,0,0,0,0
132536,1,"quve","1331",251.7,604.6,548,"1.3","A","A","A","A","A","A","A","A","A","A","DS",0,1,1,0,0
90590,1,"litu","0914",174.1,268.9,158,"1.3","A","A","A","A","A","A","A","A","A","A","PD",0,0,0,0,0
92206,1,"quru","0921",162.4,417,220,"1.3","A","A","A","A","A","A","A","A","A","A","PD",0,0,1,0,0
92351,1,"litu","0924",160.5,465.4,146,"1.3","A","A","A","A","A","A","D","D","A","A","PD",0,0,0,0,0
92348,1,"caovl","0924",165.8,464.5,483,"1.3","A","A","A","A","A","A","A","A","A","A","DS",0,0,0,0,0
92362,1,"litu","0924",178,467.2,346,"1.3","A","A","A",NA,NA,NA,"A","A","A","A","PD",0,0,0,0,0
92442,1,"litu","0926",160.8,513.4,192,"1.3","A","A","A",NA,NA,NA,"D","D","A","A","PD",0,0,0,0,0
92487,1,"quve","0928",169.8,555,683,"1.3","A","A","A","A","A","A","A","A","A","A","DS",1,1,1,0,0
102509,2,"quve","1032",189.6,620.9,745,"1.3","A","A","A","A","A","A","A","A","A","A","PD",0,1,1,0,0
102470,1,"litu","1030",181.3,583.3,234,"1.3","A","A",NA,NA,NA,NA,"D","D","A","A","PD",0,0,0,0,1
102313,1,"quve","1024",199.5,461.8,733,"1.3","A","A","A","A","A","A","A","A","A","A","DS",0,1,1,0,0
102275,1,"ceca","1023",195.1,445,132,"1.1","A","A","A","A","A","A","A","A","A","A","PD",0,0,0,0,0
101310,1,"fram","1016",188,314.1,482,"1.3","A","A","A","A","A","A","A","A","A","A","PD",1,0,0,0,0
72008,1,"quru","0717",125.3,325.9,594,"1.3","A","A","A","A","A","A","A","A","A","A","PD",0,1,1,0,0
72230,1,"qual","0722",134.6,423.3,420,"1.3","A","A","A","A","A","A","A","A","A","A","DS",0,0,1,0,0
72241,1,"cagl","0722",128.2,433.9,112,"1.3","A","A","A","A","A","A","D","D","A","A","PD",0,0,0,0,0
72274,1,"litu","0724",129.8,465.8,165,"1.3","A","A","A","A","A","A","A","A","A","A","PD",0,0,0,0,0
72307,1,"litu","0725",135.2,491.8,151,"1.3","A","A","A","A","A","A","A","A","A","A","PD",0,0,0,0,0
72345,1,"litu","0727",135.1,523.6,191,"1.3","A","A","A",NA,NA,NA,"D","D","A","A","PD",0,0,0,0,1
60026,1,"qupr","0602",112.2,27.1,168,"1.3","A","A","A","A","A","A","A","A","A","A","DS",0,0,1,0,0
60023,1,"qupr","0602",114.3,22.3,172,"1.3","A","A","A",NA,NA,NA,"A","A","A","A","PD",0,0,1,0,0
60024,1,"amar","0602",112.1,25.5,122,"1.3","A","A","A","A","A","A","A","A","A","A","DC",0,0,0,0,0
62148,1,"qual","0620",110.4,394.8,350,"1.3","A","A","A","A","A","A","A","A","A","A","PD",0,0,1,0,0
62172,1,"cagl","0621",111.3,409.1,213,"1.3","A","A","A","A","A","A","A","A","A","A","PD",0,0,0,0,0
62241,2,"litu","0623",113.9,440.7,142,"1.3","A","A","A","A","A","A","A","A","A","A","PD",0,0,0,0,0
62267,1,"cagl","0624",118,465.2,244,"1.3","A","A","A","A","A","A","D","D","A","A","PD",0,0,0,0,0
62342,1,"litu","0627",113.3,531.4,161,"1.3","A","A","A","A","A","A","D","D","A","A","PD",0,0,0,0,0
62440,1,"quve","0631",119,619.5,772,"1.3","A","A","A","A","A","A","A","A","A","A","PD",0,1,1,0,0
50479,1,"fram","0510",95.4,192.5,415,"1.3","A","A","A","A","A","A","A","A","A","A","PD",0,0,0,0,0
52304,1,"cato","0526",90.6,511.8,102,"1.3","A","A","A","A","A","A","A","A","A","A","PD",0,0,0,0,0
60407,1,"cato","0610",101,194,299,"1.3","A","A","A","A","A","A","A","A","A","A","PD",0,0,0,0,0
32486,1,"caovl","0330",43,594.2,514,"1.3","A","A","A","A","A","A","A","A","A","A","PD",0,1,0,0,0
32506,1,"litu","0331",46.6,610.1,131,"1.3","A","A","A","A","A","A","A","A","A","A","DS",0,0,0,0,0
42347,1,"qual","0426",63.9,517.6,367,"1.3","A","A","A","A","A","A","A","A","A","A","DS",0,0,1,0,0
42226,1,"litu","0423",73.7,459.9,110,"1.3","A","A","A","A","A","A","D","D","A","A","PD",0,0,0,0,0
22573,1,"qupr","0230",20.7,596.8,291,"1.3","A","A","A","A","A","A","D","D","A","A","PD",0,0,1,0,0
30001,1,"fram","0301",41,1.7,503,"1.3","A","A","A",NA,NA,NA,"D","D","A","A","PD",0,1,0,0,0
30453,1,"acru","0313",57.9,252.8,142,"1.3","A","A","A","A","A","A","A","A","A","A","DS",0,0,0,0,0
30610,1,"fram","0316",57.5,308.7,242,"1.3","A","A","A","A","A","A","A","A","A","A","DS",0,0,0,0,0
32170,1,"quru","0322",50.6,426.9,437,"1.3","A","A","A","A","A","A","A","A","A","A","PD",0,0,1,0,0
32177,1,"quve","0322",59.2,436.2,631,"1.3","A","A","A","A","A","A","D","D","A","A","PD",0,1,1,0,1
32323,1,"cagl","0325",53.2,495,258,"1.3","A","A","A","A","A","A","A","A","A","A","DS",0,0,0,0,0
20537,1,"havi","0206",25.8,120,131,"1.3","A","A","A","A","A","A","A","A","A","A","DC",0,0,0,0,0
80775,1,"fram","0816",150.9,319.9,341,"1.3","A","A","A","A","A","A","A","A","A","A","DS",0,0,0,0,0
80560,1,"frpe","0815",143,284,130,"1.3","A","A","A",NA,NA,NA,"D","D","A","A","DC",0,0,0,0,0
20243,1,"fram","0204",28.1,69.7,411,"1.3","A","A","A","A","A","A","A","A","A","A","PD",0,0,0,0,0
10251,1,"fram","0105",10.9,98.9,109,"1.3","A","A","A","A","A","A","A","A","A","A","PD",0,0,0,0,0
20603,1,"fram","0208",26,152.8,862,"1.3","A","A","A","A","A","A","A","A","A","A","DS",1,1,0,0,0
10539,1,"fram","0108",4.3,152,470,"1.3","A","A","A","A","A","A","D","D","A","A","PD",0,0,0,0,1
20137,1,"fram","0202",21,34.9,775,"1.3","A","A","A","A","A","A","D","D","A","A","PD",0,1,0,0,0
10021,1,"fram","0102",5.1,30.1,206,"1.3","A","A","A","A","A","A","A","A","A","A","DS",0,0,0,0,0
92139,1,"quru","0920",177.6,380.3,113,"1.3","A","A","A","A","A","A","A","A","A","A","DS",1,0,1,0,0
