"error_name","SurveyorID","date","Submission.Id","Quad","Tag","StemTag","Species","Disease.Concern.Level","QX","QY","DBH","DBH.numeric","Status.2021","HOM","Status.2022","Tag.maintenance","Dead.with.resprout","Crown.position","Dead.crown.position","Dead.DBH","Percentage.of.crown.intact","Percentage.of.crown.living","Lean.angle.if.greater.than.15.degrees","Lianas","FAD","Wounded.main.stem","Canker..swelling..deformity","Rotting.trunk","Notes.2022","Crown.thinning","Epicormic.growth","EABF","D.shaped.exit.hole.count","Crown.position...10.cm.DBH"
"missing_crown_position","EM","5/23/2022","594a22b0-c746-432d-bde3-816b9e17d6ab",816,80695,1,"frni","H",5.3,7.9,NA,0,"PD","NULL","DS",NA,"FALSE",NA,"S",194,60,0,NA,NA,"I",NA,NA,NA,NA,5,0,"VB,SS",NA,NA
"missing_crown_position","EM","5/23/2022","594a22b0-c746-432d-bde3-816b9e17d6ab",816,80698,1,"frni","H",0.9,13.2,158,158,"DS","1.3","DS",NA,"FALSE",NA,"I",NA,90,0,NA,NA,"I,BB",NA,NA,NA,NA,5,NA,"VB",NA,NA
"missing_crown_position","EM","5/23/2022","594a22b0-c746-432d-bde3-816b9e17d6ab",816,80775,1,"fram","H",10.9,19.9,341,341,"DS","1.3","DS",NA,"FALSE",NA,"I",NA,0,0,NA,NA,"U",NA,NA,NA,NA,NA,NA,NA,NA,NA
"wounded_but_no_level","EM","5/24/2022","e5f7c1b2-eab5-4a02-b905-28766b910335",818,82072,1,"qual","H",11.6,10.9,545,545,"AU","1.3","AU",NA,"FALSE",3,NA,NA,98,95,18,0,"W,F,LF",NA,NA,NA,NA,NA,NA,NA,NA,NA
"missing_crown_position","EM","5/24/2022","e4147848-4093-4480-b24b-ca2532108e51",819,82095,1,"cagl","L",7.7,0.7,102,102,"DS","1.3","DS",NA,"FALSE",NA,"S",98,90,0,NA,NA,"W",1,NA,NA,NA,NA,NA,NA,NA,NA
"missing_crown_position","EM","5/24/2022","e4147848-4093-4480-b24b-ca2532108e51",819,82103,1,"qual","H",11.1,1.2,172,172,"DS","1.3","DS",NA,"FALSE",NA,"S",180,70,0,NA,NA,"U",NA,NA,NA,NA,NA,NA,NA,NA,NA
"DBH_dead_suspicious","EM","5/25/2022","bd159b4f-862d-4bdf-9c67-35520624f3c7",820,82158,1,"qual","H",0.6,16.3,657,657,"AU","1.3","DS","RT","FALSE",4,"D",694,80,0,NA,0,"LF,U",NA,NA,NA,"Bark missing most likely postmortem",NA,NA,NA,NA,NA
"missing_crown_position","EM","5/25/2022","ad5bded4-a120-4ecc-81b5-18c81d3da156",821,82182,1,"nysy","L",12.4,19.2,119,119,"PD","1.3","DS",NA,"FALSE",NA,"S",NA,70,0,NA,NA,NA,NA,NA,NA,NA,NA,NA,NA,NA,NA
"missing_crown_position","EM","5/25/2022","ad5bded4-a120-4ecc-81b5-18c81d3da156",821,82193,1,"cagl","L",1.9,15,106,106,"DS","1.3","DS",NA,"FALSE",NA,"S",NA,80,0,NA,NA,NA,NA,NA,NA,NA,NA,NA,NA,NA,NA
"missing_crown_position","EM","5/25/2022","ad5bded4-a120-4ecc-81b5-18c81d3da156",821,82194,1,"nysy","L",0.4,19.1,128,128,"PD","1.3","DS",NA,"FALSE",NA,NA,NA,NA,NA,NA,NA,NA,NA,NA,NA,NA,NA,NA,NA,NA,NA
"missing_percent_crown_intact","EM","5/25/2022","ad5bded4-a120-4ecc-81b5-18c81d3da156",821,82194,1,"nysy","L",0.4,19.1,128,128,"PD","1.3","DS",NA,"FALSE",NA,NA,NA,NA,NA,NA,NA,NA,NA,NA,NA,NA,NA,NA,NA,NA,NA
"missing_percent_crown_living","EM","5/25/2022","ad5bded4-a120-4ecc-81b5-18c81d3da156",821,82194,1,"nysy","L",0.4,19.1,128,128,"PD","1.3","DS",NA,"FALSE",NA,NA,NA,NA,NA,NA,NA,NA,NA,NA,NA,NA,NA,NA,NA,NA,NA
"missing_crown_position",NA,"5/25/2022","2de095c1-64ac-445c-b6a8-a422c642a501",823,82228,1,"quru","M",16.6,1.6,587,587,"PD","1.3","DS",NA,"FALSE",NA,"I",NA,80,0,NA,NA,NA,NA,NA,NA,NA,NA,NA,NA,NA,NA
"missing_crown_position",NA,"5/25/2022","43960d92-33dc-4f74-9154-4639a397159f",825,82284,1,"quve","H",1.3,12,850,850,"PD","1.3","DS",NA,"FALSE",NA,"I",NA,20,0,NA,NA,"AN",NA,NA,NA,NA,NA,NA,NA,NA,NA
"missing_EAB_info","EM","5/30/2022","5e372782-d24c-4a1f-9f50-64c80273826b",101,13322,1,"fram","H",11.3,14.6,27,27,"A","1.3","A",NA,NA,2,NA,NA,100,95,NA,0,NA,NA,NA,NA,NA,NA,NA,NA,NA,NA
"missing_crown_position","EM","5/30/2022","f3db926d-357c-4b13-9b83-707bfe711b5c",102,10013,1,"fram","H",5.5,3.5,268,268,"DS","1.3","AU","RT","FALSE",NA,NA,NA,60,5,NA,NA,"BB,R",NA,NA,2,"Large liana load >50",NA,NA,NA,NA,NA
"missing_crown_position","EM","5/30/2022","f3db926d-357c-4b13-9b83-707bfe711b5c",102,10021,1,"fram","H",5.1,10.1,206,206,"DS","1.3","DS","RT","FALSE",NA,"CD",NA,80,0,NA,NA,"I",NA,NA,NA,"Lilac ash borer",NA,NA,NA,NA,NA
"missing_crown_position","EM","5/30/2022","f3db926d-357c-4b13-9b83-707bfe711b5c",102,10134,1,"fram","H",16.8,7.3,511,511,"PD","1.3","AU",NA,"FALSE",NA,NA,NA,90,0,NA,NA,NA,NA,NA,NA,NA,4,1,NA,NA,NA
"status_DS_or_DC_but_DBH_not_measured","EM","5/30/2022","f3db926d-357c-4b13-9b83-707bfe711b5c",102,10157,1,"fram","H",4.3,18.9,489,489,"AU","1.3","DS","RT","FALSE",3,"I",NA,0,0,NA,0,"I",NA,NA,NA,NA,NA,NA,NA,NA,NA
"missing_EAB_info","EM","5/30/2022","f3db926d-357c-4b13-9b83-707bfe711b5c",102,10157,1,"fram","H",4.3,18.9,489,489,"AU","1.3","DS","RT","FALSE",3,"I",NA,0,0,NA,0,"I",NA,NA,NA,NA,NA,NA,NA,NA,NA
"missing_EAB_info","EM","5/25/2022","bf93d26d-c543-44cc-bdca-ccec855b030d",826,82297,1,"fram","H",2.3,7.2,76,76,"AU","1.3","AU",NA,"FALSE",1,NA,NA,85,70,NA,0,"I",NA,NA,NA,NA,3,3,"AS,SS",NA,NA
"missing_crown_position","EM","5/26/2022","34774be7-0d76-4392-a934-c734c4f93704",829,82363,1,"fram","H",17.2,9,222,222,"A","1.3","DS",NA,"FALSE",NA,NA,NA,80,0,NA,0,"I,U",NA,NA,NA,NA,NA,NA,"AS",NA,NA
"status_DS_or_DC_but_DBH_not_measured","EM","5/26/2022","34774be7-0d76-4392-a934-c734c4f93704",829,82363,1,"fram","H",17.2,9,222,222,"A","1.3","DS",NA,"FALSE",NA,NA,NA,80,0,NA,0,"I,U",NA,NA,NA,NA,NA,NA,"AS",NA,NA
"missing_EAB_info","EM","5/26/2022","34774be7-0d76-4392-a934-c734c4f93704",829,82363,1,"fram","H",17.2,9,222,222,"A","1.3","DS",NA,"FALSE",NA,NA,NA,80,0,NA,0,"I,U",NA,NA,NA,NA,NA,NA,"AS",NA,NA
"missing_crown_position","EM","5/26/2022","5e96f409-dbb9-4366-9a4d-9f3fb2c92861",832,82424,2,"cato","L",10,8.3,179,179,"PD","1.3","DS",NA,"FALSE",NA,"S",NA,0,0,NA,NA,NA,NA,NA,NA,NA,NA,NA,NA,NA,NA
"wounded_but_no_level","EM","5/31/2022","86547df3-6bcb-4290-a244-28331a9887c1",916,90699,1,"caca","H",2,6.2,137,137,"A","1.3","AU",NA,"FALSE",1,NA,NA,100,100,NA,1,"W",NA,NA,NA,NA,NA,NA,NA,NA,NA
"missing_crown_position","EM","5/31/2022","86547df3-6bcb-4290-a244-28331a9887c1",916,90715,1,"frni","H",7.1,8.1,NA,0,"PD","1.3","DS",NA,"FALSE",NA,"S",NA,0,0,NA,NA,NA,NA,NA,NA,NA,NA,NA,NA,NA,NA
"missing_crown_position","EM","5/31/2022","86547df3-6bcb-4290-a244-28331a9887c1",916,90716,1,"frni","H",7.6,8.2,NA,0,"PD","NULL","DS",NA,"FALSE",NA,"CD",NA,50,0,NA,NA,NA,NA,NA,NA,NA,NA,NA,NA,NA,NA
"status_AU_DS_or_DC_but_no_FAD","EM","5/31/2022","86547df3-6bcb-4290-a244-28331a9887c1",916,90759,1,"frni","H",9.5,14.9,NA,0,"M","NULL","DC",NA,"FALSE",NA,NA,93,NA,NA,NA,NA,NA,NA,NA,NA,"Tree previously dead, probably on the ground",NA,NA,NA,NA,NA
"missing_EAB_info","EM","5/31/2022","86547df3-6bcb-4290-a244-28331a9887c1",916,90759,1,"frni","H",9.5,14.9,NA,0,"M","NULL","DC",NA,"FALSE",NA,NA,93,NA,NA,NA,NA,NA,NA,NA,NA,"Tree previously dead, probably on the ground",NA,NA,NA,NA,NA
"missing_crown_position","EM","5/31/2022","4511cd0f-17a6-4fdb-9020-76c2f2997d58",917,92006,1,"fram","H",6.3,1.4,546,546,"PD","1.3","DS",NA,"FALSE",NA,"S",NA,20,0,NA,NA,NA,NA,NA,NA,"No fad previously dead",NA,NA,NA,NA,NA
"missing_crown_position","EM","5/31/2022","4511cd0f-17a6-4fdb-9020-76c2f2997d58",917,92029,1,"quru","M",11.5,14,594,594,"DS","1.3","AU",NA,"FALSE",NA,NA,NA,90,70,NA,NA,"DF,F,R",NA,NA,2,"Epicormic sprouts",NA,NA,NA,NA,NA
"status_DS_or_DC_but_DBH_not_measured","EM","5/31/2022","4511cd0f-17a6-4fdb-9020-76c2f2997d58",917,92029,2,"quru","M",11.5,14,520,520,"A","1.3","DS","RT","FALSE",3,"CD",NA,60,0,NA,0,"R,F,DF,U",NA,NA,2,NA,NA,NA,NA,NA,NA
"wounded_but_no_level","EM","5/31/2022","8fe0184e-d043-4122-bab4-c461eb2bda5b",918,92046,1,"qual","H",9.3,0.8,604,604,"AU","1.3","AU",NA,"FALSE",3,NA,NA,100,100,NA,0,"F,W",NA,NA,NA,NA,NA,NA,NA,NA,NA
"missing_crown_position","EM","5/31/2022","8fe0184e-d043-4122-bab4-c461eb2bda5b",918,92050,1,"caovl","L",6.2,7,106,106,"AU","1.3","DS",NA,"TRUE",NA,NA,NA,NA,NA,NA,NA,"W,R",NA,NA,1,NA,NA,NA,NA,NA,NA
"missing_percent_crown_intact","EM","5/31/2022","8fe0184e-d043-4122-bab4-c461eb2bda5b",918,92050,1,"caovl","L",6.2,7,106,106,"AU","1.3","DS",NA,"TRUE",NA,NA,NA,NA,NA,NA,NA,"W,R",NA,NA,1,NA,NA,NA,NA,NA,NA
"missing_percent_crown_living","EM","5/31/2022","8fe0184e-d043-4122-bab4-c461eb2bda5b",918,92050,1,"caovl","L",6.2,7,106,106,"AU","1.3","DS",NA,"TRUE",NA,NA,NA,NA,NA,NA,NA,"W,R",NA,NA,1,NA,NA,NA,NA,NA,NA
"status_DS_or_DC_but_DBH_not_measured","EM","5/31/2022","8fe0184e-d043-4122-bab4-c461eb2bda5b",918,92050,1,"caovl","L",6.2,7,106,106,"AU","1.3","DS",NA,"TRUE",NA,NA,NA,NA,NA,NA,NA,"W,R",NA,NA,1,NA,NA,NA,NA,NA,NA
"wounded_but_no_level","EM","5/31/2022","8fe0184e-d043-4122-bab4-c461eb2bda5b",918,92050,1,"caovl","L",6.2,7,106,106,"AU","1.3","DS",NA,"TRUE",NA,NA,NA,NA,NA,NA,NA,"W,R",NA,NA,1,NA,NA,NA,NA,NA,NA
"status_DS_or_DC_but_DBH_not_measured","EM","5/31/2022","264c6348-024b-47ea-ad91-d477b1715a27",919,92105,1,"acru","M",15.6,8.2,117,117,"AU","1.3","DS",NA,"FALSE",2,"I",NA,95,0,NA,0,"W,R",NA,NA,NA,NA,NA,NA,NA,NA,NA
"wounded_but_no_level","EM","5/31/2022","264c6348-024b-47ea-ad91-d477b1715a27",919,92105,1,"acru","M",15.6,8.2,117,117,"AU","1.3","DS",NA,"FALSE",2,"I",NA,95,0,NA,0,"W,R",NA,NA,NA,NA,NA,NA,NA,NA,NA
"rot_but_no_level","EM","5/31/2022","264c6348-024b-47ea-ad91-d477b1715a27",919,92105,1,"acru","M",15.6,8.2,117,117,"AU","1.3","DS",NA,"FALSE",2,"I",NA,95,0,NA,0,"W,R",NA,NA,NA,NA,NA,NA,NA,NA,NA
"missing_crown_position","EM","5/31/2022","76ff7ed0-ddfc-4c24-8cc8-3679f15a3d3e",920,92139,1,"quru","M",17.6,0.3,113,113,"DS","1.3","DS",NA,"FALSE",NA,"I",NA,10,0,NA,NA,NA,NA,NA,NA,NA,NA,NA,NA,NA,NA
"crown_living_greater_than_crown_intact","EM","5/31/2022","76ff7ed0-ddfc-4c24-8cc8-3679f15a3d3e",920,92163,1,"cagl","L",5.2,15.6,118,118,"A","1.3","A",NA,NA,3,NA,NA,98,100,NA,0,NA,NA,NA,NA,NA,NA,NA,NA,NA,NA
"wounded_but_no_level","EM","5/31/2022","76ff7ed0-ddfc-4c24-8cc8-3679f15a3d3e",920,92166,1,"cagl","L",7.1,19.3,107,107,"AU","1.3","AU",NA,"FALSE",2,NA,NA,100,100,NA,0,"W",NA,NA,NA,NA,NA,NA,NA,NA,NA
"missing_stem",NA,NA,NA,923,92270,2,"acru",NA,179.8,445.20001,100,NA,NA,"A",NA,NA,NA,NA,NA,NA,NA,NA,NA,NA,NA,NA,NA,NA,NA,NA,NA,NA,NA,NA
"missing_crown_position","EM","5/31/2022","99c7479e-071b-4288-9672-9dbf6fc590d1",923,92347,1,"quru","M",1.4,14.5,569,569,"DS","1.3","DS",NA,"FALSE",NA,"CD",NA,90,0,NA,NA,NA,NA,NA,NA,NA,NA,NA,NA,NA,NA
"missing_crown_position","EM","6/1/2022","54a527a6-ac06-4712-b7c2-4e0b803542f8",924,92348,1,"caovl","L",5.8,4.5,483,483,"DS","1.3","DS",NA,"FALSE",NA,"CD",NA,90,0,NA,NA,NA,NA,NA,NA,NA,NA,NA,NA,NA,NA
"missing_crown_position","EM","6/1/2022","54a527a6-ac06-4712-b7c2-4e0b803542f8",924,92351,1,"litu","L",0.5,5.4,146,146,"PD","1.3","DS",NA,"FALSE",NA,"S",NA,0,0,NA,NA,NA,NA,NA,NA,NA,NA,NA,NA,NA,NA
"status_AU_DS_or_DC_but_no_FAD","EM","6/1/2022","54a527a6-ac06-4712-b7c2-4e0b803542f8",924,92360,1,"litu","L",19,6.5,103,103,"M","1.3","DC",NA,"FALSE",NA,NA,NA,NA,NA,NA,NA,NA,NA,NA,NA,"Crushed by 92362",NA,NA,NA,NA,NA
"missing_crown_position","EM","6/1/2022","ea47f01b-7228-4414-b85a-e60b15c08249",925,92384,1,"litu","L",2.2,1.5,125,125,"PD","1.3","DS",NA,"FALSE",NA,"S",NA,50,0,NA,NA,NA,NA,NA,NA,NA,NA,NA,NA,NA,NA
"DBH_dead_suspicious","EM","6/1/2022","7122e550-c18d-426f-bde0-c74d279e0b6f",927,92443,1,"quru","M",1.2,0.9,780,780,"AU","1.3","DS",NA,"FALSE",4,NA,826,80,0,NA,0,"AN",NA,NA,NA,"Woodpecker holes",NA,NA,NA,NA,NA
"missing_EAB_info","EM","6/1/2022","7122e550-c18d-426f-bde0-c74d279e0b6f",927,92444,1,"frpe","H",6.5,0.2,58,58,"AU","1.3","A",NA,NA,1,NA,NA,95,90,NA,0,NA,NA,NA,NA,"Stump sprouts",2,NA,NA,NA,NA
"crown_thinning_more_than_1_but_not_AU_or_dead","EM","6/1/2022","7122e550-c18d-426f-bde0-c74d279e0b6f",927,92444,1,"frpe","H",6.5,0.2,58,58,"AU","1.3","A",NA,NA,1,NA,NA,95,90,NA,0,NA,NA,NA,NA,"Stump sprouts",2,NA,NA,NA,NA
"missing_crown_position","EM","6/1/2022","7122e550-c18d-426f-bde0-c74d279e0b6f",927,92455,1,"caovl","L",18.7,13.6,119,119,"PD","1.3","DS",NA,"FALSE",NA,"S",NA,0,0,NA,NA,NA,NA,NA,NA,NA,NA,NA,NA,NA,NA
"missing_stem",NA,NA,NA,927,92456,1,"litu",NA,176.89999,540,142,NA,NA,"A",NA,NA,NA,NA,NA,NA,NA,NA,NA,NA,NA,NA,NA,NA,NA,NA,NA,NA,NA,NA
"crown_thinning_more_than_1_but_not_AU_or_dead","EM","6/1/2022","7122e550-c18d-426f-bde0-c74d279e0b6f",927,92458,1,"fram","H",10.4,15.9,63,63,"AU","1.3","A",NA,NA,1,NA,NA,100,100,NA,NA,NA,NA,NA,NA,NA,2,3,"SS",NA,"S"
"EABF_recorded_but_not_AU_or_dead","EM","6/1/2022","7122e550-c18d-426f-bde0-c74d279e0b6f",927,92458,1,"fram","H",10.4,15.9,63,63,"AU","1.3","A",NA,NA,1,NA,NA,100,100,NA,NA,NA,NA,NA,NA,NA,2,3,"SS",NA,"S"
"wounded_but_no_level","EM","6/1/2022","7122e550-c18d-426f-bde0-c74d279e0b6f",927,92463,1,"litu","L",10,12.6,245,245,"AU","1.3","AU",NA,"FALSE",3,NA,NA,90,90,NA,0,"HS,W",NA,NA,NA,NA,NA,NA,NA,NA,NA
"missing_crown_position","EM","6/1/2022","60087fd5-97df-493c-a4be-37b2ffe6877d",928,92487,1,"quve","H",9.8,15,683,683,"DS","1.3","DS",NA,"FALSE",NA,"CD",NA,90,0,NA,NA,NA,NA,NA,NA,NA,NA,NA,NA,NA,NA
"missing_crown_position","EM","6/1/2022","d26d27d0-5b0e-425c-89d5-429341b7811d",929,92501,1,"litu","L",18.1,3.3,187,187,"PD","1.3","DS",NA,"FALSE",NA,"S",NA,10,0,NA,NA,NA,NA,NA,NA,NA,NA,NA,NA,NA,NA
"missing_crown_position","EM","6/1/2022","5f8bde07-4b11-4d20-a81c-441b20245665",930,92525,1,"fram","H",17,15.1,79,79,"DS","1.3","DS",NA,"FALSE",NA,"S",NA,0,0,NA,NA,NA,NA,NA,NA,NA,5,0,"AS",NA,NA
"missing_crown_position","EM","6/1/2022","5f8bde07-4b11-4d20-a81c-441b20245665",930,92526,1,"fram","H",18,16.2,112,112,"DS","1.3","DS",NA,"FALSE",NA,"I",NA,75,0,NA,NA,NA,NA,NA,NA,NA,5,0,"AS",NA,NA
"missing_stem",NA,NA,NA,1021,102213,1,"cato",NA,191.5,406.60001,329,NA,NA,"A",NA,NA,NA,NA,NA,NA,NA,NA,NA,NA,NA,NA,NA,NA,NA,NA,NA,NA,NA,NA
"missing_crown_position","EM","6/6/2022","f16707cf-90b5-4755-9e8d-4f58aff235ed",1022,102238,1,"quve","H",1,1,796,796,"PD","1.3","DS",NA,"FALSE",NA,"CD",NA,70,0,NA,NA,NA,NA,NA,NA,"Crown position 4",NA,NA,NA,NA,NA
"missing_crown_position","EM","6/6/2022","f16707cf-90b5-4755-9e8d-4f58aff235ed",1022,102247,1,"quve","H",19,2.6,778,778,"PD","1.3","DS","NN","FALSE",NA,"I",NA,0,0,NA,NA,NA,NA,NA,NA,"Crown position 3",NA,NA,NA,NA,NA
"wounded_but_no_level","EM","6/6/2022","f16707cf-90b5-4755-9e8d-4f58aff235ed",1022,102248,1,"amar","M",19.9,1,138,138,"A","1.3","DC",NA,"TRUE",NA,NA,148,NA,NA,NA,NA,"OT,W",NA,NA,NA,NA,NA,NA,NA,NA,NA
"crown_thinning_more_than_1_but_not_AU_or_dead","EM","6/6/2022","f16707cf-90b5-4755-9e8d-4f58aff235ed",1022,102260,1,"fram","H",3.3,13.1,117,117,"AU","1.3","A",NA,NA,1,NA,NA,98,96,NA,0,NA,NA,NA,NA,NA,2,3,"AS",NA,NA
"EABF_recorded_but_not_AU_or_dead","EM","6/6/2022","f16707cf-90b5-4755-9e8d-4f58aff235ed",1022,102260,1,"fram","H",3.3,13.1,117,117,"AU","1.3","A",NA,NA,1,NA,NA,98,96,NA,0,NA,NA,NA,NA,NA,2,3,"AS",NA,NA
"missing_crown_position","EM","6/6/2022","1e2d0f4c-698b-4fdb-93c5-0328a5de0ee6",1023,102266,1,"fram","H",7.8,2.9,93,93,"DS","1.3","A",NA,NA,NA,NA,NA,100,98,NA,NA,NA,NA,NA,NA,NA,2,5,"SS",NA,"I"
"crown_thinning_more_than_1_but_not_AU_or_dead","EM","6/6/2022","1e2d0f4c-698b-4fdb-93c5-0328a5de0ee6",1023,102266,1,"fram","H",7.8,2.9,93,93,"DS","1.3","A",NA,NA,NA,NA,NA,100,98,NA,NA,NA,NA,NA,NA,NA,2,5,"SS",NA,"I"
"EABF_recorded_but_not_AU_or_dead","EM","6/6/2022","1e2d0f4c-698b-4fdb-93c5-0328a5de0ee6",1023,102266,1,"fram","H",7.8,2.9,93,93,"DS","1.3","A",NA,NA,NA,NA,NA,100,98,NA,NA,NA,NA,NA,NA,NA,2,5,"SS",NA,"I"
"missing_crown_position","EM","6/6/2022","1e2d0f4c-698b-4fdb-93c5-0328a5de0ee6",1023,102268,1,"fram","H",4.3,8.6,54,54,"DS","1.3","DS",NA,"TRUE",NA,"S",NA,80,0,NA,NA,NA,NA,NA,NA,NA,5,0,"AS,SS",NA,"S"
"missing_crown_position","EM","6/6/2022","9d324b09-eb84-4621-b72e-7f6ba5c819e0",1024,102313,1,"quve","H",19.5,1.8,733,733,"DS","1.3","DS",NA,"FALSE",NA,"I",NA,0,0,NA,NA,NA,NA,NA,NA,NA,NA,NA,NA,NA,NA
"missing_crown_position","EM","6/2/2022","25e43b74-71e0-4296-afad-0a644b6329ee",1014,101162,1,"qupr","H",2.9,1,449,449,"PD","1.3","DS",NA,"FALSE",NA,"D",NA,90,0,NA,NA,NA,NA,NA,NA,NA,NA,NA,NA,NA,NA
"missing_crown_position","EM","6/2/2022","25e43b74-71e0-4296-afad-0a644b6329ee",1014,101163,1,"nysy","L",10.1,3.2,256,256,"DS","1.3","DS",NA,"FALSE",NA,"I",NA,80,0,NA,NA,NA,NA,NA,NA,NA,NA,NA,NA,NA,NA
"status_DS_or_DC_but_DBH_not_measured","EM","6/2/2022","25e43b74-71e0-4296-afad-0a644b6329ee",1014,101244,1,"quve","H",9,9.2,822,822,"AU","1.3","DS",NA,"FALSE",3,"CD",NA,95,0,NA,0,"HS,R",NA,NA,NA,NA,NA,NA,NA,NA,NA
"rot_but_no_level","EM","6/2/2022","25e43b74-71e0-4296-afad-0a644b6329ee",1014,101244,1,"quve","H",9,9.2,822,822,"AU","1.3","DS",NA,"FALSE",3,"CD",NA,95,0,NA,0,"HS,R",NA,NA,NA,NA,NA,NA,NA,NA,NA
"missing_crown_position","EM","6/2/2022","735fc631-548e-470e-a2b8-841667d8e9a9",1015,101259,1,"fram","H",12.4,17.6,NA,0,"PD","NULL","DS","RT","FALSE",NA,"I",NA,0,0,NA,NA,NA,NA,NA,NA,NA,NA,NA,NA,NA,NA
"exit_hole_count_no_DE_EABF","EM","6/2/2022","ef24798f-cc36-4687-b07c-69a4fb607ff5",1016,101292,1,"fram","H",15,9.4,572,572,"AU","1.3","AU",NA,"FALSE",3,"CD",NA,75,10,NA,0,"DF,I,AN",NA,NA,NA,NA,5,1,"AS,SS,VB",1,NA
"status_AU_DS_or_DC_but_no_FAD","EM","6/2/2022","ef24798f-cc36-4687-b07c-69a4fb607ff5",1016,101294,1,"ceca","H",18.3,14,105,105,"M","1.3","DC",NA,"FALSE",NA,NA,103,NA,NA,NA,NA,NA,NA,NA,NA,NA,NA,NA,NA,NA,NA
"wounded_but_no_level","EM","6/2/2022","ef24798f-cc36-4687-b07c-69a4fb607ff5",1016,101305,1,"caca","H",2,7.5,163,163,"A","1.3","AU",NA,"FALSE",1,NA,NA,98,98,NA,0,"F,W",NA,NA,NA,NA,NA,NA,NA,NA,NA
"missing_crown_position","EM","6/2/2022","ef24798f-cc36-4687-b07c-69a4fb607ff5",1016,101310,1,"fram","H",8,14.1,482,482,"PD","1.3","DS",NA,"FALSE",NA,"I",NA,0,0,NA,NA,NA,NA,NA,NA,NA,NA,NA,NA,NA,NA
"missing_crown_position","EM","6/2/2022","ef24798f-cc36-4687-b07c-69a4fb607ff5",1016,101312,1,"fram","H",1.2,12.9,381,381,"DS","1.3","DS",NA,"FALSE",NA,"S",NA,0,0,NA,NA,NA,NA,NA,NA,NA,NA,NA,NA,NA,NA
"canker_but_no_level","EM","6/8/2022","bf8a4dc0-78f0-4e17-b5d4-43e40bb51d83",1020,102154,1,"qual","H",5.4,8.5,518,518,"A","1.3","AU",NA,"FALSE",3,NA,NA,90,75,NA,0,"K,I",NA,NA,NA,NA,NA,NA,NA,NA,NA
"missing_crown_position","EM","6/8/2022","414a12cd-94e2-4dd7-ad77-b7abb76186b9",1027,102401,1,"nysy","L",5.7,5.2,125,125,"PD","1.3","DS",NA,"FALSE",NA,"S",NA,2,0,NA,NA,NA,NA,NA,NA,NA,NA,NA,NA,NA,NA
"missing_crown_position","EM","6/8/2022","8631d2d0-e86b-43c0-9fc4-6d23b97dad12",1028,102423,1,"quru","M",6.6,1.7,684,684,"DS","1.3","DS",NA,"FALSE",NA,"CD",NA,95,0,NA,NA,NA,NA,NA,NA,NA,NA,NA,NA,NA,NA
"status_AU_DS_or_DC_but_no_FAD","EM","6/8/2022","74d8f40f-6cb6-411a-a6e0-f429d6ef3b6b",1029,102453,1,"fram","H",19.3,17.7,NA,0,"M","NULL","DC",NA,"FALSE",NA,NA,NA,NA,NA,NA,NA,NA,NA,NA,NA,NA,NA,NA,NA,NA,NA
"missing_EAB_info","EM","6/8/2022","74d8f40f-6cb6-411a-a6e0-f429d6ef3b6b",1029,102453,1,"fram","H",19.3,17.7,NA,0,"M","NULL","DC",NA,"FALSE",NA,NA,NA,NA,NA,NA,NA,NA,NA,NA,NA,NA,NA,NA,NA,NA,NA
"missing_crown_position","EM","6/8/2022","74d8f40f-6cb6-411a-a6e0-f429d6ef3b6b",1029,102455,1,"litu","L",11.8,19.3,390,390,"DS","1.3","DS",NA,"FALSE",NA,"CD",NA,10,0,NA,NA,NA,NA,NA,NA,NA,NA,NA,NA,NA,NA
"wounded_but_no_level","EM","6/8/2022","74d8f40f-6cb6-411a-a6e0-f429d6ef3b6b",1029,102461,1,"cagl","L",3.7,18.5,212,212,"A","1.3","AU",NA,"FALSE",2,NA,NA,100,95,NA,0,"W",NA,NA,NA,NA,NA,NA,NA,NA,NA
"missing_crown_position","EM","6/9/2022","f8107979-6948-4cba-b9a6-19a6f98e8d3a",1030,102470,1,"litu","L",1.3,3.3,234,234,"PD","1.3","DS","RT","TRUE",NA,NA,NA,0,0,NA,NA,NA,NA,NA,NA,NA,NA,NA,NA,NA,NA
"status_DS_or_DC_but_DBH_not_measured","EM","6/9/2022","8936fea1-3737-41de-a645-f62fd222359f",1031,102494,1,"litu","L",12.4,14.4,159,159,"A","1.3","DS",NA,"TRUE",1,"S",NA,40,0,NA,0,"U",NA,NA,NA,NA,NA,NA,NA,NA,NA
"missing_crown_position","EM","6/9/2022","709add49-9c89-44b2-827e-e2b17fe3622d",1032,102509,2,"quve","H",9.6,0.9,745,745,"PD","1.3","DS",NA,"FALSE",NA,"CD",NA,65,0,NA,NA,NA,NA,NA,NA,"Crown position 3",NA,NA,NA,NA,NA
"missing_crown_position","EM","6/9/2022","e7661520-1b2a-4498-aa3e-3f534ab9ed0f",1114,111252,1,"quru","M",10.9,10,337,337,"DS","1.3","DS",NA,"FALSE",NA,"I",NA,60,0,NA,NA,NA,NA,NA,NA,"Crown position 2",NA,NA,NA,NA,NA
"crown_thinning_more_than_1_but_not_AU_or_dead","EM","6/9/2022","a863f592-dcde-4af6-a520-69b11bb6da0a",1115,111330,1,"frni","H",8.3,12.9,458,458,"AU","1.3","A",NA,NA,4,NA,NA,95,95,NA,0,NA,NA,NA,NA,"Epicormic sprouts",2,3,"AS",NA,NA
"EABF_recorded_but_not_AU_or_dead","EM","6/9/2022","a863f592-dcde-4af6-a520-69b11bb6da0a",1115,111330,1,"frni","H",8.3,12.9,458,458,"AU","1.3","A",NA,NA,4,NA,NA,95,95,NA,0,NA,NA,NA,NA,"Epicormic sprouts",2,3,"AS",NA,NA
"status_AU_DS_or_DC_but_no_FAD","EM","6/9/2022","902aca0b-1e6d-439b-b9c9-5883af474c54",1116,111290,1,"fram","H",17.4,8.3,NA,0,"M","NULL","DC",NA,"FALSE",NA,NA,365,NA,NA,NA,NA,NA,NA,NA,NA,NA,NA,NA,NA,NA,NA
"missing_EAB_info","EM","6/9/2022","902aca0b-1e6d-439b-b9c9-5883af474c54",1116,111290,1,"fram","H",17.4,8.3,NA,0,"M","NULL","DC",NA,"FALSE",NA,NA,365,NA,NA,NA,NA,NA,NA,NA,NA,NA,NA,NA,NA,NA,NA
"canker_but_no_level","EM","6/9/2022","902aca0b-1e6d-439b-b9c9-5883af474c54",1116,111291,1,"havi","M",16.6,9.6,112,112,"AU","1.3","AU",NA,"FALSE",2,NA,NA,100,100,NA,0,"B,K",NA,NA,NA,NA,NA,NA,NA,NA,NA
"missing_crown_position","EM","6/9/2022","902aca0b-1e6d-439b-b9c9-5883af474c54",1116,111292,1,"fram","H",12.8,10.4,713,713,"DS","1.3","DS",NA,"FALSE",NA,"CD",NA,60,0,NA,NA,NA,NA,NA,NA,NA,5,0,"AS",NA,NA
"missing_crown_position","EM","6/9/2022","edc3e7b1-9b8e-4de1-bb31-6d76ce5757bc",1117,112010,1,"quru","M",18.2,10.3,170,170,"DS","1.3","DS",NA,"FALSE",NA,"I",NA,80,0,NA,NA,NA,NA,NA,NA,"Crown position 3",NA,NA,NA,NA,NA
"missing_crown_position","EM","6/9/2022","edc3e7b1-9b8e-4de1-bb31-6d76ce5757bc",1117,112060,1,"fram","H",1,7.6,853,853,"DS","1.3","DS",NA,"FALSE",NA,"CD",NA,90,0,NA,NA,NA,NA,NA,NA,NA,NA,NA,NA,NA,NA
"missing_crown_position","EM","6/9/2022","17a43260-55d3-4e13-a517-0c876df36f89",1118,112082,1,"quru","M",2.4,0.9,357,357,"DS","1.3","DS",NA,"FALSE",NA,"CD",NA,70,0,NA,NA,NA,NA,NA,NA,NA,NA,NA,NA,NA,NA
"status_AU_DS_or_DC_but_no_FAD","EM","6/9/2022","17a43260-55d3-4e13-a517-0c876df36f89",1118,112084,1,"acru","M",3.2,1.1,112,112,"AU","1.3","DS",NA,"FALSE",1,"S",114,0,0,NA,NA,NA,NA,NA,NA,NA,NA,NA,NA,NA,NA
"missing_crown_position","EM","6/9/2022","0d34ef2c-8b87-4bdf-b382-fb4745bef02c",1119,112118,1,"quru","M",13.3,11.4,584,584,"DS","1.3","DS","NN","FALSE",NA,"CD",NA,70,0,NA,NA,NA,NA,NA,NA,"Fell and is crushing 112115",NA,NA,NA,NA,NA
"missing_EAB_info","EM","05-30-2022","5e372782-d24c-4a1f-9f50-64c80273826b",101,13322,1,"fram","H",11.3,14.6,27,27,"A","1.3","A",NA,NA,2,NA,NA,100,95,NA,0,NA,NA,NA,NA,NA,NA,NA,NA,NA,NA
"missing_crown_position","EM","05-30-2022","f3db926d-357c-4b13-9b83-707bfe711b5c",102,10013,1,"fram","H",5.5,3.5,268,268,"DS","1.3","AU","RT","False",NA,NA,NA,60,5,NA,NA,"BB,R",NA,NA,2,"Large liana load >50",NA,NA,NA,NA,NA
"missing_crown_position","EM","05-30-2022","f3db926d-357c-4b13-9b83-707bfe711b5c",102,10021,1,"fram","H",5.1,10.1,206,206,"DS","1.3","DS","RT","False",NA,"CD",NA,80,0,NA,NA,"I",NA,NA,NA,"Lilac ash borer",NA,NA,NA,NA,NA
"missing_crown_position","EM","05-30-2022","f3db926d-357c-4b13-9b83-707bfe711b5c",102,10134,1,"fram","H",16.8,7.3,511,511,"PD","1.3","AU",NA,"False",NA,NA,NA,90,0,NA,NA,NA,NA,NA,NA,NA,4,1,NA,NA,NA
"status_DS_or_DC_but_DBH_not_measured","EM","05-30-2022","f3db926d-357c-4b13-9b83-707bfe711b5c",102,10157,1,"fram","H",4.3,18.9,489,489,"AU","1.3","DS","RT","False",3,"I",NA,0,0,NA,0,"I",NA,NA,NA,NA,NA,NA,NA,NA,NA
"missing_EAB_info","EM","05-30-2022","f3db926d-357c-4b13-9b83-707bfe711b5c",102,10157,1,"fram","H",4.3,18.9,489,489,"AU","1.3","DS","RT","False",3,"I",NA,0,0,NA,0,"I",NA,NA,NA,NA,NA,NA,NA,NA,NA
"missing_stem",NA,NA,NA,706,70159,1,"qupr",NA,123.3,116.7,358,NA,NA,"G",NA,NA,NA,NA,NA,NA,NA,NA,NA,NA,NA,NA,NA,NA,NA,NA,NA,NA,NA,NA
"rot_but_no_level","JJ","06-15-2022","9c0f6b80-3621-48d3-bfd1-347ce5ee62c3",710,70427,1,"caca","H",8.1,4.1,122,122,"AU","1.3","AU",NA,NA,1,NA,NA,70,60,NA,0,"B,R,U",1,NA,NA,NA,NA,NA,NA,NA,NA
"missing_stem",NA,NA,NA,712,70472,1,"fagr",NA,121.6,227.5,154,NA,NA,"A",NA,NA,NA,NA,NA,NA,NA,NA,NA,NA,NA,NA,NA,NA,NA,NA,NA,NA,NA,NA
"missing_stem",NA,NA,NA,712,70473,1,"cato",NA,124.5,239.7,190,NA,NA,"A",NA,NA,NA,NA,NA,NA,NA,NA,NA,NA,NA,NA,NA,NA,NA,NA,NA,NA,NA,NA
"missing_crown_position","EM","05-23-2022","594a22b0-c746-432d-bde3-816b9e17d6ab",816,80695,1,"frni","H",5.3,7.9,NA,0,"PD","NULL","DS",NA,"False",NA,"S",194,60,0,NA,NA,"I",NA,NA,NA,NA,5,0,"VB,SS",NA,NA
"missing_crown_position","EM","05-23-2022","594a22b0-c746-432d-bde3-816b9e17d6ab",816,80698,1,"frni","H",0.9,13.2,158,158,"DS","1.3","DS",NA,"False",NA,"I",NA,90,0,NA,NA,"I,BB",NA,NA,NA,NA,5,NA,"VB",NA,NA
"missing_crown_position","EM","05-23-2022","594a22b0-c746-432d-bde3-816b9e17d6ab",816,80775,1,"fram","H",10.9,19.9,341,341,"DS","1.3","DS",NA,"False",NA,"I",NA,0,0,NA,NA,"U",NA,NA,NA,NA,NA,NA,NA,NA,NA
"wounded_but_no_level","EM","05-24-2022","e5f7c1b2-eab5-4a02-b905-28766b910335",818,82072,1,"qual","H",11.6,10.9,545,545,"AU","1.3","AU",NA,"False",3,NA,NA,98,95,18,0,"W,F,LF",NA,NA,NA,NA,NA,NA,NA,NA,NA
"missing_crown_position","EM","05-24-2022","e4147848-4093-4480-b24b-ca2532108e51",819,82095,1,"cagl","L",7.7,0.7,102,102,"DS","1.3","DS",NA,"False",NA,"S",98,90,0,NA,NA,"W",1,NA,NA,NA,NA,NA,NA,NA,NA
"missing_crown_position","EM","05-24-2022","e4147848-4093-4480-b24b-ca2532108e51",819,82103,1,"qual","H",11.1,1.2,172,172,"DS","1.3","DS",NA,"False",NA,"S",180,70,0,NA,NA,"U",NA,NA,NA,NA,NA,NA,NA,NA,NA
"DBH_dead_suspicious","EM","05-25-2022","bd159b4f-862d-4bdf-9c67-35520624f3c7",820,82158,1,"qual","H",0.6,16.3,657,657,"AU","1.3","DS","RT","False",4,"D",694,80,0,NA,0,"LF,U",NA,NA,NA,"Bark missing most likely postmortem",NA,NA,NA,NA,NA
"missing_crown_position","EM","05-25-2022","ad5bded4-a120-4ecc-81b5-18c81d3da156",821,82182,1,"nysy","L",12.4,19.2,119,119,"PD","1.3","DS",NA,"False",NA,"S",NA,70,0,NA,NA,NA,NA,NA,NA,NA,NA,NA,NA,NA,NA
"missing_crown_position","EM","05-25-2022","ad5bded4-a120-4ecc-81b5-18c81d3da156",821,82193,1,"cagl","L",1.9,15,106,106,"DS","1.3","DS",NA,"False",NA,"S",NA,80,0,NA,NA,NA,NA,NA,NA,NA,NA,NA,NA,NA,NA
"missing_crown_position","EM","05-25-2022","ad5bded4-a120-4ecc-81b5-18c81d3da156",821,82194,1,"nysy","L",0.4,19.1,128,128,"PD","1.3","DS",NA,"False",NA,NA,NA,NA,NA,NA,NA,NA,NA,NA,NA,NA,NA,NA,NA,NA,NA
"missing_percent_crown_intact","EM","05-25-2022","ad5bded4-a120-4ecc-81b5-18c81d3da156",821,82194,1,"nysy","L",0.4,19.1,128,128,"PD","1.3","DS",NA,"False",NA,NA,NA,NA,NA,NA,NA,NA,NA,NA,NA,NA,NA,NA,NA,NA,NA
"missing_percent_crown_living","EM","05-25-2022","ad5bded4-a120-4ecc-81b5-18c81d3da156",821,82194,1,"nysy","L",0.4,19.1,128,128,"PD","1.3","DS",NA,"False",NA,NA,NA,NA,NA,NA,NA,NA,NA,NA,NA,NA,NA,NA,NA,NA,NA
"missing_crown_position",NA,"05-25-2022","2de095c1-64ac-445c-b6a8-a422c642a501",823,82228,1,"quru","M",16.6,1.6,587,587,"PD","1.3","DS",NA,"False",NA,"I",NA,80,0,NA,NA,NA,NA,NA,NA,NA,NA,NA,NA,NA,NA
"missing_crown_position",NA,"05-25-2022","43960d92-33dc-4f74-9154-4639a397159f",825,82284,1,"quve","H",1.3,12,850,850,"PD","1.3","DS",NA,"False",NA,"I",NA,20,0,NA,NA,"AN",NA,NA,NA,NA,NA,NA,NA,NA,NA
"missing_EAB_info","EM","05-25-2022","bf93d26d-c543-44cc-bdca-ccec855b030d",826,82297,1,"fram","H",2.3,7.2,76,76,"AU","1.3","AU",NA,"False",1,NA,NA,85,70,NA,0,"I",NA,NA,NA,NA,3,3,"AS,SS",NA,NA
"missing_crown_position","EM","05-26-2022","34774be7-0d76-4392-a934-c734c4f93704",829,82363,1,"fram","H",17.2,9,222,222,"A","1.3","DS",NA,"False",NA,NA,NA,80,0,NA,0,"I,U",NA,NA,NA,NA,NA,NA,"AS",NA,NA
"status_DS_or_DC_but_DBH_not_measured","EM","05-26-2022","34774be7-0d76-4392-a934-c734c4f93704",829,82363,1,"fram","H",17.2,9,222,222,"A","1.3","DS",NA,"False",NA,NA,NA,80,0,NA,0,"I,U",NA,NA,NA,NA,NA,NA,"AS",NA,NA
"missing_EAB_info","EM","05-26-2022","34774be7-0d76-4392-a934-c734c4f93704",829,82363,1,"fram","H",17.2,9,222,222,"A","1.3","DS",NA,"False",NA,NA,NA,80,0,NA,0,"I,U",NA,NA,NA,NA,NA,NA,"AS",NA,NA
"missing_crown_position","EM","05-26-2022","5e96f409-dbb9-4366-9a4d-9f3fb2c92861",832,82424,2,"cato","L",10,8.3,179,179,"PD","1.3","DS",NA,"False",NA,"S",NA,0,0,NA,NA,NA,NA,NA,NA,NA,NA,NA,NA,NA,NA
"wounded_but_no_level","EM","05-31-2022","86547df3-6bcb-4290-a244-28331a9887c1",916,90699,1,"caca","H",2,6.2,137,137,"A","1.3","AU",NA,"False",1,NA,NA,100,100,NA,1,"W",NA,NA,NA,NA,NA,NA,NA,NA,NA
"missing_crown_position","EM","05-31-2022","86547df3-6bcb-4290-a244-28331a9887c1",916,90715,1,"frni","H",7.1,8.1,NA,0,"PD","1.3","DS",NA,"False",NA,"S",NA,0,0,NA,NA,NA,NA,NA,NA,NA,NA,NA,NA,NA,NA
"missing_crown_position","EM","05-31-2022","86547df3-6bcb-4290-a244-28331a9887c1",916,90716,1,"frni","H",7.6,8.2,NA,0,"PD","NULL","DS",NA,"False",NA,"CD",NA,50,0,NA,NA,NA,NA,NA,NA,NA,NA,NA,NA,NA,NA
"status_AU_DS_or_DC_but_no_FAD","EM","05-31-2022","86547df3-6bcb-4290-a244-28331a9887c1",916,90759,1,"frni","H",9.5,14.9,NA,0,"M","NULL","DC",NA,"False",NA,NA,93,NA,NA,NA,NA,NA,NA,NA,NA,"Tree previously dead, probably on the ground",NA,NA,NA,NA,NA
"missing_EAB_info","EM","05-31-2022","86547df3-6bcb-4290-a244-28331a9887c1",916,90759,1,"frni","H",9.5,14.9,NA,0,"M","NULL","DC",NA,"False",NA,NA,93,NA,NA,NA,NA,NA,NA,NA,NA,"Tree previously dead, probably on the ground",NA,NA,NA,NA,NA
"missing_crown_position","EM","05-31-2022","4511cd0f-17a6-4fdb-9020-76c2f2997d58",917,92006,1,"fram","H",6.3,1.4,546,546,"PD","1.3","DS",NA,"False",NA,"S",NA,20,0,NA,NA,NA,NA,NA,NA,"No fad previously dead",NA,NA,NA,NA,NA
"missing_crown_position","EM","05-31-2022","4511cd0f-17a6-4fdb-9020-76c2f2997d58",917,92029,1,"quru","M",11.5,14,594,594,"DS","1.3","AU",NA,"False",NA,NA,NA,90,70,NA,NA,"DF,F,R",NA,NA,2,"Epicormic sprouts",NA,NA,NA,NA,NA
"status_DS_or_DC_but_DBH_not_measured","EM","05-31-2022","4511cd0f-17a6-4fdb-9020-76c2f2997d58",917,92029,2,"quru","M",11.5,14,520,520,"A","1.3","DS","RT","False",3,"CD",NA,60,0,NA,0,"R,F,DF,U",NA,NA,2,NA,NA,NA,NA,NA,NA
"wounded_but_no_level","EM","05-31-2022","8fe0184e-d043-4122-bab4-c461eb2bda5b",918,92046,1,"qual","H",9.3,0.8,604,604,"AU","1.3","AU",NA,"False",3,NA,NA,100,100,NA,0,"F,W",NA,NA,NA,NA,NA,NA,NA,NA,NA
"missing_crown_position","EM","05-31-2022","8fe0184e-d043-4122-bab4-c461eb2bda5b",918,92050,1,"caovl","L",6.2,7,106,106,"AU","1.3","DS",NA,"True",NA,NA,NA,NA,NA,NA,NA,"W,R",NA,NA,1,NA,NA,NA,NA,NA,NA
"missing_percent_crown_intact","EM","05-31-2022","8fe0184e-d043-4122-bab4-c461eb2bda5b",918,92050,1,"caovl","L",6.2,7,106,106,"AU","1.3","DS",NA,"True",NA,NA,NA,NA,NA,NA,NA,"W,R",NA,NA,1,NA,NA,NA,NA,NA,NA
"missing_percent_crown_living","EM","05-31-2022","8fe0184e-d043-4122-bab4-c461eb2bda5b",918,92050,1,"caovl","L",6.2,7,106,106,"AU","1.3","DS",NA,"True",NA,NA,NA,NA,NA,NA,NA,"W,R",NA,NA,1,NA,NA,NA,NA,NA,NA
"status_DS_or_DC_but_DBH_not_measured","EM","05-31-2022","8fe0184e-d043-4122-bab4-c461eb2bda5b",918,92050,1,"caovl","L",6.2,7,106,106,"AU","1.3","DS",NA,"True",NA,NA,NA,NA,NA,NA,NA,"W,R",NA,NA,1,NA,NA,NA,NA,NA,NA
"wounded_but_no_level","EM","05-31-2022","8fe0184e-d043-4122-bab4-c461eb2bda5b",918,92050,1,"caovl","L",6.2,7,106,106,"AU","1.3","DS",NA,"True",NA,NA,NA,NA,NA,NA,NA,"W,R",NA,NA,1,NA,NA,NA,NA,NA,NA
"status_DS_or_DC_but_DBH_not_measured","EM","05-31-2022","264c6348-024b-47ea-ad91-d477b1715a27",919,92105,1,"acru","M",15.6,8.2,117,117,"AU","1.3","DS",NA,"False",2,"I",NA,95,0,NA,0,"W,R",NA,NA,NA,NA,NA,NA,NA,NA,NA
"wounded_but_no_level","EM","05-31-2022","264c6348-024b-47ea-ad91-d477b1715a27",919,92105,1,"acru","M",15.6,8.2,117,117,"AU","1.3","DS",NA,"False",2,"I",NA,95,0,NA,0,"W,R",NA,NA,NA,NA,NA,NA,NA,NA,NA
"rot_but_no_level","EM","05-31-2022","264c6348-024b-47ea-ad91-d477b1715a27",919,92105,1,"acru","M",15.6,8.2,117,117,"AU","1.3","DS",NA,"False",2,"I",NA,95,0,NA,0,"W,R",NA,NA,NA,NA,NA,NA,NA,NA,NA
"missing_crown_position","EM","05-31-2022","76ff7ed0-ddfc-4c24-8cc8-3679f15a3d3e",920,92139,1,"quru","M",17.6,0.3,113,113,"DS","1.3","DS",NA,"False",NA,"I",NA,10,0,NA,NA,NA,NA,NA,NA,NA,NA,NA,NA,NA,NA
"crown_living_greater_than_crown_intact","EM","05-31-2022","76ff7ed0-ddfc-4c24-8cc8-3679f15a3d3e",920,92163,1,"cagl","L",5.2,15.6,118,118,"A","1.3","A",NA,NA,3,NA,NA,98,100,NA,0,NA,NA,NA,NA,NA,NA,NA,NA,NA,NA
"wounded_but_no_level","EM","05-31-2022","76ff7ed0-ddfc-4c24-8cc8-3679f15a3d3e",920,92166,1,"cagl","L",7.1,19.3,107,107,"AU","1.3","AU",NA,"False",2,NA,NA,100,100,NA,0,"W",NA,NA,NA,NA,NA,NA,NA,NA,NA
"missing_crown_position","EM","05-31-2022","99c7479e-071b-4288-9672-9dbf6fc590d1",923,92347,1,"quru","M",1.4,14.5,569,569,"DS","1.3","DS",NA,"False",NA,"CD",NA,90,0,NA,NA,NA,NA,NA,NA,NA,NA,NA,NA,NA,NA
"missing_crown_position","EM","06-01-2022","54a527a6-ac06-4712-b7c2-4e0b803542f8",924,92348,1,"caovl","L",5.8,4.5,483,483,"DS","1.3","DS",NA,"False",NA,"CD",NA,90,0,NA,NA,NA,NA,NA,NA,NA,NA,NA,NA,NA,NA
"missing_crown_position","EM","06-01-2022","54a527a6-ac06-4712-b7c2-4e0b803542f8",924,92351,1,"litu","L",0.5,5.4,146,146,"PD","1.3","DS",NA,"False",NA,"S",NA,0,0,NA,NA,NA,NA,NA,NA,NA,NA,NA,NA,NA,NA
"status_AU_DS_or_DC_but_no_FAD","EM","06-01-2022","54a527a6-ac06-4712-b7c2-4e0b803542f8",924,92360,1,"litu","L",19,6.5,103,103,"M","1.3","DC",NA,"False",NA,NA,NA,NA,NA,NA,NA,NA,NA,NA,NA,"Crushed by 92362",NA,NA,NA,NA,NA
"missing_crown_position","EM","06-01-2022","ea47f01b-7228-4414-b85a-e60b15c08249",925,92384,1,"litu","L",2.2,1.5,125,125,"PD","1.3","DS",NA,"False",NA,"S",NA,50,0,NA,NA,NA,NA,NA,NA,NA,NA,NA,NA,NA,NA
"DBH_dead_suspicious","EM","06-01-2022","7122e550-c18d-426f-bde0-c74d279e0b6f",927,92443,1,"quru","M",1.2,0.9,780,780,"AU","1.3","DS",NA,"False",4,NA,826,80,0,NA,0,"AN",NA,NA,NA,"Woodpecker holes",NA,NA,NA,NA,NA
"missing_EAB_info","EM","06-01-2022","7122e550-c18d-426f-bde0-c74d279e0b6f",927,92444,1,"frpe","H",6.5,0.2,58,58,"AU","1.3","A",NA,NA,1,NA,NA,95,90,NA,0,NA,NA,NA,NA,"Stump sprouts",2,NA,NA,NA,NA
"crown_thinning_more_than_1_but_not_AU_or_dead","EM","06-01-2022","7122e550-c18d-426f-bde0-c74d279e0b6f",927,92444,1,"frpe","H",6.5,0.2,58,58,"AU","1.3","A",NA,NA,1,NA,NA,95,90,NA,0,NA,NA,NA,NA,"Stump sprouts",2,NA,NA,NA,NA
"missing_crown_position","EM","06-01-2022","7122e550-c18d-426f-bde0-c74d279e0b6f",927,92455,1,"caovl","L",18.7,13.6,119,119,"PD","1.3","DS",NA,"False",NA,"S",NA,0,0,NA,NA,NA,NA,NA,NA,NA,NA,NA,NA,NA,NA
"crown_thinning_more_than_1_but_not_AU_or_dead","EM","06-01-2022","7122e550-c18d-426f-bde0-c74d279e0b6f",927,92458,1,"fram","H",10.4,15.9,63,63,"AU","1.3","A",NA,NA,1,NA,NA,100,100,NA,NA,NA,NA,NA,NA,NA,2,3,"SS",NA,"S"
"EABF_recorded_but_not_AU_or_dead","EM","06-01-2022","7122e550-c18d-426f-bde0-c74d279e0b6f",927,92458,1,"fram","H",10.4,15.9,63,63,"AU","1.3","A",NA,NA,1,NA,NA,100,100,NA,NA,NA,NA,NA,NA,NA,2,3,"SS",NA,"S"
"wounded_but_no_level","EM","06-01-2022","7122e550-c18d-426f-bde0-c74d279e0b6f",927,92463,1,"litu","L",10,12.6,245,245,"AU","1.3","AU",NA,"False",3,NA,NA,90,90,NA,0,"HS,W",NA,NA,NA,NA,NA,NA,NA,NA,NA
"missing_crown_position","EM","06-01-2022","60087fd5-97df-493c-a4be-37b2ffe6877d",928,92487,1,"quve","H",9.8,15,683,683,"DS","1.3","DS",NA,"False",NA,"CD",NA,90,0,NA,NA,NA,NA,NA,NA,NA,NA,NA,NA,NA,NA
"missing_crown_position","EM","06-01-2022","d26d27d0-5b0e-425c-89d5-429341b7811d",929,92501,1,"litu","L",18.1,3.3,187,187,"PD","1.3","DS",NA,"False",NA,"S",NA,10,0,NA,NA,NA,NA,NA,NA,NA,NA,NA,NA,NA,NA
"missing_crown_position","EM","06-01-2022","5f8bde07-4b11-4d20-a81c-441b20245665",930,92525,1,"fram","H",17,15.1,79,79,"DS","1.3","DS",NA,"False",NA,"S",NA,0,0,NA,NA,NA,NA,NA,NA,NA,5,0,"AS",NA,NA
"missing_crown_position","EM","06-01-2022","5f8bde07-4b11-4d20-a81c-441b20245665",930,92526,1,"fram","H",18,16.2,112,112,"DS","1.3","DS",NA,"False",NA,"I",NA,75,0,NA,NA,NA,NA,NA,NA,NA,5,0,"AS",NA,NA
"missing_crown_position","EM","06-02-2022","25e43b74-71e0-4296-afad-0a644b6329ee",1014,101162,1,"qupr","H",2.9,1,449,449,"PD","1.3","DS",NA,"False",NA,"D",NA,90,0,NA,NA,NA,NA,NA,NA,NA,NA,NA,NA,NA,NA
"missing_crown_position","EM","06-02-2022","25e43b74-71e0-4296-afad-0a644b6329ee",1014,101163,1,"nysy","L",10.1,3.2,256,256,"DS","1.3","DS",NA,"False",NA,"I",NA,80,0,NA,NA,NA,NA,NA,NA,NA,NA,NA,NA,NA,NA
"status_DS_or_DC_but_DBH_not_measured","EM","06-02-2022","25e43b74-71e0-4296-afad-0a644b6329ee",1014,101244,1,"quve","H",9,9.2,822,822,"AU","1.3","DS",NA,"False",3,"CD",NA,95,0,NA,0,"HS,R",NA,NA,NA,NA,NA,NA,NA,NA,NA
"rot_but_no_level","EM","06-02-2022","25e43b74-71e0-4296-afad-0a644b6329ee",1014,101244,1,"quve","H",9,9.2,822,822,"AU","1.3","DS",NA,"False",3,"CD",NA,95,0,NA,0,"HS,R",NA,NA,NA,NA,NA,NA,NA,NA,NA
"missing_crown_position","EM","06-02-2022","735fc631-548e-470e-a2b8-841667d8e9a9",1015,101259,1,"fram","H",12.4,17.6,NA,0,"PD","NULL","DS","RT","False",NA,"I",NA,0,0,NA,NA,NA,NA,NA,NA,NA,NA,NA,NA,NA,NA
"exit_hole_count_no_DE_EABF","EM","06-02-2022","ef24798f-cc36-4687-b07c-69a4fb607ff5",1016,101292,1,"fram","H",15,9.4,572,572,"AU","1.3","AU",NA,"False",3,"CD",NA,75,10,NA,0,"DF,I,AN",NA,NA,NA,NA,5,1,"AS,SS,VB",1,NA
"status_AU_DS_or_DC_but_no_FAD","EM","06-02-2022","ef24798f-cc36-4687-b07c-69a4fb607ff5",1016,101294,1,"ceca","H",18.3,14,105,105,"M","1.3","DC",NA,"False",NA,NA,103,NA,NA,NA,NA,NA,NA,NA,NA,NA,NA,NA,NA,NA,NA
"wounded_but_no_level","EM","06-02-2022","ef24798f-cc36-4687-b07c-69a4fb607ff5",1016,101305,1,"caca","H",2,7.5,163,163,"A","1.3","AU",NA,"False",1,NA,NA,98,98,NA,0,"F,W",NA,NA,NA,NA,NA,NA,NA,NA,NA
"missing_crown_position","EM","06-02-2022","ef24798f-cc36-4687-b07c-69a4fb607ff5",1016,101310,1,"fram","H",8,14.1,482,482,"PD","1.3","DS",NA,"False",NA,"I",NA,0,0,NA,NA,NA,NA,NA,NA,NA,NA,NA,NA,NA,NA
"missing_crown_position","EM","06-02-2022","ef24798f-cc36-4687-b07c-69a4fb607ff5",1016,101312,1,"fram","H",1.2,12.9,381,381,"DS","1.3","DS",NA,"False",NA,"S",NA,0,0,NA,NA,NA,NA,NA,NA,NA,NA,NA,NA,NA,NA
"canker_but_no_level","EM","06-08-2022","bf8a4dc0-78f0-4e17-b5d4-43e40bb51d83",1020,102154,1,"qual","H",5.4,8.5,518,518,"A","1.3","AU",NA,"False",3,NA,NA,90,75,NA,0,"K,I",NA,NA,NA,NA,NA,NA,NA,NA,NA
"missing_crown_position","EM","06-06-2022","f16707cf-90b5-4755-9e8d-4f58aff235ed",1022,102238,1,"quve","H",1,1,796,796,"PD","1.3","DS",NA,"False",NA,"CD",NA,70,0,NA,NA,NA,NA,NA,NA,"Crown position 4",NA,NA,NA,NA,NA
"missing_crown_position","EM","06-06-2022","f16707cf-90b5-4755-9e8d-4f58aff235ed",1022,102247,1,"quve","H",19,2.6,778,778,"PD","1.3","DS","NN","False",NA,"I",NA,0,0,NA,NA,NA,NA,NA,NA,"Crown position 3",NA,NA,NA,NA,NA
"wounded_but_no_level","EM","06-06-2022","f16707cf-90b5-4755-9e8d-4f58aff235ed",1022,102248,1,"amar","M",19.9,1,138,138,"A","1.3","DC",NA,"True",NA,NA,148,NA,NA,NA,NA,"OT,W",NA,NA,NA,NA,NA,NA,NA,NA,NA
"crown_thinning_more_than_1_but_not_AU_or_dead","EM","06-06-2022","f16707cf-90b5-4755-9e8d-4f58aff235ed",1022,102260,1,"fram","H",3.3,13.1,117,117,"AU","1.3","A",NA,NA,1,NA,NA,98,96,NA,0,NA,NA,NA,NA,NA,2,3,"AS",NA,NA
"EABF_recorded_but_not_AU_or_dead","EM","06-06-2022","f16707cf-90b5-4755-9e8d-4f58aff235ed",1022,102260,1,"fram","H",3.3,13.1,117,117,"AU","1.3","A",NA,NA,1,NA,NA,98,96,NA,0,NA,NA,NA,NA,NA,2,3,"AS",NA,NA
"missing_crown_position","EM","06-06-2022","1e2d0f4c-698b-4fdb-93c5-0328a5de0ee6",1023,102266,1,"fram","H",7.8,2.9,93,93,"DS","1.3","A",NA,NA,NA,NA,NA,100,98,NA,NA,NA,NA,NA,NA,NA,2,5,"SS",NA,"I"
"crown_thinning_more_than_1_but_not_AU_or_dead","EM","06-06-2022","1e2d0f4c-698b-4fdb-93c5-0328a5de0ee6",1023,102266,1,"fram","H",7.8,2.9,93,93,"DS","1.3","A",NA,NA,NA,NA,NA,100,98,NA,NA,NA,NA,NA,NA,NA,2,5,"SS",NA,"I"
"EABF_recorded_but_not_AU_or_dead","EM","06-06-2022","1e2d0f4c-698b-4fdb-93c5-0328a5de0ee6",1023,102266,1,"fram","H",7.8,2.9,93,93,"DS","1.3","A",NA,NA,NA,NA,NA,100,98,NA,NA,NA,NA,NA,NA,NA,2,5,"SS",NA,"I"
"missing_crown_position","EM","06-06-2022","1e2d0f4c-698b-4fdb-93c5-0328a5de0ee6",1023,102268,1,"fram","H",4.3,8.6,54,54,"DS","1.3","DS",NA,"True",NA,"S",NA,80,0,NA,NA,NA,NA,NA,NA,NA,5,0,"AS,SS",NA,"S"
"missing_crown_position","EM","06-06-2022","9d324b09-eb84-4621-b72e-7f6ba5c819e0",1024,102313,1,"quve","H",19.5,1.8,733,733,"DS","1.3","DS",NA,"False",NA,"I",NA,0,0,NA,NA,NA,NA,NA,NA,NA,NA,NA,NA,NA,NA
"missing_crown_position","EM","06-08-2022","414a12cd-94e2-4dd7-ad77-b7abb76186b9",1027,102401,1,"nysy","L",5.7,5.2,125,125,"PD","1.3","DS",NA,"False",NA,"S",NA,2,0,NA,NA,NA,NA,NA,NA,NA,NA,NA,NA,NA,NA
"missing_crown_position","EM","06-08-2022","8631d2d0-e86b-43c0-9fc4-6d23b97dad12",1028,102423,1,"quru","M",6.6,1.7,684,684,"DS","1.3","DS",NA,"False",NA,"CD",NA,95,0,NA,NA,NA,NA,NA,NA,NA,NA,NA,NA,NA,NA
"status_AU_DS_or_DC_but_no_FAD","EM","06-08-2022","74d8f40f-6cb6-411a-a6e0-f429d6ef3b6b",1029,102453,1,"fram","H",19.3,17.7,NA,0,"M","NULL","DC",NA,"False",NA,NA,NA,NA,NA,NA,NA,NA,NA,NA,NA,NA,NA,NA,NA,NA,NA
"missing_EAB_info","EM","06-08-2022","74d8f40f-6cb6-411a-a6e0-f429d6ef3b6b",1029,102453,1,"fram","H",19.3,17.7,NA,0,"M","NULL","DC",NA,"False",NA,NA,NA,NA,NA,NA,NA,NA,NA,NA,NA,NA,NA,NA,NA,NA,NA
"missing_crown_position","EM","06-08-2022","74d8f40f-6cb6-411a-a6e0-f429d6ef3b6b",1029,102455,1,"litu","L",11.8,19.3,390,390,"DS","1.3","DS",NA,"False",NA,"CD",NA,10,0,NA,NA,NA,NA,NA,NA,NA,NA,NA,NA,NA,NA
"wounded_but_no_level","EM","06-08-2022","74d8f40f-6cb6-411a-a6e0-f429d6ef3b6b",1029,102461,1,"cagl","L",3.7,18.5,212,212,"A","1.3","AU",NA,"False",2,NA,NA,100,95,NA,0,"W",NA,NA,NA,NA,NA,NA,NA,NA,NA
"missing_crown_position","EM","06-09-2022","f8107979-6948-4cba-b9a6-19a6f98e8d3a",1030,102470,1,"litu","L",1.3,3.3,234,234,"PD","1.3","DS","RT","True",NA,NA,NA,0,0,NA,NA,NA,NA,NA,NA,NA,NA,NA,NA,NA,NA
"status_DS_or_DC_but_DBH_not_measured","EM","06-09-2022","8936fea1-3737-41de-a645-f62fd222359f",1031,102494,1,"litu","L",12.4,14.4,159,159,"A","1.3","DS",NA,"True",1,"S",NA,40,0,NA,0,"U",NA,NA,NA,NA,NA,NA,NA,NA,NA
"missing_crown_position","EM","06-09-2022","709add49-9c89-44b2-827e-e2b17fe3622d",1032,102509,2,"quve","H",9.6,0.9,745,745,"PD","1.3","DS",NA,"False",NA,"CD",NA,65,0,NA,NA,NA,NA,NA,NA,"Crown position 3",NA,NA,NA,NA,NA
"missing_crown_position","EM","06-09-2022","e7661520-1b2a-4498-aa3e-3f534ab9ed0f",1114,111252,1,"quru","M",10.9,10,337,337,"DS","1.3","DS",NA,"False",NA,"I",NA,60,0,NA,NA,NA,NA,NA,NA,"Crown position 2",NA,NA,NA,NA,NA
"crown_thinning_more_than_1_but_not_AU_or_dead","EM","06-09-2022","a863f592-dcde-4af6-a520-69b11bb6da0a",1115,111330,1,"frni","H",8.3,12.9,458,458,"AU","1.3","A",NA,NA,4,NA,NA,95,95,NA,0,NA,NA,NA,NA,"Epicormic sprouts",2,3,"AS",NA,NA
"EABF_recorded_but_not_AU_or_dead","EM","06-09-2022","a863f592-dcde-4af6-a520-69b11bb6da0a",1115,111330,1,"frni","H",8.3,12.9,458,458,"AU","1.3","A",NA,NA,4,NA,NA,95,95,NA,0,NA,NA,NA,NA,"Epicormic sprouts",2,3,"AS",NA,NA
"status_AU_DS_or_DC_but_no_FAD","EM","06-09-2022","902aca0b-1e6d-439b-b9c9-5883af474c54",1116,111290,1,"fram","H",17.4,8.3,NA,0,"M","NULL","DC",NA,"False",NA,NA,365,NA,NA,NA,NA,NA,NA,NA,NA,NA,NA,NA,NA,NA,NA
"missing_EAB_info","EM","06-09-2022","902aca0b-1e6d-439b-b9c9-5883af474c54",1116,111290,1,"fram","H",17.4,8.3,NA,0,"M","NULL","DC",NA,"False",NA,NA,365,NA,NA,NA,NA,NA,NA,NA,NA,NA,NA,NA,NA,NA,NA
"canker_but_no_level","EM","06-09-2022","902aca0b-1e6d-439b-b9c9-5883af474c54",1116,111291,1,"havi","M",16.6,9.6,112,112,"AU","1.3","AU",NA,"False",2,NA,NA,100,100,NA,0,"B,K",NA,NA,NA,NA,NA,NA,NA,NA,NA
"missing_crown_position","EM","06-09-2022","902aca0b-1e6d-439b-b9c9-5883af474c54",1116,111292,1,"fram","H",12.8,10.4,713,713,"DS","1.3","DS",NA,"False",NA,"CD",NA,60,0,NA,NA,NA,NA,NA,NA,NA,5,0,"AS",NA,NA
"missing_crown_position","EM","06-09-2022","edc3e7b1-9b8e-4de1-bb31-6d76ce5757bc",1117,112010,1,"quru","M",18.2,10.3,170,170,"DS","1.3","DS",NA,"False",NA,"I",NA,80,0,NA,NA,NA,NA,NA,NA,"Crown position 3",NA,NA,NA,NA,NA
"missing_crown_position","EM","06-09-2022","edc3e7b1-9b8e-4de1-bb31-6d76ce5757bc",1117,112060,1,"fram","H",1,7.6,853,853,"DS","1.3","DS",NA,"False",NA,"CD",NA,90,0,NA,NA,NA,NA,NA,NA,NA,NA,NA,NA,NA,NA
"missing_crown_position","EM","06-09-2022","17a43260-55d3-4e13-a517-0c876df36f89",1118,112082,1,"quru","M",2.4,0.9,357,357,"DS","1.3","DS",NA,"False",NA,"CD",NA,70,0,NA,NA,NA,NA,NA,NA,NA,NA,NA,NA,NA,NA
"status_AU_DS_or_DC_but_no_FAD","EM","06-09-2022","17a43260-55d3-4e13-a517-0c876df36f89",1118,112084,1,"acru","M",3.2,1.1,112,112,"AU","1.3","DS",NA,"False",1,"S",114,0,0,NA,NA,NA,NA,NA,NA,NA,NA,NA,NA,NA,NA
"missing_crown_position","EM","06-09-2022","0d34ef2c-8b87-4bdf-b382-fb4745bef02c",1119,112118,1,"quru","M",13.3,11.4,584,584,"DS","1.3","DS","NN","False",NA,"CD",NA,70,0,NA,NA,NA,NA,NA,NA,"Fell and is crushing 112115",NA,NA,NA,NA,NA
"missing_EAB_info","EM","06-13-2022","2c5cde0b-19ad-43be-8ec4-e608f42e6c46",1124,112315,1,"frpe","H",4.6,0,216,216,"A","1.3","A",NA,NA,2,NA,NA,100,98,NA,0,NA,NA,NA,NA,NA,NA,NA,NA,NA,NA
"DBH_dead_suspicious","EM","06-13-2022","01b2e7eb-61dc-4ec1-8660-93d6cff869a1",1125,112322,1,"caovl","L",11.5,7.3,265,265,"PD","1.3","DS",NA,"False",2,"S",2645,0,0,NA,0,NA,NA,NA,NA,NA,NA,NA,NA,NA,NA
"status_AU_DS_or_DC_but_no_FAD","EM","06-13-2022","ed43de5a-af6d-49a1-b183-35f07c029a1d",1128,112421,1,"litu","L",5.2,16.5,208,208,"M","1.3","DC",NA,"False",NA,"S",208,NA,NA,NA,0,NA,NA,NA,NA,NA,NA,NA,NA,NA,NA
"wounded_but_no_level","EM","06-14-2022","cdf0c66a-71b8-462b-af35-864cccc5320e",1129,112465,1,"acru","M",15.1,5.4,117,117,"A","1.3","AU",NA,NA,1,NA,NA,100,98,24,0,"W",NA,NA,NA,NA,NA,NA,NA,NA,NA
"crown_living_greater_than_crown_intact","EM","06-14-2022","cdf0c66a-71b8-462b-af35-864cccc5320e",1129,112469,1,"quve","H",14.9,17.8,608,608,"A","1.3","A",NA,NA,3,NA,NA,98,99,NA,0,NA,NA,NA,NA,NA,NA,NA,NA,NA,NA
"wounded_but_no_level","EM","06-15-2022","b2d49994-5b25-43de-8086-cdd79ea5c5da",1216,121361,1,"saal","M",6.2,0.3,233,233,"AU","1.3","AU",NA,NA,3,NA,NA,98,98,NA,0,"W",NA,NA,NA,NA,NA,NA,NA,NA,NA
"wounded_but_no_level","EM","06-15-2022","b2d49994-5b25-43de-8086-cdd79ea5c5da",1216,121456,1,"ceca","H",13,2.2,124,124,"AU","1.3","AU",NA,NA,1,NA,NA,98,90,NA,0,"W",NA,NA,NA,NA,NA,NA,NA,NA,NA
"crown_thinning_more_than_1_but_not_AU_or_dead","EM","06-15-2022","8ea62e10-0472-4c2b-a0fd-6beae1abdfc8",1218,122047,1,"frpe","H",19.7,7.3,106,106,"AU","1.3","A",NA,NA,2,NA,NA,98,95,NA,1,NA,NA,NA,NA,NA,2,5,"SS",NA,NA
"EABF_recorded_but_not_AU_or_dead","EM","06-15-2022","8ea62e10-0472-4c2b-a0fd-6beae1abdfc8",1218,122047,1,"frpe","H",19.7,7.3,106,106,"AU","1.3","A",NA,NA,2,NA,NA,98,95,NA,1,NA,NA,NA,NA,NA,2,5,"SS",NA,NA
"wounded_but_no_level","EM","06-15-2022","62e41024-3cf3-4728-917d-69610ad54c55",1220,122149,1,"pist","M",2,17.4,151,151,"DS","1.3","AU",NA,NA,1,NA,NA,98,5,NA,0,"DF,W",NA,NA,NA,NA,NA,NA,NA,NA,NA
"missing_stem",NA,NA,NA,1221,122229,1,"pist",NA,232.3,416.70001,211,NA,NA,"A",NA,NA,NA,NA,NA,NA,NA,NA,NA,NA,NA,NA,NA,NA,NA,NA,NA,NA,NA,NA
"wounded_but_no_level","EM","06-15-2022","f804292e-1e9c-4360-8920-d8d0797b273c",1222,122171,1,"pist","M",0.3,1.1,223,223,"A","1.3","AU",NA,NA,2,NA,NA,95,40,NA,0,"W,DF,U",NA,NA,NA,NA,NA,NA,NA,NA,NA
"canker_but_no_level","EM","06-14-2022","83052fc8-8a78-45a4-82fb-6cb92b91847b",1227,122420,1,"cato","L",12.3,4.2,311,311,"A","1.3","AU",NA,NA,2,NA,NA,98,66,NA,0,"K,DF,I",NA,NA,NA,NA,NA,NA,NA,NA,NA
"crown_thinning_more_than_1_but_not_AU_or_dead","EM","06-14-2022","83052fc8-8a78-45a4-82fb-6cb92b91847b",1227,122475,1,"frpe","H",3,15.1,86,86,"AU","1.3","A",NA,NA,2,NA,NA,100,98,NA,0,NA,NA,NA,NA,NA,2,3,"SS",NA,"I"
"EABF_recorded_but_not_AU_or_dead","EM","06-14-2022","83052fc8-8a78-45a4-82fb-6cb92b91847b",1227,122475,1,"frpe","H",3,15.1,86,86,"AU","1.3","A",NA,NA,2,NA,NA,100,98,NA,0,NA,NA,NA,NA,NA,2,3,"SS",NA,"I"
"crown_thinning_more_than_1_but_not_AU_or_dead","EM","06-14-2022","3ef3370b-4903-4366-80a5-926109dd0661",1228,122432,1,"frpe","H",17.8,0.8,142,142,"AU","1.3","A",NA,NA,2,NA,NA,90,88,NA,0,NA,NA,NA,NA,NA,2,2,"AS,SS",NA,NA
"EABF_recorded_but_not_AU_or_dead","EM","06-14-2022","3ef3370b-4903-4366-80a5-926109dd0661",1228,122432,1,"frpe","H",17.8,0.8,142,142,"AU","1.3","A",NA,NA,2,NA,NA,90,88,NA,0,NA,NA,NA,NA,NA,2,2,"AS,SS",NA,NA
"DBH_dead_suspicious","EM","06-14-2022","6dbbb382-518a-4eab-abce-e293b21f51f9",1229,122490,1,"quru","M",8.9,4.2,470,470,"PD","1.3","DS","RT","False",2,"I",446,10,0,NA,0,"OT",NA,NA,NA,NA,NA,NA,NA,NA,NA
"wounded_but_no_level","EM","06-14-2022","6dbbb382-518a-4eab-abce-e293b21f51f9",1229,122500,1,"ulru","H",14,11.9,128,128,"AU","1.3","DS",NA,"False",1,"S",125,50,0,NA,0,"I,W",NA,NA,NA,"DED",NA,NA,NA,NA,NA
"status_AU_DS_or_DC_but_no_FAD","EM","06-14-2022","7802157d-b5aa-4f51-bd7d-ee4ba125408b",1230,122555,1,"fram","H",2.2,12.8,121,121,"AU","1.3","DC",NA,"False",NA,"S",117,NA,NA,NA,0,NA,NA,NA,NA,NA,NA,NA,NA,NA,NA
"missing_EAB_info","EM","06-14-2022","7802157d-b5aa-4f51-bd7d-ee4ba125408b",1230,122555,1,"fram","H",2.2,12.8,121,121,"AU","1.3","DC",NA,"False",NA,"S",117,NA,NA,NA,0,NA,NA,NA,NA,NA,NA,NA,NA,NA,NA
"status_AU_DS_or_DC_but_no_FAD","EM","06-16-2022","84941c95-3925-4484-897b-6c440d7f3000",1313,131230,1,"cagl","L",14.8,16.2,330,330,"AU","1.3","DS",NA,"False",3,"CD",323,95,0,NA,0,NA,NA,NA,NA,NA,NA,NA,NA,NA,NA
"wounded_but_no_level","EM","06-16-2022","243e2fa9-a9f4-49cc-8766-38d2e6c49a7f",1315,131321,1,"ceca","H",7.9,7.3,112,112,"AU","1","AU",NA,NA,3,NA,NA,70,50,NA,0,"W",NA,NA,NA,NA,NA,NA,NA,NA,NA
"crown_living_greater_than_crown_intact","EM","06-16-2022","243e2fa9-a9f4-49cc-8766-38d2e6c49a7f",1315,131325,1,"caco","L",1.8,9.9,417,417,"A","1.3","A","RT",NA,3,NA,NA,0,100,NA,0,NA,NA,NA,NA,NA,NA,NA,NA,NA,NA
"wounded_but_no_level","EM","06-16-2022","3599b792-c4e8-4a80-8360-3a88b334dff0",1316,131358,1,"ceca","H",6.2,9,120,120,"AU","1.3","AU",NA,NA,2,NA,NA,80,80,NA,0,"W",NA,NA,NA,NA,NA,NA,NA,NA,NA
"wounded_but_no_level","EM","06-16-2022","5815f804-17fc-441e-80f1-8a54d10dd99f",1317,132006,1,"ulru","H",6.6,10,119,119,"AU","1.3","AU",NA,NA,2,NA,NA,98,85,NA,0,"W",NA,NA,NA,"Epicormic sprouts",NA,NA,NA,NA,NA
"missing_percent_crown_intact","EM","06-20-2022","5c24e90c-f040-43dc-a6b2-f6fe9155fe13",1318,132061,1,"fram","H",17.8,16.9,554,554,"PD","1.3","DS",NA,"False",4,"CD",NA,NA,NA,NA,0,NA,NA,NA,NA,NA,NA,NA,NA,NA,NA
"missing_percent_crown_living","EM","06-20-2022","5c24e90c-f040-43dc-a6b2-f6fe9155fe13",1318,132061,1,"fram","H",17.8,16.9,554,554,"PD","1.3","DS",NA,"False",4,"CD",NA,NA,NA,NA,0,NA,NA,NA,NA,NA,NA,NA,NA,NA,NA
"status_AU_DS_or_DC_but_no_FAD","EM","06-20-2022","4f36abe2-9635-4ef4-8026-0b3077ec2401",1320,132178,1,"cagl","L",13.7,13.7,102,102,"AU","1.3","DS",NA,"False",1,"S",98,20,0,NA,0,NA,NA,NA,NA,NA,NA,NA,NA,NA,NA
"missing_crown_position","EM","06-20-2022","1821afe8-dd43-463c-bd6d-bf9a9712ae30",1322,132243,1,"qual","H",2.6,18.8,316,316,"PD","1.3","DS",NA,"False",NA,"CD",NA,80,0,NA,0,NA,NA,NA,NA,NA,NA,NA,NA,NA,NA
"missing_stem",NA,NA,NA,1323,132334,1,"cato",NA,254.3,456.70001,121,NA,NA,"A",NA,NA,NA,NA,NA,NA,NA,NA,NA,NA,NA,NA,NA,NA,NA,NA,NA,NA,NA,NA
"missing_percent_crown_intact","EM","06-20-2022","71789ce9-0412-4f90-8a13-e2d9979db85a",1325,132293,1,"ceca","H",3.4,13.1,103,103,"DS","1.3","DS",NA,"False",1,"S",103,NA,NA,NA,0,NA,NA,NA,NA,NA,NA,NA,NA,NA,NA
"missing_percent_crown_living","EM","06-20-2022","71789ce9-0412-4f90-8a13-e2d9979db85a",1325,132293,1,"ceca","H",3.4,13.1,103,103,"DS","1.3","DS",NA,"False",1,"S",103,NA,NA,NA,0,NA,NA,NA,NA,NA,NA,NA,NA,NA,NA
"status_AU_DS_or_DC_but_no_FAD","EM","06-20-2022","5c67bbeb-db75-410b-bffd-601cfc097a6e",1326,132385,1,"cagl","L",16.1,3.9,156,156,"AU","1.3","DS",NA,"False",1,"S",152,95,0,NA,0,NA,NA,NA,NA,NA,NA,NA,NA,NA,NA
"missing_percent_crown_intact","EM","06-20-2022","5c67bbeb-db75-410b-bffd-601cfc097a6e",1326,132387,1,"frpe","H",14.9,11.9,52,52,"DS","1.3","DS",NA,"False",1,"S",52,NA,NA,NA,0,NA,NA,NA,NA,NA,NA,NA,NA,NA,NA
"missing_percent_crown_living","EM","06-20-2022","5c67bbeb-db75-410b-bffd-601cfc097a6e",1326,132387,1,"frpe","H",14.9,11.9,52,52,"DS","1.3","DS",NA,"False",1,"S",52,NA,NA,NA,0,NA,NA,NA,NA,NA,NA,NA,NA,NA,NA
"rot_but_no_level","EM","06-20-2022","5c67bbeb-db75-410b-bffd-601cfc097a6e",1326,132409,1,"quru","M",9.7,4.2,792,792,"PD","1.3","DS","NN","False",3,"CD",NA,85,0,NA,2,"R",NA,NA,NA,NA,NA,NA,NA,NA,NA
"missing_stem",NA,NA,NA,811,80630,1,"nysy",NA,141.5,205.10001,175,NA,NA,"A",NA,NA,NA,NA,NA,NA,NA,NA,NA,NA,NA,NA,NA,NA,NA,NA,NA,NA,NA,NA
"wounded_but_no_level","JJ","06-21-2022","10cb1813-b875-4d57-a527-96bc71aefd67",813,80537,1,"quru","M",1.3,8,449,449,"DS","1.3","DS",NA,"False",3,"CD",451,50,0,NA,0,"U,R,DF,I,W",NA,NA,2,NA,NA,NA,NA,NA,NA
"status_AU_DS_or_DC_but_no_FAD","EM","06-20-2022","b86834b9-236c-45f8-9d93-2f03140382c1",1328,132431,1,"fram","H",2.1,14.3,61,61,"AU","1.3","DS",NA,"False",1,"S",62,90,0,NA,0,NA,NA,NA,NA,NA,NA,NA,NA,NA,NA
"missing_EAB_info","EM","06-20-2022","b86834b9-236c-45f8-9d93-2f03140382c1",1328,132431,1,"fram","H",2.1,14.3,61,61,"AU","1.3","DS",NA,"False",1,"S",62,90,0,NA,0,NA,NA,NA,NA,NA,NA,NA,NA,NA,NA
"EABF_recorded_but_not_AU_or_dead","EM","06-20-2022","b86834b9-236c-45f8-9d93-2f03140382c1",1328,132432,1,"fram","H",13.8,4.2,168,168,"AU","1.3","A",NA,NA,2,NA,NA,100,100,NA,0,NA,NA,NA,NA,"Switch QX and QY",1,0,"W",NA,NA
"missing_percent_crown_intact","EM","06-20-2022","b86834b9-236c-45f8-9d93-2f03140382c1",1328,132506,1,"fram","H",14.6,11.1,109,109,"DS","1.3","DS",NA,"False",2,"I",109,NA,NA,NA,0,NA,NA,NA,NA,NA,NA,NA,NA,NA,NA
"missing_percent_crown_living","EM","06-20-2022","b86834b9-236c-45f8-9d93-2f03140382c1",1328,132506,1,"fram","H",14.6,11.1,109,109,"DS","1.3","DS",NA,"False",2,"I",109,NA,NA,NA,0,NA,NA,NA,NA,NA,NA,NA,NA,NA,NA
"missing_stem",NA,NA,NA,1329,132453,1,"litu",NA,243.39999,578.20001,533,NA,NA,"A",NA,NA,NA,NA,NA,NA,NA,NA,NA,NA,NA,NA,NA,NA,NA,NA,NA,NA,NA,NA
"missing_crown_position","EM","06-22-2022","15d26205-4790-4ff3-8b5b-83f10b5bdd72",1330,132530,1,"quve","H",10.1,2.4,699,699,"PD","1.3","DS",NA,"False",NA,"S",NA,0,0,NA,0,NA,NA,NA,NA,NA,NA,NA,NA,NA,NA
"missing_crown_position","EM","06-22-2022","e0133245-553e-4c77-90d3-68033992063c",1331,132465,1,"quve","H",3.8,15.2,715,715,"DS","1.3","DS","RT","False",NA,"CD",715,70,0,NA,0,NA,NA,NA,NA,NA,NA,NA,NA,NA,NA
"missing_crown_position","EM","06-22-2022","e0133245-553e-4c77-90d3-68033992063c",1331,132536,1,"quve","H",11.7,4.6,548,548,"DS","1.3","DS",NA,"False",NA,"CD",548,75,0,NA,0,NA,NA,NA,NA,NA,NA,NA,NA,NA,NA
"rot_but_no_level","JJ","06-29-2022","d9e2d387-e7b7-4b42-923b-05c39199fdc2",804,80180,1,"cagl","L",15.9,5.3,1009,1009,"AU","1.3","AU",NA,NA,4,NA,NA,85,75,NA,0,"U,R",NA,NA,NA,NA,NA,NA,NA,NA,NA
"DBH_dead_suspicious","JJ","06-29-2022","f7febdb8-d134-4c8b-b896-dec9d4d12746",805,80233,1,"quru","M",12.6,3.7,742,742,"DS","1.3","DS",NA,"False",4,"D",765,75,0,NA,0,"U,R,DF,F",NA,NA,2,NA,NA,NA,NA,NA,NA
"status_AU_DS_or_DC_but_no_FAD","JJ","06-29-2022","9221076b-8b86-44bd-b719-2cac7f0d0e21",809,80474,1,"caovl","L",19.4,6,344,344,"M","1.3","DC",NA,"False",1,"I",NA,NA,NA,NA,0,NA,NA,NA,NA,NA,NA,NA,NA,NA,NA
"missing_percent_crown_intact","JJ","07-07-2022","6b04e756-21d5-430e-80f2-aa87d5e60c42",902,90104,1,"quve","H",11.7,11.8,535,535,"AU","1.3","DS",NA,"False",3,"OG",545,NA,NA,NA,2,"U,F,DF,R",2,NA,2,NA,NA,NA,NA,NA,NA
"missing_percent_crown_living","JJ","07-07-2022","6b04e756-21d5-430e-80f2-aa87d5e60c42",902,90104,1,"quve","H",11.7,11.8,535,535,"AU","1.3","DS",NA,"False",3,"OG",545,NA,NA,NA,2,"U,F,DF,R",2,NA,2,NA,NA,NA,NA,NA,NA
"wounded_but_no_level","JJ","07-07-2022","bd2d4d56-ced1-435c-9f1a-0178d9c71b8f",903,90120,1,"cagl","L",0.2,6.7,192,192,"AU","1.3","AU",NA,NA,1,NA,NA,100,100,NA,0,"W,R",NA,NA,NA,NA,NA,NA,NA,NA,NA
"rot_but_no_level","JJ","07-07-2022","bd2d4d56-ced1-435c-9f1a-0178d9c71b8f",903,90120,1,"cagl","L",0.2,6.7,192,192,"AU","1.3","AU",NA,NA,1,NA,NA,100,100,NA,0,"W,R",NA,NA,NA,NA,NA,NA,NA,NA,NA
"status_DS_or_DC_but_DBH_not_measured","JJ","07-20-2022","93bf91ea-dc56-46e0-953d-665d64fb7a91",904,90285,1,"litu","L",19.2,0.1,180,180,"A","1.3","DS",NA,"False",2,"I",NA,20,0,NA,0,"U,R,B",2,2,2,NA,NA,NA,NA,NA,NA
"missing_percent_crown_intact","JJ","07-20-2022","93bf91ea-dc56-46e0-953d-665d64fb7a91",904,90288,1,"acru","M",16.4,3.6,175,175,"DS","1.3","DS",NA,"False",2,"I",170,NA,NA,NA,0,NA,NA,NA,NA,NA,NA,NA,NA,NA,NA
"missing_percent_crown_living","JJ","07-20-2022","93bf91ea-dc56-46e0-953d-665d64fb7a91",904,90288,1,"acru","M",16.4,3.6,175,175,"DS","1.3","DS",NA,"False",2,"I",170,NA,NA,NA,0,NA,NA,NA,NA,NA,NA,NA,NA,NA,NA
"missing_stem",NA,NA,NA,904,93481,1,"fram",NA,179,76.8,12,NA,NA,"A",NA,NA,NA,NA,NA,NA,NA,NA,NA,NA,NA,NA,NA,NA,NA,NA,NA,NA,NA,NA
"missing_crown_position","JJ","07-20-2022","4d8327ab-3fc5-4d44-8f8b-c9f90c0f841f",905,90372,1,"litu","L",3.3,15.9,150,150,"DS","1.3","DS",NA,"True",NA,"I",150,NA,NA,NA,0,NA,NA,NA,NA,NA,NA,NA,NA,NA,NA
"missing_percent_crown_intact","JJ","07-20-2022","4d8327ab-3fc5-4d44-8f8b-c9f90c0f841f",905,90372,1,"litu","L",3.3,15.9,150,150,"DS","1.3","DS",NA,"True",NA,"I",150,NA,NA,NA,0,NA,NA,NA,NA,NA,NA,NA,NA,NA,NA
"missing_percent_crown_living","JJ","07-20-2022","4d8327ab-3fc5-4d44-8f8b-c9f90c0f841f",905,90372,1,"litu","L",3.3,15.9,150,150,"DS","1.3","DS",NA,"True",NA,"I",150,NA,NA,NA,0,NA,NA,NA,NA,NA,NA,NA,NA,NA,NA
"missing_percent_crown_intact","JJ","07-20-2022","4d8327ab-3fc5-4d44-8f8b-c9f90c0f841f",905,90376,1,"litu","L",1.7,19.2,203,203,"DS","1.3","DS",NA,"False",2,"I",200,NA,NA,NA,0,NA,NA,NA,NA,NA,NA,NA,NA,NA,NA
"missing_percent_crown_living","JJ","07-20-2022","4d8327ab-3fc5-4d44-8f8b-c9f90c0f841f",905,90376,1,"litu","L",1.7,19.2,203,203,"DS","1.3","DS",NA,"False",2,"I",200,NA,NA,NA,0,NA,NA,NA,NA,NA,NA,NA,NA,NA,NA
"missing_EAB_info","JJ","07-20-2022","f02da767-b280-4778-bb97-074170f6117d",906,93564,1,"fram","H",12.9,4.2,10,10,"A","1.3",NA,NA,NA,NA,NA,NA,NA,NA,NA,NA,NA,NA,NA,NA,NA,NA,NA,NA,NA,NA
"missing_stem",NA,NA,NA,907,83567,1,"fram",NA,170.5,128.7,10,NA,NA,"A",NA,NA,NA,NA,NA,NA,NA,NA,NA,NA,NA,NA,NA,NA,NA,NA,NA,NA,NA,NA
"missing_stem",NA,NA,NA,907,93487,1,"fram",NA,160.3,126.3,11,NA,NA,"A",NA,NA,NA,NA,NA,NA,NA,NA,NA,NA,NA,NA,NA,NA,NA,NA,NA,NA,NA,NA
"missing_stem",NA,NA,NA,907,93489,1,"frsp",NA,161.7,128.5,12,NA,NA,"A",NA,NA,NA,NA,NA,NA,NA,NA,NA,NA,NA,NA,NA,NA,NA,NA,NA,NA,NA,NA
"missing_stem",NA,NA,NA,911,93881,1,"fram",NA,175.8,203.4,11,NA,NA,"A",NA,NA,NA,NA,NA,NA,NA,NA,NA,NA,NA,NA,NA,NA,NA,NA,NA,NA,NA,NA
"missing_EAB_info","JJ","07-20-2022","d1c6ec89-ea1d-4985-8ad8-1d20a2cf9c93",913,93993,1,"fram","H",6.5,16.2,11,11,"A","1.3",NA,NA,NA,NA,NA,NA,NA,NA,NA,NA,NA,NA,NA,NA,NA,NA,NA,NA,NA,NA
"missing_stem",NA,NA,NA,913,93995,1,"fram",NA,164.4,253.8,10,NA,NA,"A",NA,NA,NA,NA,NA,NA,NA,NA,NA,NA,NA,NA,NA,NA,NA,NA,NA,NA,NA,NA
"missing_percent_crown_intact","EM","06-22-2022","42d8c31c-02ce-4ead-af65-de014647955f",1332,132543,1,"frpe","H",16.3,7.1,87,87,"DS","1.3","DS",NA,"True",1,"S",87,NA,NA,NA,0,NA,NA,NA,NA,NA,5,0,"AS,DE",1,"S"
"missing_percent_crown_living","EM","06-22-2022","42d8c31c-02ce-4ead-af65-de014647955f",1332,132543,1,"frpe","H",16.3,7.1,87,87,"DS","1.3","DS",NA,"True",1,"S",87,NA,NA,NA,0,NA,NA,NA,NA,NA,5,0,"AS,DE",1,"S"
"missing_crown_position","EM","07-21-2022","b3682f2e-b277-4e52-96d4-eb4071362fa8",1424,142355,1,"qupr","H",17.4,5.5,459,459,"DS","1.3","DS",NA,"True",NA,"CD",459,90,0,NA,0,NA,NA,NA,NA,NA,NA,NA,NA,NA,NA
"status_AU_DS_or_DC_but_no_FAD","EM","07-21-2022","b3682f2e-b277-4e52-96d4-eb4071362fa8",1424,142357,1,"fram","H",19.5,13.1,43,43,"AU","1.3","DS",NA,"True",1,"S",44,20,0,NA,0,NA,NA,NA,NA,NA,5,0,"AS,SS,DE",9,"S"
"DBH_dead_suspicious","EM","07-21-2022","c83a6a55-769f-48bd-ad1e-5637fadd63ed",1425,142564,1,"qual","H",0.9,9,334,334,"AU","1.3","DS",NA,"False",3,"CD",310,90,0,NA,0,"CR",NA,NA,NA,NA,NA,NA,NA,NA,NA
"EABF_recorded_but_not_AU_or_dead","EM","07-21-2022","3f416e92-8e73-4cf4-952a-0e428877c0ff",1426,142396,1,"fram","H",10.6,14.2,46,46,"A","1.3","A",NA,NA,1,NA,NA,100,100,NA,3,NA,NA,NA,NA,NA,1,0,"VB",NA,"S"
"missing_crown_position","EM","07-21-2022","3f416e92-8e73-4cf4-952a-0e428877c0ff",1426,142572,1,"nysy","L",5.7,5.4,115,115,"PD","1.3","DS",NA,"False",NA,"S",115,0,0,NA,0,NA,NA,NA,NA,NA,NA,NA,NA,NA,NA
"missing_crown_position","EM","07-21-2022","3f416e92-8e73-4cf4-952a-0e428877c0ff",1426,142573,1,"nysy","L",4.8,2.6,105,105,"PD","1.3","DS",NA,"False",NA,"S",105,0,0,NA,0,NA,NA,NA,NA,NA,NA,NA,NA,NA,NA
"EABF_recorded_but_not_AU_or_dead","EM","07-21-2022","423b50a4-6c2b-4a62-b840-d3427394908c",1427,142589,1,"fram","H",7.4,14.4,85,85,"AU","1.3","A",NA,NA,3,NA,NA,100,95,NA,4,NA,NA,NA,NA,NA,1,2,"SS,VB",NA,"I"
"missing_crown_position","EM","07-21-2022","85e67a9f-fa64-4b60-9370-2eddb4dd8cfe",1429,142628,1,"qual","H",0,0.8,592,592,"AU","1.3","DS",NA,"False",NA,"I",599,0,0,NA,0,"B",3,NA,NA,NA,NA,NA,NA,NA,NA
"missing_crown_position","EM","07-21-2022","7c9d740c-1eb9-4e20-9a42-67b294b2aa8a",1430,142718,1,"fram","H",8.7,7.6,165,165,"PD","1.3","DS",NA,"False",NA,"I",NA,40,0,NA,0,NA,NA,NA,NA,NA,5,0,"AS,W",NA,NA
"missing_stem",NA,NA,NA,202,20109,4,"frni",NA,25.3,30.2,20,NA,NA,"A",NA,NA,NA,NA,NA,NA,NA,NA,NA,NA,NA,NA,NA,NA,NA,NA,NA,NA,NA,NA
"missing_stem",NA,NA,NA,202,20109,5,"frni",NA,25.3,30.2,16,NA,NA,"A",NA,NA,NA,NA,NA,NA,NA,NA,NA,NA,NA,NA,NA,NA,NA,NA,NA,NA,NA,NA
"missing_stem",NA,NA,NA,202,20109,6,"frni",NA,25.3,30.2,13,NA,NA,"A",NA,NA,NA,NA,NA,NA,NA,NA,NA,NA,NA,NA,NA,NA,NA,NA,NA,NA,NA,NA
"missing_stem",NA,NA,NA,203,20181,1,"frni",NA,29.8,59.2,43,NA,NA,"A",NA,NA,NA,NA,NA,NA,NA,NA,NA,NA,NA,NA,NA,NA,NA,NA,NA,NA,NA,NA
"missing_stem",NA,NA,NA,203,20181,2,"frni",NA,29.8,59.2,49,NA,NA,"A",NA,NA,NA,NA,NA,NA,NA,NA,NA,NA,NA,NA,NA,NA,NA,NA,NA,NA,NA,NA
"missing_stem",NA,NA,NA,203,20181,3,"frni",NA,29.8,59.2,28,NA,NA,"A",NA,NA,NA,NA,NA,NA,NA,NA,NA,NA,NA,NA,NA,NA,NA,NA,NA,NA,NA,NA
"missing_stem",NA,NA,NA,203,20181,4,"frni",NA,29.8,59.2,20,NA,NA,"A",NA,NA,NA,NA,NA,NA,NA,NA,NA,NA,NA,NA,NA,NA,NA,NA,NA,NA,NA,NA
"missing_stem",NA,NA,NA,204,20256,1,"fram",NA,22.9,69.2,72,NA,NA,"D",NA,NA,NA,NA,NA,NA,NA,NA,NA,NA,NA,NA,NA,NA,NA,NA,NA,NA,NA,NA
"missing_stem",NA,NA,NA,206,20511,1,"fram",NA,26.2,105.2,65,NA,NA,"A",NA,NA,NA,NA,NA,NA,NA,NA,NA,NA,NA,NA,NA,NA,NA,NA,NA,NA,NA,NA
"missing_stem",NA,NA,NA,207,23547,1,"fram",NA,30.1,135.5,15,NA,NA,"A",NA,NA,NA,NA,NA,NA,NA,NA,NA,NA,NA,NA,NA,NA,NA,NA,NA,NA,NA,NA
"missing_stem",NA,NA,NA,208,20597,1,"chvi",NA,32.8,151.89999,90,NA,NA,"A",NA,NA,NA,NA,NA,NA,NA,NA,NA,NA,NA,NA,NA,NA,NA,NA,NA,NA,NA,NA
"missing_stem",NA,NA,NA,210,20666,1,"caco",NA,38.5,181,129,NA,NA,"D",NA,NA,NA,NA,NA,NA,NA,NA,NA,NA,NA,NA,NA,NA,NA,NA,NA,NA,NA,NA
"missing_stem",NA,NA,NA,211,20684,1,"fram",NA,20.7,211.39999,63,NA,NA,"A",NA,NA,NA,NA,NA,NA,NA,NA,NA,NA,NA,NA,NA,NA,NA,NA,NA,NA,NA,NA
"status_DS_or_DC_but_DBH_not_measured",NA,"07-28-2022","6805d258-4ef8-4c3e-9587-b6b85fe64c8c",302,30045,1,"fram","H",1.1,11.3,528,528,"AU","1.3","DS",NA,"False",3,"CD",NA,79,0,NA,0,"W,R,F,I",NA,NA,NA,NA,NA,NA,NA,NA,NA
"wounded_but_no_level",NA,"07-28-2022","6805d258-4ef8-4c3e-9587-b6b85fe64c8c",302,30045,1,"fram","H",1.1,11.3,528,528,"AU","1.3","DS",NA,"False",3,"CD",NA,79,0,NA,0,"W,R,F,I",NA,NA,NA,NA,NA,NA,NA,NA,NA
"rot_but_no_level",NA,"07-28-2022","6805d258-4ef8-4c3e-9587-b6b85fe64c8c",302,30045,1,"fram","H",1.1,11.3,528,528,"AU","1.3","DS",NA,"False",3,"CD",NA,79,0,NA,0,"W,R,F,I",NA,NA,NA,NA,NA,NA,NA,NA,NA
"rot_but_no_level",NA,"07-28-2022","6805d258-4ef8-4c3e-9587-b6b85fe64c8c",302,30049,1,"caca","H",9.6,7.6,130,130,"AU","1.3","AU",NA,NA,3,NA,NA,91,87,34,0,"CR,W,R,LF",2,NA,NA,NA,NA,NA,NA,NA,NA
"missing_stem",NA,NA,NA,302,30141,1,"frni",NA,60,33.1,NA,NA,NA,"D",NA,NA,NA,NA,NA,NA,NA,NA,NA,NA,NA,NA,NA,NA,NA,NA,NA,NA,NA,NA
"wounded_but_no_level",NA,"07-28-2022","6805d258-4ef8-4c3e-9587-b6b85fe64c8c",302,30144,1,"caca","H",11.3,15.1,103,103,"A","1.3","AU",NA,NA,3,NA,NA,84,78,NA,1,"W,LF",NA,NA,NA,NA,NA,NA,NA,NA,NA
"missing_stem",NA,NA,NA,302,30148,1,"frni",NA,55.3,37.9,NA,NA,NA,"D",NA,NA,NA,NA,NA,NA,NA,NA,NA,NA,NA,NA,NA,NA,NA,NA,NA,NA,NA,NA
"wounded_but_no_level",NA,"07-28-2022","2e5e53b7-eb89-418a-bcbb-1f52d300c895",303,30160,1,"havi","M",13.9,4.9,101,101,"A","1.3","AU",NA,NA,2,NA,NA,96,89,41,2,"CR,W,R",NA,NA,NA,NA,NA,NA,NA,NA,NA
"rot_but_no_level",NA,"07-28-2022","2e5e53b7-eb89-418a-bcbb-1f52d300c895",303,30160,1,"havi","M",13.9,4.9,101,101,"A","1.3","AU",NA,NA,2,NA,NA,96,89,41,2,"CR,W,R",NA,NA,NA,NA,NA,NA,NA,NA,NA
"missing_stem",NA,NA,NA,303,30174,1,"fram",NA,48.4,50.3,NA,NA,NA,"D",NA,NA,NA,NA,NA,NA,NA,NA,NA,NA,NA,NA,NA,NA,NA,NA,NA,NA,NA,NA
"status_DS_or_DC_but_DBH_not_measured","AS","07-28-2022","1a08cfea-e616-47b1-91dd-5bced1c00a18",304,30210,1,"qupr","H",15.6,17.5,314,314,"AU","1.3","DS",NA,"False",3,"CD",NA,80,0,NA,0,"W,R",NA,NA,NA,NA,NA,NA,NA,NA,NA
"wounded_but_no_level","AS","07-28-2022","1a08cfea-e616-47b1-91dd-5bced1c00a18",304,30210,1,"qupr","H",15.6,17.5,314,314,"AU","1.3","DS",NA,"False",3,"CD",NA,80,0,NA,0,"W,R",NA,NA,NA,NA,NA,NA,NA,NA,NA
"rot_but_no_level","AS","07-28-2022","1a08cfea-e616-47b1-91dd-5bced1c00a18",304,30210,1,"qupr","H",15.6,17.5,314,314,"AU","1.3","DS",NA,"False",3,"CD",NA,80,0,NA,0,"W,R",NA,NA,NA,NA,NA,NA,NA,NA,NA
"missing_crown_position","AS","07-28-2022","21a809ce-f2d2-44e9-b602-0bcce69f441f",305,30305,1,"caco","L",0.9,19.7,275,275,"A","1.3","DS",NA,"False",NA,"CD",NA,5,0,NA,4,"DF,W,R,F",2,NA,2,NA,NA,NA,NA,NA,NA
"status_DS_or_DC_but_DBH_not_measured","AS","07-28-2022","21a809ce-f2d2-44e9-b602-0bcce69f441f",305,30305,1,"caco","L",0.9,19.7,275,275,"A","1.3","DS",NA,"False",NA,"CD",NA,5,0,NA,4,"DF,W,R,F",2,NA,2,NA,NA,NA,NA,NA,NA
"status_DS_or_DC_but_DBH_not_measured","AS","07-28-2022","21a809ce-f2d2-44e9-b602-0bcce69f441f",305,30306,1,"ceca","H",3.8,17.9,130,130,"AU","1.3","DS",NA,"False",3,"I",NA,14,0,NA,1,"B,W,R",2,NA,2,NA,NA,NA,NA,NA,NA
"status_DS_or_DC_but_DBH_not_measured","AS","07-28-2022","0c1ad0b0-44f2-41e3-a504-bcd3c419da57",306,30231,1,"ceca","H",7.1,9.9,195,195,"AU","1.3","DS",NA,"False",2,"I",NA,62,0,NA,4,"DF,W,R,K",2,2,2,NA,NA,NA,NA,NA,NA
"missing_stem",NA,NA,NA,308,33614,1,"fram",NA,59.1,142.7,15,NA,NA,"A",NA,NA,NA,NA,NA,NA,NA,NA,NA,NA,NA,NA,NA,NA,NA,NA,NA,NA,NA,NA
"missing_stem",NA,NA,NA,312,30429,1,"fram",NA,50.1,220.60001,87,NA,NA,"A",NA,NA,NA,NA,NA,NA,NA,NA,NA,NA,NA,NA,NA,NA,NA,NA,NA,NA,NA,NA
"missing_stem",NA,NA,NA,312,30432,1,"fram",NA,52.8,224,106,NA,NA,"A",NA,NA,NA,NA,NA,NA,NA,NA,NA,NA,NA,NA,NA,NA,NA,NA,NA,NA,NA,NA
"status_AU_DS_or_DC_but_no_FAD","AS","07-28-2022","8477b1a8-fd24-48d2-be08-4015350c7b30",312,30435,1,"fram","H",16,15.1,305,305,"AU","1.3","DS",NA,"False",2,"CD",305,98,0,NA,0,NA,NA,NA,NA,NA,NA,NA,NA,NA,NA
"missing_stem",NA,NA,NA,312,30440,1,"fram",NA,53.6,236.3,153,NA,NA,"A",NA,NA,NA,NA,NA,NA,NA,NA,NA,NA,NA,NA,NA,NA,NA,NA,NA,NA,NA,NA
"missing_stem",NA,NA,NA,312,32583,1,"fram",NA,41.1,223.1,10,NA,NA,"A",NA,NA,NA,NA,NA,NA,NA,NA,NA,NA,NA,NA,NA,NA,NA,NA,NA,NA,NA,NA
"missing_stem",NA,NA,NA,312,32587,1,"fram",NA,44.6,222.7,12,NA,NA,"A",NA,NA,NA,NA,NA,NA,NA,NA,NA,NA,NA,NA,NA,NA,NA,NA,NA,NA,NA,NA
"missing_stem",NA,NA,NA,312,32588,1,"fram",NA,45.3,223.4,18,NA,NA,"A",NA,NA,NA,NA,NA,NA,NA,NA,NA,NA,NA,NA,NA,NA,NA,NA,NA,NA,NA,NA
"missing_stem",NA,NA,NA,312,32598,1,"fram",NA,46.6,220.5,11,NA,NA,"A",NA,NA,NA,NA,NA,NA,NA,NA,NA,NA,NA,NA,NA,NA,NA,NA,NA,NA,NA,NA
"missing_stem",NA,NA,NA,312,32599,1,"fram",NA,46.5,220.8,14,NA,NA,"A",NA,NA,NA,NA,NA,NA,NA,NA,NA,NA,NA,NA,NA,NA,NA,NA,NA,NA,NA,NA
"missing_stem",NA,NA,NA,312,33421,1,"fram",NA,44.3,225.10001,37,NA,NA,"A",NA,NA,NA,NA,NA,NA,NA,NA,NA,NA,NA,NA,NA,NA,NA,NA,NA,NA,NA,NA
"missing_stem",NA,NA,NA,401,40042,1,"fram",NA,74.7,3.9,85,NA,NA,"A",NA,NA,NA,NA,NA,NA,NA,NA,NA,NA,NA,NA,NA,NA,NA,NA,NA,NA,NA,NA
"missing_stem",NA,NA,NA,401,40088,2,"fram",NA,80,14.4,NA,NA,NA,"G",NA,NA,NA,NA,NA,NA,NA,NA,NA,NA,NA,NA,NA,NA,NA,NA,NA,NA,NA,NA
"missing_stem",NA,NA,NA,402,40101,1,"frpe",NA,67.5,25.6,NA,NA,NA,"D",NA,NA,NA,NA,NA,NA,NA,NA,NA,NA,NA,NA,NA,NA,NA,NA,NA,NA,NA,NA
"missing_stem",NA,NA,NA,402,40108,1,"fram",NA,72.6,23.5,94,NA,NA,"D",NA,NA,NA,NA,NA,NA,NA,NA,NA,NA,NA,NA,NA,NA,NA,NA,NA,NA,NA,NA
"missing_stem",NA,NA,NA,402,40113,1,"frni",NA,63.1,35.2,64,NA,NA,"G",NA,NA,NA,NA,NA,NA,NA,NA,NA,NA,NA,NA,NA,NA,NA,NA,NA,NA,NA,NA
"missing_stem",NA,NA,NA,402,40113,2,"frni",NA,63.1,35.2,18,NA,NA,"A",NA,NA,NA,NA,NA,NA,NA,NA,NA,NA,NA,NA,NA,NA,NA,NA,NA,NA,NA,NA
"status_DS_or_DC_but_DBH_not_measured","DJ","07-28-2022","b1932f3a-2204-4f45-a505-b4ad3300377f",403,40138,1,"qupr","H",16.7,10.6,179,179,"AU","1.3","DC",NA,"False",1,"S",NA,0,0,NA,0,"CR",NA,NA,NA,NA,NA,NA,NA,NA,NA
"status_DS_or_DC_but_DBH_not_measured","DJ","07-28-2022","b1932f3a-2204-4f45-a505-b4ad3300377f",403,40150,1,"qupr","H",0,13.8,364,364,"AU","1.3","DC",NA,"False",1,NA,NA,0,0,NA,0,"CR",NA,NA,NA,"Down and cut up by humans",NA,NA,NA,NA,NA
"missing_crown_position","DJ","07-28-2022","b1932f3a-2204-4f45-a505-b4ad3300377f",403,40157,1,"qupr","H",16.2,17.4,283,283,"A","1.3","DS",NA,"False",NA,"S",NA,89,0,NA,0,"U,OT,DF",NA,NA,NA,NA,NA,NA,NA,NA,NA
"status_DS_or_DC_but_DBH_not_measured","DJ","07-28-2022","b1932f3a-2204-4f45-a505-b4ad3300377f",403,40157,1,"qupr","H",16.2,17.4,283,283,"A","1.3","DS",NA,"False",NA,"S",NA,89,0,NA,0,"U,OT,DF",NA,NA,NA,NA,NA,NA,NA,NA,NA
"wounded_but_no_level","DJ","07-28-2022","b1932f3a-2204-4f45-a505-b4ad3300377f",403,40160,1,"qupr","H",15.9,12.2,270,270,"A","1.3","AU",NA,NA,3,NA,NA,100,100,NA,0,"W",NA,NA,NA,NA,NA,NA,NA,NA,NA
"status_DS_or_DC_but_DBH_not_measured","DJ","07-28-2022","b1932f3a-2204-4f45-a505-b4ad3300377f",403,40162,1,"quru","M",12.5,18.5,550,550,"AU","1.3","DC",NA,"False",1,"S",NA,0,0,NA,0,"CR",NA,NA,NA,"Knocked down and cut up by humans",NA,NA,NA,NA,NA
"status_DS_or_DC_but_DBH_not_measured","DJ","07-28-2022","b1932f3a-2204-4f45-a505-b4ad3300377f",403,40165,1,"qupr","H",8,18.3,252,252,"A","1.3","DC",NA,"False",1,"S",NA,0,0,NA,0,"CR",NA,NA,NA,"Large oak crushed it",NA,NA,NA,NA,NA
"status_DS_or_DC_but_DBH_not_measured","DJ","07-28-2022","b1932f3a-2204-4f45-a505-b4ad3300377f",403,41046,1,"qupr","H",16,16.5,268,268,"A","1.3","DS",NA,"False",3,"I",NA,42,0,NA,1,"W,CR,DF",2,NA,NA,NA,NA,NA,NA,NA,NA
"missing_stem",NA,NA,NA,403,43262,1,"fram",NA,63.5,57.6,16,NA,NA,"A",NA,NA,NA,NA,NA,NA,NA,NA,NA,NA,NA,NA,NA,NA,NA,NA,NA,NA,NA,NA
"missing_stem",NA,NA,NA,404,43272,1,"fram",NA,62.3,60.5,14,NA,NA,"A",NA,NA,NA,NA,NA,NA,NA,NA,NA,NA,NA,NA,NA,NA,NA,NA,NA,NA,NA,NA
"status_DS_or_DC_but_DBH_not_measured","DJ","07-28-2022","1e1e5504-2565-4410-bf0d-1228d25405b6",406,40565,1,"cagl","L",1.9,10.1,183,183,"AU","1.3","DS",NA,"False",3,"I",NA,82,0,NA,0,"U,OT",NA,NA,NA,NA,NA,NA,NA,NA,NA
"status_DS_or_DC_but_DBH_not_measured","DJ","07-28-2022","feac2119-f9e1-44ec-a6f8-68fdbd8efd80",408,40639,1,"quru","M",14.1,4.4,275,275,"A","1.3","DS",NA,"False",2,"I",NA,82,0,NA,0,"U,DF",NA,NA,NA,NA,NA,NA,NA,NA,NA
"missing_stem",NA,NA,NA,409,40668,1,"fram",NA,77.3,179.89999,96,NA,NA,"A",NA,NA,NA,NA,NA,NA,NA,NA,NA,NA,NA,NA,NA,NA,NA,NA,NA,NA,NA,NA
"missing_stem",NA,NA,NA,410,40801,1,"fram",NA,78.2,191.3,69,NA,NA,"A",NA,NA,NA,NA,NA,NA,NA,NA,NA,NA,NA,NA,NA,NA,NA,NA,NA,NA,NA,NA
"missing_stem",NA,NA,NA,415,40973,1,"chvi",NA,66.7,290.60001,36,NA,NA,"A",NA,NA,NA,NA,NA,NA,NA,NA,NA,NA,NA,NA,NA,NA,NA,NA,NA,NA,NA,NA
"missing_stem",NA,NA,NA,416,41025,1,"fram",NA,79.2,306.79999,NA,NA,NA,"D",NA,NA,NA,NA,NA,NA,NA,NA,NA,NA,NA,NA,NA,NA,NA,NA,NA,NA,NA,NA
"missing_stem",NA,NA,NA,416,41040,1,"frni",NA,75.8,318,NA,NA,NA,"D",NA,NA,NA,NA,NA,NA,NA,NA,NA,NA,NA,NA,NA,NA,NA,NA,NA,NA,NA,NA
"status_DS_or_DC_but_DBH_not_measured","DJ","07-28-2022","e035406e-5b53-4d84-990e-737b90108c3e",418,42044,1,"fram","H",18.9,9.1,356,356,"AU","1.3","DS",NA,"False",2,"CD",NA,42,0,NA,0,"I",NA,NA,NA,NA,NA,NA,NA,NA,NA
"missing_stem",NA,NA,NA,419,42073,1,"fram",NA,62.6,369.79999,68,NA,NA,"A",NA,NA,NA,NA,NA,NA,NA,NA,NA,NA,NA,NA,NA,NA,NA,NA,NA,NA,NA,NA
"missing_stem",NA,NA,NA,420,42113,1,"fram",NA,72.5,392.10001,68,NA,NA,"A",NA,NA,NA,NA,NA,NA,NA,NA,NA,NA,NA,NA,NA,NA,NA,NA,NA,NA,NA,NA
"missing_stem",NA,NA,NA,421,42136,1,"fram",NA,70.7,407.39999,40,NA,NA,"A",NA,NA,NA,NA,NA,NA,NA,NA,NA,NA,NA,NA,NA,NA,NA,NA,NA,NA,NA,NA
"DBH_dead_suspicious","EM","07-28-2022","709dbd7f-cc3d-4c20-8dcc-b80050369ce8",501,50016,1,"fram","H",8.2,6,143,143,"DS","1.3","DS",NA,"False",1,"S",109,0,0,NA,0,NA,NA,NA,NA,NA,NA,NA,NA,NA,NA
"missing_stem",NA,NA,NA,502,50048,2,"chvi",NA,87.9,30.2,21,NA,NA,"A",NA,NA,NA,NA,NA,NA,NA,NA,NA,NA,NA,NA,NA,NA,NA,NA,NA,NA,NA,NA
"status_AU_DS_or_DC_but_no_FAD","EM","07-28-2022","978e5c03-4824-4065-9759-1fc9a60ada19",502,50160,1,"fram","H",7.4,11,908,908,"AU","1.3","DS","RT","False",3,"CD",907,85,0,NA,0,NA,NA,NA,NA,NA,NA,NA,NA,NA,NA
"missing_stem",NA,NA,NA,502,50164,1,"chvi",NA,81.6,34,69,NA,NA,"A",NA,NA,NA,NA,NA,NA,NA,NA,NA,NA,NA,NA,NA,NA,NA,NA,NA,NA,NA,NA
"DBH_dead_suspicious","EM","07-28-2022","978e5c03-4824-4065-9759-1fc9a60ada19",502,50203,1,"prav","M",14.8,3.8,325,325,"A","1.3","DC",NA,"False",2,NA,346,NA,NA,NA,0,NA,NA,NA,NA,NA,NA,NA,NA,NA,NA
"status_AU_DS_or_DC_but_no_FAD","EM","07-28-2022","978e5c03-4824-4065-9759-1fc9a60ada19",502,50203,1,"prav","M",14.8,3.8,325,325,"A","1.3","DC",NA,"False",2,NA,346,NA,NA,NA,0,NA,NA,NA,NA,NA,NA,NA,NA,NA,NA
"status_AU_DS_or_DC_but_no_FAD","EM","07-28-2022","cdb45907-7513-4016-ab6d-e3daf19bcca6",504,50187,1,"quru","M",7.2,3.4,963,963,"AU","1.3","DC",NA,"False",NA,NA,963,NA,NA,NA,0,NA,NA,NA,NA,NA,NA,NA,NA,NA,NA
"status_DS_or_DC_but_DBH_not_measured","EM","07-28-2022","a02614cf-d172-4319-bd0b-2c64295a7716",505,50288,1,"quru","M",10.8,10.6,897,897,"AU","1.3","DS","RT","False",3,"CD",NA,90,0,NA,0,"U,DF",NA,NA,NA,NA,NA,NA,NA,NA,NA
"missing_crown_position","EM","08-01-2022","d0c1b51c-26f0-4ec7-abd9-ecc8942199c7",508,50372,1,"quve","H",12.4,9.8,363,363,"DS","1.3","DS",NA,"False",NA,"CD",362,90,0,NA,0,NA,NA,NA,NA,NA,NA,NA,NA,NA,NA
"missing_stem",NA,NA,NA,509,53115,1,"fram",NA,100,170.5,20,NA,NA,"A",NA,NA,NA,NA,NA,NA,NA,NA,NA,NA,NA,NA,NA,NA,NA,NA,NA,NA,NA,NA
"missing_stem",NA,NA,NA,510,40818,1,"litu",NA,99.9,195.5,143,NA,NA,"D",NA,NA,NA,NA,NA,NA,NA,NA,NA,NA,NA,NA,NA,NA,NA,NA,NA,NA,NA,NA
"missing_stem",NA,NA,NA,511,50601,1,"fram",NA,91.3,215.10001,42,NA,NA,"A",NA,NA,NA,NA,NA,NA,NA,NA,NA,NA,NA,NA,NA,NA,NA,NA,NA,NA,NA,NA
"missing_stem",NA,NA,NA,513,50624,1,"fram",NA,99.7,247.3,NA,NA,NA,"D",NA,NA,NA,NA,NA,NA,NA,NA,NA,NA,NA,NA,NA,NA,NA,NA,NA,NA,NA,NA
"status_DS_or_DC_but_DBH_not_measured","EM","08-01-2022","adfa6bd9-b5fd-4038-bf66-a6826d21d183",516,50666,1,"acru","M",11,1.2,145,145,"A","1.2","DC",NA,"False",NA,NA,NA,NA,NA,NA,NA,"OT",NA,NA,NA,NA,NA,NA,NA,NA,NA
"missing_stem",NA,NA,NA,519,52081,1,"fram",NA,95.2,373.29999,33,NA,NA,"A",NA,NA,NA,NA,NA,NA,NA,NA,NA,NA,NA,NA,NA,NA,NA,NA,NA,NA,NA,NA
"wounded_but_no_level","EM","08-01-2022","b0aebad5-cf06-44e6-82ae-5694298e986c",519,52096,1,"caca","H",1.5,13.6,100,100,"AU","1.3","AU",NA,NA,1,NA,NA,100,85,NA,NA,"W",NA,NA,NA,"Stump sprouts",NA,NA,NA,NA,NA
"missing_stem",NA,NA,NA,521,52140,1,"chvi",NA,89.6,403.79999,31,NA,NA,"D",NA,NA,NA,NA,NA,NA,NA,NA,NA,NA,NA,NA,NA,NA,NA,NA,NA,NA,NA,NA
"missing_stem",NA,NA,NA,525,52265,1,"fram",NA,83.4,485.70001,55,NA,NA,"A",NA,NA,NA,NA,NA,NA,NA,NA,NA,NA,NA,NA,NA,NA,NA,NA,NA,NA,NA,NA
"missing_stem",NA,NA,NA,525,52268,1,"fram",NA,83.5,483.70001,NA,NA,NA,"D",NA,NA,NA,NA,NA,NA,NA,NA,NA,NA,NA,NA,NA,NA,NA,NA,NA,NA,NA,NA
"missing_stem",NA,NA,NA,525,52271,1,"fram",NA,91.8,485.89999,35,NA,NA,"A",NA,NA,NA,NA,NA,NA,NA,NA,NA,NA,NA,NA,NA,NA,NA,NA,NA,NA,NA,NA
"missing_stem",NA,NA,NA,602,60024,1,"amar",NA,112.1,25.5,122,NA,NA,"A",NA,NA,NA,NA,NA,NA,NA,NA,NA,NA,NA,NA,NA,NA,NA,NA,NA,NA,NA,NA
"rot_but_no_level","JJ","08-04-2022","8cde1fbf-72c1-41ed-a2cd-fa21bbe13f12",602,60214,1,"caca","H",3.7,5.1,156,156,"AU","1.1","AU",NA,NA,1,NA,NA,100,100,NA,0,"R",1,NA,NA,NA,NA,NA,NA,NA,NA
"status_DS_or_DC_but_DBH_not_measured","JJ","08-04-2022","e337dfad-20b1-4e04-bfba-a4668008552b",607,60134,1,"quve","H",18.4,11.8,530,530,"A","1.3","DC",NA,"False",1,"CD",NA,0,0,NA,0,"CR,U",NA,NA,NA,"Multiple trees on ground. Uncertain if this is tree. Appears knocked down by other tree",NA,NA,NA,NA,NA
"missing_stem",NA,NA,NA,701,70013,1,"acru",NA,120,10.8,202,NA,NA,"A",NA,NA,NA,NA,NA,NA,NA,NA,NA,NA,NA,NA,NA,NA,NA,NA,NA,NA,NA,NA
"status_AU_DS_or_DC_but_no_FAD","JJ","08-04-2022","f923b955-e6fd-4833-90b4-a8d3663d3114",702,70230,1,"qupr","H",17.9,15.2,189,189,"AU","1.3","DS",NA,"False",2,"I",192,85,0,NA,0,NA,NA,NA,NA,NA,NA,NA,NA,NA,NA
"missing_stem",NA,NA,NA,1008,100929,1,"cato",NA,192.89999,155.89999,182,NA,NA,"A",NA,NA,NA,NA,NA,NA,NA,NA,NA,NA,NA,NA,NA,NA,NA,NA,NA,NA,NA,NA
"missing_percent_crown_intact","JJ","08-04-2022","135511c0-0603-4d4f-ba5c-26899c3ed5b3",1009,100942,1,"qupr","H",16.2,7.4,281,281,"DS","1.3","DS",NA,"False",3,"CD",281,NA,NA,NA,0,NA,NA,NA,NA,NA,NA,NA,NA,NA,NA
"missing_percent_crown_living","JJ","08-04-2022","135511c0-0603-4d4f-ba5c-26899c3ed5b3",1009,100942,1,"qupr","H",16.2,7.4,281,281,"DS","1.3","DS",NA,"False",3,"CD",281,NA,NA,NA,0,NA,NA,NA,NA,NA,NA,NA,NA,NA,NA
"missing_stem",NA,NA,NA,1009,100943,1,"litu",NA,186.60001,168.60001,479,NA,NA,"A",NA,NA,NA,NA,NA,NA,NA,NA,NA,NA,NA,NA,NA,NA,NA,NA,NA,NA,NA,NA
"missing_stem",NA,NA,NA,1010,103619,1,"fram",NA,185.4,192.1,12,NA,NA,"A",NA,NA,NA,NA,NA,NA,NA,NA,NA,NA,NA,NA,NA,NA,NA,NA,NA,NA,NA,NA
"missing_stem",NA,NA,NA,1011,101114,2,"fram",NA,185.3,201.7,15,NA,NA,"A",NA,NA,NA,NA,NA,NA,NA,NA,NA,NA,NA,NA,NA,NA,NA,NA,NA,NA,NA,NA
"missing_stem",NA,NA,NA,1011,101114,3,"fram",NA,185.3,201.7,14,NA,NA,"A",NA,NA,NA,NA,NA,NA,NA,NA,NA,NA,NA,NA,NA,NA,NA,NA,NA,NA,NA,NA
"status_AU_DS_or_DC_but_no_FAD","EM","07-26-2022","09634b6f-9a6d-4104-9379-fb7a68189f2b",1414,140874,1,"qupr","H",5.1,3.6,155,155,"AU","1.3","DS",NA,"False",2,"I",143,80,0,NA,0,NA,NA,NA,NA,NA,NA,NA,NA,NA,NA
"status_DS_or_DC_but_DBH_not_measured","EM","07-26-2022","09634b6f-9a6d-4104-9379-fb7a68189f2b",1414,140881,1,"fram","H",7.2,13.3,630,630,"AU","1.3","DS",NA,"False",3,"CD",NA,98,0,NA,0,NA,NA,NA,NA,NA,5,0,"AS,SS,DE",13,NA
"status_AU_DS_or_DC_but_no_FAD","EM","07-26-2022","09634b6f-9a6d-4104-9379-fb7a68189f2b",1414,140881,1,"fram","H",7.2,13.3,630,630,"AU","1.3","DS",NA,"False",3,"CD",NA,98,0,NA,0,NA,NA,NA,NA,NA,5,0,"AS,SS,DE",13,NA
"crown_thinning_more_than_1_but_not_AU_or_dead","EM","07-25-2022","9c99bb35-fe70-44a8-9681-39531788cf55",1416,141137,2,"chvi","H",17.3,16.9,66,66,"M","1.3","A",NA,NA,3,NA,NA,98,98,NA,0,NA,NA,NA,NA,NA,2,2,"SS",NA,"I"
"EABF_recorded_but_not_AU_or_dead","EM","07-25-2022","9c99bb35-fe70-44a8-9681-39531788cf55",1416,141137,2,"chvi","H",17.3,16.9,66,66,"M","1.3","A",NA,NA,3,NA,NA,98,98,NA,0,NA,NA,NA,NA,NA,2,2,"SS",NA,"I"
"status_AU_DS_or_DC_but_no_FAD","EM","07-25-2022","9c99bb35-fe70-44a8-9681-39531788cf55",1416,141146,1,"caco","L",2.5,18.5,361,361,"M","1.3","DS",NA,"False",3,"CD",354,10,0,NA,0,NA,NA,NA,NA,NA,NA,NA,NA,NA,NA
"status_AU_DS_or_DC_but_no_FAD","EM","07-25-2022","9c99bb35-fe70-44a8-9681-39531788cf55",1416,141255,1,"fram","H",8.9,9.2,153,153,"AU","1.3","DC",NA,"False",NA,NA,150,NA,NA,NA,0,NA,NA,NA,NA,NA,5,0,"none",NA,NA
"status_DS_or_DC_but_DBH_not_measured","EM","07-25-2022","9906d89f-5076-43ed-804b-549259244eb5",1417,142005,1,"fram","H",16.3,9.8,129,129,"AU","1.3","DS","RT","False",1,"S",NA,50,0,NA,0,NA,NA,NA,NA,NA,5,0,"SS,AS",NA,NA
"status_AU_DS_or_DC_but_no_FAD","EM","07-25-2022","9906d89f-5076-43ed-804b-549259244eb5",1417,142005,1,"fram","H",16.3,9.8,129,129,"AU","1.3","DS","RT","False",1,"S",NA,50,0,NA,0,NA,NA,NA,NA,NA,5,0,"SS,AS",NA,NA
"missing_crown_position","EM","07-25-2022","9906d89f-5076-43ed-804b-549259244eb5",1417,142018,1,"quru","M",13.2,16.2,648,648,"DS","1.3","DS",NA,"False",NA,"CD",648,70,0,NA,2,NA,NA,NA,NA,NA,NA,NA,NA,NA,NA
"status_AU_DS_or_DC_but_no_FAD","EM","07-25-2022","42d53bb4-7040-49b9-9b34-ff647aa357d5",1419,142082,1,"fram","H",16.5,3.3,507,507,"AU","1.3","DS",NA,"False",1,"S",507,0,0,NA,0,NA,NA,NA,NA,NA,5,0,"DE",18,NA
"exit_hole_count_no_DE_EABF","EM","07-25-2022","42d53bb4-7040-49b9-9b34-ff647aa357d5",1419,142178,1,"fram","H",7.3,4.6,557,557,"DS","1.3","AU",NA,NA,3,NA,NA,60,0,NA,0,"W",1,NA,NA,NA,5,0,"none",6,NA
"missing_stem",NA,NA,NA,1419,142184,1,"acne",NA,270.79999,370.10001,138,NA,NA,"A",NA,NA,NA,NA,NA,NA,NA,NA,NA,NA,NA,NA,NA,NA,NA,NA,NA,NA,NA,NA
"missing_crown_position","EM","07-25-2022","66fbfb2e-7fa2-4323-a149-007dd4f0cd25",1421,142291,1,"ceca","H",15.1,3,117,117,"A","1.3","DS","RT","False",NA,"I",154,40,0,NA,0,NA,NA,NA,NA,NA,NA,NA,NA,NA,NA
"DBH_dead_suspicious","EM","07-25-2022","66fbfb2e-7fa2-4323-a149-007dd4f0cd25",1421,142291,1,"ceca","H",15.1,3,117,117,"A","1.3","DS","RT","False",NA,"I",154,40,0,NA,0,NA,NA,NA,NA,NA,NA,NA,NA,NA,NA
"status_AU_DS_or_DC_but_no_FAD","EM","07-25-2022","66fbfb2e-7fa2-4323-a149-007dd4f0cd25",1421,142291,1,"ceca","H",15.1,3,117,117,"A","1.3","DS","RT","False",NA,"I",154,40,0,NA,0,NA,NA,NA,NA,NA,NA,NA,NA,NA,NA
"missing_stem",NA,NA,NA,1421,142306,1,"quru",NA,276.5,411.20001,320,NA,NA,"A",NA,NA,NA,NA,NA,NA,NA,NA,NA,NA,NA,NA,NA,NA,NA,NA,NA,NA,NA,NA
"crown_thinning_more_than_1_but_not_AU_or_dead","EM","07-25-2022","307c6685-0a10-40b0-8a69-f54804eb8ec6",1422,142333,1,"fram","H",17.5,6.7,464,464,"PD","1.3","A",NA,NA,3,NA,NA,50,0,NA,0,NA,NA,NA,NA,NA,5,0,"SS,VB,AS",NA,NA
"EABF_recorded_but_not_AU_or_dead","EM","07-25-2022","307c6685-0a10-40b0-8a69-f54804eb8ec6",1422,142333,1,"fram","H",17.5,6.7,464,464,"PD","1.3","A",NA,NA,3,NA,NA,50,0,NA,0,NA,NA,NA,NA,NA,5,0,"SS,VB,AS",NA,NA
"status_AU_DS_or_DC_but_no_FAD","EM","07-26-2022","22508749-bf76-4ad6-8ade-f0488edc4aca",1513,151066,1,"fram","H",6.8,18.5,97,97,"AU","1.3","DS",NA,"False",2,"I",106,60,0,NA,0,NA,NA,NA,NA,NA,5,0,"SS,AS",NA,"I"
"missing_stem",NA,NA,NA,1515,151184,1,"havi",NA,296.79999,290.10001,121,NA,NA,"A",NA,NA,NA,NA,NA,NA,NA,NA,NA,NA,NA,NA,NA,NA,NA,NA,NA,NA,NA,NA
"missing_crown_position","EM","07-26-2022","3577ade3-5f7d-45c4-9f85-55c3d0c4c1de",1516,151621,1,"fram","H",16.7,7.7,490,490,"DS","1.3","DS",NA,"False",NA,"CD",490,75,0,NA,0,NA,NA,NA,NA,NA,5,0,"DE",12,NA
"EABF_recorded_but_not_AU_or_dead","EM","07-26-2022","a85bacac-40d9-4a9d-beda-6f2857f2b5c1",1517,152021,1,"fram","H",2.5,12.1,83,83,"A","1.3","A",NA,NA,1,NA,NA,100,100,NA,0,NA,NA,NA,NA,NA,1,0,"VB",NA,"S"
"status_DS_or_DC_but_DBH_not_measured","EM","07-26-2022","246ff212-ba33-4533-a901-4ba5fb147a3a",1518,152044,1,"qupr","H",4.6,4.5,434,434,"A","1.3","DS",NA,"False",2,"I",NA,20,0,NA,0,NA,NA,NA,NA,NA,NA,NA,NA,NA,NA
"status_AU_DS_or_DC_but_no_FAD","EM","07-26-2022","246ff212-ba33-4533-a901-4ba5fb147a3a",1518,152044,1,"qupr","H",4.6,4.5,434,434,"A","1.3","DS",NA,"False",2,"I",NA,20,0,NA,0,NA,NA,NA,NA,NA,NA,NA,NA,NA,NA
"missing_percent_crown_intact","EM","07-27-2022","dc319c23-69f3-4e9e-9305-a0e96908e78d",1520,152198,1,"ceca","H",5.8,16.8,105,105,"DS","1.3","DS",NA,"False",3,"S",94,NA,NA,NA,0,NA,NA,NA,NA,NA,NA,NA,NA,NA,NA
"missing_percent_crown_living","EM","07-27-2022","dc319c23-69f3-4e9e-9305-a0e96908e78d",1520,152198,1,"ceca","H",5.8,16.8,105,105,"DS","1.3","DS",NA,"False",3,"S",94,NA,NA,NA,0,NA,NA,NA,NA,NA,NA,NA,NA,NA,NA
"status_DS_or_DC_but_DBH_not_measured","EM","07-27-2022","15f4adac-79c9-4539-8c40-6bdb7d996029",1523,152431,1,"acru","M",0.1,1.1,240,240,"AU","1.3","DC",NA,"False",NA,NA,NA,NA,NA,NA,0,NA,NA,NA,NA,NA,NA,NA,NA,NA,NA
"status_AU_DS_or_DC_but_no_FAD","EM","07-27-2022","15f4adac-79c9-4539-8c40-6bdb7d996029",1523,152431,1,"acru","M",0.1,1.1,240,240,"AU","1.3","DC",NA,"False",NA,NA,NA,NA,NA,NA,0,NA,NA,NA,NA,NA,NA,NA,NA,NA,NA
"missing_crown_position","EM","07-27-2022","2eddc322-3a17-4442-b7c1-bb725f7d267c",1525,152499,1,"quve","H",12.3,5.8,464,464,"PD","1.3","DS",NA,"False",NA,"CD",NA,75,0,NA,4,NA,NA,NA,NA,NA,NA,NA,NA,NA,NA
"missing_percent_crown_intact","EM","07-27-2022","7c008f05-237f-472e-93ab-168ccf67fa06",1526,152544,1,"fram","H",13.8,12.3,51,51,"DS","1.3","DS",NA,"False",1,"S",51,NA,NA,NA,0,NA,NA,NA,NA,NA,5,0,"VB,AS",NA,"S"
"missing_percent_crown_living","EM","07-27-2022","7c008f05-237f-472e-93ab-168ccf67fa06",1526,152544,1,"fram","H",13.8,12.3,51,51,"DS","1.3","DS",NA,"False",1,"S",51,NA,NA,NA,0,NA,NA,NA,NA,NA,5,0,"VB,AS",NA,"S"
"EABF_recorded_but_not_AU_or_dead","EM","07-27-2022","7c008f05-237f-472e-93ab-168ccf67fa06",1526,152558,2,"fram","H",0,1.6,12,12,"A","1.3","A",NA,NA,1,NA,NA,100,100,NA,0,NA,NA,NA,NA,NA,1,0,"SS",NA,"S"
"wounded_but_no_level",NA,"08-03-2022","d8f8fb82-a950-4d08-a922-ee53c4735035",1527,152588,1,"pist","M",17.4,15.3,321,321,"AU","1.3","AU","RT",NA,3,NA,NA,98,45,NA,0,"DF,W",NA,NA,NA,NA,NA,NA,NA,NA,NA
"status_AU_DS_or_DC_but_no_FAD","EM","08-03-2022","0736e6a8-e741-4bd5-b14b-401f5b06b985",1528,152617,1,"fram","H",7.5,16.7,266,266,"AU","1.3","DS",NA,"False",3,"CD",264,90,0,NA,0,NA,NA,NA,NA,NA,NA,NA,NA,NA,NA
"rot_but_no_level","EM","08-03-2022","0736e6a8-e741-4bd5-b14b-401f5b06b985",1528,152625,1,"juni","M",11.9,18.2,436,436,"AU","1.3","AU",NA,NA,4,NA,NA,75,20,NA,1,"R",NA,NA,NA,NA,NA,NA,NA,NA,NA
"missing_stem",NA,NA,NA,1529,152630,1,"fram",NA,283.39999,564.40002,86,NA,NA,"A",NA,NA,NA,NA,NA,NA,NA,NA,NA,NA,NA,NA,NA,NA,NA,NA,NA,NA,NA,NA
"wounded_but_no_level","EM","08-03-2022","410bbb30-8e16-455b-ae03-649dfce1b1ef",1529,152647,1,"ulru","H",7.9,12.5,132,132,"AU","1.3","AU",NA,NA,3,NA,NA,100,20,NA,NA,"W,I,DF",NA,NA,NA,"DED, bark stripping",NA,NA,NA,NA,NA
"missing_stem",NA,NA,NA,1531,152688,1,"fram",NA,288.29999,602.59998,NA,NA,NA,"D",NA,NA,NA,NA,NA,NA,NA,NA,NA,NA,NA,NA,NA,NA,NA,NA,NA,NA,NA,NA
"missing_stem",NA,NA,NA,1601,160201,1,"fram",NA,316.79999,0.2,284,NA,NA,"A",NA,NA,NA,NA,NA,NA,NA,NA,NA,NA,NA,NA,NA,NA,NA,NA,NA,NA,NA,NA
"status_AU_DS_or_DC_but_no_FAD","EM","08-04-2022","c4011fd5-a09e-47f0-b294-3955971107f9",1601,160265,1,"saal","M",11.7,17,159,159,"A","1.3","DS",NA,"False",1,"S",168,0,0,NA,0,NA,NA,NA,NA,NA,NA,NA,NA,NA,NA
"status_AU_DS_or_DC_but_no_FAD","EM","08-04-2022","3263ed1c-f4e4-4bd6-ad85-5afae4461a55",1603,160651,1,"fram","H",3.8,0,144,144,"AU","1.3","DS",NA,"False",1,"S",147,90,0,NA,0,NA,NA,NA,NA,NA,NA,NA,NA,NA,NA
"missing_stem",NA,NA,NA,1604,160733,1,"fram",NA,311.60001,62.2,63,NA,NA,"A",NA,NA,NA,NA,NA,NA,NA,NA,NA,NA,NA,NA,NA,NA,NA,NA,NA,NA,NA,NA
"missing_stem",NA,NA,NA,1604,160733,2,"fram",NA,311.60001,62.2,65,NA,NA,"A",NA,NA,NA,NA,NA,NA,NA,NA,NA,NA,NA,NA,NA,NA,NA,NA,NA,NA,NA,NA
"missing_stem",NA,NA,NA,1605,160692,1,"fram",NA,308.29999,94.4,66,NA,NA,"A",NA,NA,NA,NA,NA,NA,NA,NA,NA,NA,NA,NA,NA,NA,NA,NA,NA,NA,NA,NA
"wounded_but_no_level","EM","08-04-2022","c49f9705-3662-42fa-b88c-f48fd077799e",1605,160693,1,"litu","L",10.3,16.6,687,687,"AU","1.3","AU","RT",NA,3,NA,NA,100,95,NA,2,"HS,W",NA,NA,NA,NA,NA,NA,NA,NA,NA
"missing_stem",NA,NA,NA,1605,160746,1,"fram",NA,310.70001,89,42,NA,NA,"D",NA,NA,NA,NA,NA,NA,NA,NA,NA,NA,NA,NA,NA,NA,NA,NA,NA,NA,NA,NA
"status_DS_or_DC_but_DBH_not_measured","EM","08-04-2022","c49f9705-3662-42fa-b88c-f48fd077799e",1605,160749,1,"fram","H",13.4,17.4,103,103,"AU","1.3","DS",NA,"True",1,"S",NA,70,0,NA,0,NA,NA,NA,NA,NA,NA,NA,NA,NA,NA
"status_AU_DS_or_DC_but_no_FAD","EM","08-04-2022","c49f9705-3662-42fa-b88c-f48fd077799e",1605,160749,1,"fram","H",13.4,17.4,103,103,"AU","1.3","DS",NA,"True",1,"S",NA,70,0,NA,0,NA,NA,NA,NA,NA,NA,NA,NA,NA,NA
"missing_stem",NA,NA,NA,1606,160753,1,"fram",NA,318.39999,108.5,95,NA,NA,"A",NA,NA,NA,NA,NA,NA,NA,NA,NA,NA,NA,NA,NA,NA,NA,NA,NA,NA,NA,NA
"missing_stem",NA,NA,NA,1606,160757,1,"frpe",NA,312.89999,109.2,76,NA,NA,"A",NA,NA,NA,NA,NA,NA,NA,NA,NA,NA,NA,NA,NA,NA,NA,NA,NA,NA,NA,NA
"status_AU_DS_or_DC_but_no_FAD","EM","08-04-2022","afc2711e-ecc0-451e-bcff-53774663a23f",1606,160907,1,"fram","H",1.3,19.2,145,145,"AU","1.3","DS",NA,"True",1,"S",146,70,0,NA,0,NA,NA,NA,NA,NA,NA,NA,NA,NA,NA
"missing_stem",NA,NA,NA,1607,160771,1,"fram",NA,316.39999,136.2,85,NA,NA,"A",NA,NA,NA,NA,NA,NA,NA,NA,NA,NA,NA,NA,NA,NA,NA,NA,NA,NA,NA,NA
"missing_stem",NA,NA,NA,1607,160911,1,"fram",NA,301.10001,124.7,74,NA,NA,"A",NA,NA,NA,NA,NA,NA,NA,NA,NA,NA,NA,NA,NA,NA,NA,NA,NA,NA,NA,NA
"missing_stem",NA,NA,NA,1608,160774,1,"fram",NA,318.60001,141.89999,77,NA,NA,"A",NA,NA,NA,NA,NA,NA,NA,NA,NA,NA,NA,NA,NA,NA,NA,NA,NA,NA,NA,NA
"missing_stem",NA,NA,NA,1609,163367,1,"fram",NA,300.10001,171.10001,14,NA,NA,"A",NA,NA,NA,NA,NA,NA,NA,NA,NA,NA,NA,NA,NA,NA,NA,NA,NA,NA,NA,NA
"missing_stem",NA,NA,NA,1609,163367,2,"fram",NA,300.1,171.1,14,NA,NA,"A",NA,NA,NA,NA,NA,NA,NA,NA,NA,NA,NA,NA,NA,NA,NA,NA,NA,NA,NA,NA
"missing_stem",NA,NA,NA,1610,160797,1,"fram",NA,312.10001,180.10001,53,NA,NA,"A",NA,NA,NA,NA,NA,NA,NA,NA,NA,NA,NA,NA,NA,NA,NA,NA,NA,NA,NA,NA
"wounded_but_no_level","EM","08-04-2022","f804a758-250c-43ae-abae-c318948791fd",1610,160808,1,"cato","L",18.3,18,390,390,"AU","1.3","AU",NA,NA,3,NA,NA,100,100,NA,0,"K,W",NA,1,NA,NA,NA,NA,NA,NA,NA
"missing_stem",NA,NA,NA,1610,163376,1,"fram",NA,301.70001,188.10001,16,NA,NA,"A",NA,NA,NA,NA,NA,NA,NA,NA,NA,NA,NA,NA,NA,NA,NA,NA,NA,NA,NA,NA
"missing_stem",NA,NA,NA,1610,163378,1,"fram",NA,301.29999,189.60001,14,NA,NA,"A",NA,NA,NA,NA,NA,NA,NA,NA,NA,NA,NA,NA,NA,NA,NA,NA,NA,NA,NA,NA
"missing_stem",NA,NA,NA,1612,160976,1,"fram",NA,301.70001,227.39999,68,NA,NA,"A",NA,NA,NA,NA,NA,NA,NA,NA,NA,NA,NA,NA,NA,NA,NA,NA,NA,NA,NA,NA
"status_AU_DS_or_DC_but_no_FAD","JJ","08-05-2022","308865f5-6517-4da7-8e2e-2dac0d2e3cec",607,60134,1,"quve","H",18.4,11.8,530,530,"A","1.3","DC",NA,"False",NA,"CD",530,NA,NA,NA,NA,NA,NA,NA,NA,"Pile of trees on ground  this may be one",NA,NA,NA,NA,NA
"crown_thinning_more_than_1_but_not_AU_or_dead","EM","06-01-2022","7122e550-c18d-426f-bde0-c74d279e0b6f",927,92458,1,"fram","H",10.4,15.9,63,63,"AU","1.3","A",NA,NA,1,NA,NA,100,100,NA,NA,NA,NA,NA,NA,NA,2,3,"SS",NA,NA
"EABF_recorded_but_not_AU_or_dead","EM","06-01-2022","7122e550-c18d-426f-bde0-c74d279e0b6f",927,92458,1,"fram","H",10.4,15.9,63,63,"AU","1.3","A",NA,NA,1,NA,NA,100,100,NA,NA,NA,NA,NA,NA,NA,2,3,"SS",NA,NA
"missing_stem",NA,NA,NA,1005,100586,1,"frpe",NA,196.5,86.3,23,NA,NA,"A",NA,NA,NA,NA,NA,NA,NA,NA,NA,NA,NA,NA,NA,NA,NA,NA,NA,NA,NA,NA
"missing_stem",NA,NA,NA,1005,100806,1,"fram",NA,199.89999,90.2,22,NA,NA,"A",NA,NA,NA,NA,NA,NA,NA,NA,NA,NA,NA,NA,NA,NA,NA,NA,NA,NA,NA,NA
"missing_stem",NA,NA,NA,1005,103225,1,"fram",NA,183.3,83,NA,NA,NA,"D",NA,NA,NA,NA,NA,NA,NA,NA,NA,NA,NA,NA,NA,NA,NA,NA,NA,NA,NA,NA
"missing_stem",NA,NA,NA,1005,103240,1,"fram",NA,198.39999,88.3,15,NA,NA,"A",NA,NA,NA,NA,NA,NA,NA,NA,NA,NA,NA,NA,NA,NA,NA,NA,NA,NA,NA,NA
"missing_stem",NA,NA,NA,1005,103242,1,"fram",NA,199.7,88.6,11,NA,NA,"A",NA,NA,NA,NA,NA,NA,NA,NA,NA,NA,NA,NA,NA,NA,NA,NA,NA,NA,NA,NA
"missing_stem",NA,NA,NA,1005,103243,1,"fram",NA,199.8,89.1,12,NA,NA,"A",NA,NA,NA,NA,NA,NA,NA,NA,NA,NA,NA,NA,NA,NA,NA,NA,NA,NA,NA,NA
"missing_stem",NA,NA,NA,1005,104012,1,"fram",NA,183,83.7,10,NA,NA,"A",NA,NA,NA,NA,NA,NA,NA,NA,NA,NA,NA,NA,NA,NA,NA,NA,NA,NA,NA,NA
"missing_stem",NA,NA,NA,1005,104080,1,"fram",NA,185,95.8,12,NA,NA,"A",NA,NA,NA,NA,NA,NA,NA,NA,NA,NA,NA,NA,NA,NA,NA,NA,NA,NA,NA,NA
"missing_stem",NA,NA,NA,1006,100834,1,"nysy",NA,196.10001,105.6,211,NA,NA,"A",NA,NA,NA,NA,NA,NA,NA,NA,NA,NA,NA,NA,NA,NA,NA,NA,NA,NA,NA,NA
"missing_stem",NA,NA,NA,1006,100839,1,"nysy",NA,195.2,110.5,225,NA,NA,"A",NA,NA,NA,NA,NA,NA,NA,NA,NA,NA,NA,NA,NA,NA,NA,NA,NA,NA,NA,NA
"rot_but_no_level","JJ","08-05-2022","c965acca-a731-485e-8b29-5db0f21147da",1006,101005,1,"nysy","L",7.2,9,616,616,"AU","1.1","AU",NA,NA,3,NA,NA,100,100,NA,0,"U,R",2,NA,NA,NA,NA,NA,NA,NA,NA
"missing_stem",NA,NA,NA,1006,103447,1,"fram",NA,197.1,107.7,11,NA,NA,"A",NA,NA,NA,NA,NA,NA,NA,NA,NA,NA,NA,NA,NA,NA,NA,NA,NA,NA,NA,NA
"missing_crown_position","EM","06-06-2022","1e2d0f4c-698b-4fdb-93c5-0328a5de0ee6",1023,102266,1,"fram","H",7.8,2.9,93,93,"DS","1.3","A",NA,NA,NA,NA,NA,100,98,NA,NA,NA,NA,NA,NA,NA,2,5,"SS",NA,NA
"crown_thinning_more_than_1_but_not_AU_or_dead","EM","06-06-2022","1e2d0f4c-698b-4fdb-93c5-0328a5de0ee6",1023,102266,1,"fram","H",7.8,2.9,93,93,"DS","1.3","A",NA,NA,NA,NA,NA,100,98,NA,NA,NA,NA,NA,NA,NA,2,5,"SS",NA,NA
"EABF_recorded_but_not_AU_or_dead","EM","06-06-2022","1e2d0f4c-698b-4fdb-93c5-0328a5de0ee6",1023,102266,1,"fram","H",7.8,2.9,93,93,"DS","1.3","A",NA,NA,NA,NA,NA,100,98,NA,NA,NA,NA,NA,NA,NA,2,5,"SS",NA,NA
"missing_crown_position","EM","06-06-2022","1e2d0f4c-698b-4fdb-93c5-0328a5de0ee6",1023,102268,1,"fram","H",4.3,8.6,54,54,"DS","1.3","DS",NA,"True",NA,"S",NA,80,0,NA,NA,NA,NA,NA,NA,NA,5,0,"AS,SS",NA,NA
"missing_stem",NA,NA,NA,1105,110814,1,"fram",NA,200.8,81.5,18,NA,NA,"G",NA,NA,NA,NA,NA,NA,NA,NA,NA,NA,NA,NA,NA,NA,NA,NA,NA,NA,NA,NA
"missing_stem",NA,NA,NA,1105,110814,2,"fram",NA,200.8,81.5,15,NA,NA,"A",NA,NA,NA,NA,NA,NA,NA,NA,NA,NA,NA,NA,NA,NA,NA,NA,NA,NA,NA,NA
"missing_percent_crown_intact","JJ","08-05-2022","39c471ef-26f2-4585-af48-1fb640a6bdd2",1105,110920,1,"quve","H",19.1,16.5,788,788,"DS","1.3","DS",NA,"False",3,"CD",788,NA,NA,NA,0,NA,NA,NA,NA,NA,NA,NA,NA,NA,NA
"missing_percent_crown_living","JJ","08-05-2022","39c471ef-26f2-4585-af48-1fb640a6bdd2",1105,110920,1,"quve","H",19.1,16.5,788,788,"DS","1.3","DS",NA,"False",3,"CD",788,NA,NA,NA,0,NA,NA,NA,NA,NA,NA,NA,NA,NA,NA
"missing_stem",NA,NA,NA,1105,110934,2,"fram",NA,209.10001,91.4,15,NA,NA,"A",NA,NA,NA,NA,NA,NA,NA,NA,NA,NA,NA,NA,NA,NA,NA,NA,NA,NA,NA,NA
"missing_stem",NA,NA,NA,1106,110887,1,"frpe",NA,200.2,108,36,NA,NA,"A",NA,NA,NA,NA,NA,NA,NA,NA,NA,NA,NA,NA,NA,NA,NA,NA,NA,NA,NA,NA
"missing_stem",NA,NA,NA,1106,110887,2,"frpe",NA,200.2,108,12,NA,NA,"A",NA,NA,NA,NA,NA,NA,NA,NA,NA,NA,NA,NA,NA,NA,NA,NA,NA,NA,NA,NA
"missing_percent_crown_intact","JJ","08-05-2022","f5f8231d-abe2-4963-bd97-a9a7abd216b7",1106,110952,1,"litu","L",17.5,7.6,108,108,"DS","1.3","DS",NA,"True",1,"S",108,NA,NA,NA,NA,NA,NA,NA,NA,NA,NA,NA,NA,NA,NA
"missing_percent_crown_living","JJ","08-05-2022","f5f8231d-abe2-4963-bd97-a9a7abd216b7",1106,110952,1,"litu","L",17.5,7.6,108,108,"DS","1.3","DS",NA,"True",1,"S",108,NA,NA,NA,NA,NA,NA,NA,NA,NA,NA,NA,NA,NA,NA
"missing_stem",NA,NA,NA,1106,113200,1,"fram",NA,204.39999,104.3,15,NA,NA,"A",NA,NA,NA,NA,NA,NA,NA,NA,NA,NA,NA,NA,NA,NA,NA,NA,NA,NA,NA,NA
"missing_stem",NA,NA,NA,1110,111090,1,"fram",NA,219.39999,189.3,17,NA,NA,"A",NA,NA,NA,NA,NA,NA,NA,NA,NA,NA,NA,NA,NA,NA,NA,NA,NA,NA,NA,NA
"crown_thinning_more_than_1_but_not_AU_or_dead","EM","06-14-2022","83052fc8-8a78-45a4-82fb-6cb92b91847b",1227,122475,1,"frpe","H",3,15.1,86,86,"AU","1.3","A",NA,NA,2,NA,NA,100,98,NA,0,NA,NA,NA,NA,NA,2,3,"SS",NA,NA
"EABF_recorded_but_not_AU_or_dead","EM","06-14-2022","83052fc8-8a78-45a4-82fb-6cb92b91847b",1227,122475,1,"frpe","H",3,15.1,86,86,"AU","1.3","A",NA,NA,2,NA,NA,100,98,NA,0,NA,NA,NA,NA,NA,2,3,"SS",NA,NA
"missing_percent_crown_intact","EM","06-22-2022","42d8c31c-02ce-4ead-af65-de014647955f",1332,132543,1,"frpe","H",16.3,7.1,87,87,"DS","1.3","DS",NA,"True",1,"S",87,NA,NA,NA,0,NA,NA,NA,NA,NA,5,0,"AS,DE",1,NA
"missing_percent_crown_living","EM","06-22-2022","42d8c31c-02ce-4ead-af65-de014647955f",1332,132543,1,"frpe","H",16.3,7.1,87,87,"DS","1.3","DS",NA,"True",1,"S",87,NA,NA,NA,0,NA,NA,NA,NA,NA,5,0,"AS,DE",1,NA
"status_DS_or_DC_but_DBH_not_measured","EM","07-26-2022","09634b6f-9a6d-4104-9379-fb7a68189f2b",1414,140881,1,"fram","H",7.2,13.3,630,630,"AU","1.3","DS",NA,"False",3,"CD",NA,98,0,NA,0,NA,NA,NA,NA,NA,5,0,"AS,SS,DE",1,NA
"status_AU_DS_or_DC_but_no_FAD","EM","07-26-2022","09634b6f-9a6d-4104-9379-fb7a68189f2b",1414,140881,1,"fram","H",7.2,13.3,630,630,"AU","1.3","DS",NA,"False",3,"CD",NA,98,0,NA,0,NA,NA,NA,NA,NA,5,0,"AS,SS,DE",1,NA
"crown_thinning_more_than_1_but_not_AU_or_dead","EM","07-25-2022","9c99bb35-fe70-44a8-9681-39531788cf55",1416,141137,2,"chvi","H",17.3,16.9,66,66,"M","1.3","A",NA,NA,3,NA,NA,98,98,NA,0,NA,NA,NA,NA,NA,2,2,"SS",NA,NA
"EABF_recorded_but_not_AU_or_dead","EM","07-25-2022","9c99bb35-fe70-44a8-9681-39531788cf55",1416,141137,2,"chvi","H",17.3,16.9,66,66,"M","1.3","A",NA,NA,3,NA,NA,98,98,NA,0,NA,NA,NA,NA,NA,2,2,"SS",NA,NA
"status_AU_DS_or_DC_but_no_FAD","EM","07-25-2022","42d53bb4-7040-49b9-9b34-ff647aa357d5",1419,142082,1,"fram","H",16.5,3.3,507,507,"AU","1.3","DS",NA,"False",1,"S",507,0,0,NA,0,NA,NA,NA,NA,NA,5,0,"DE",1,NA
"exit_hole_count_no_DE_EABF","EM","07-25-2022","42d53bb4-7040-49b9-9b34-ff647aa357d5",1419,142178,1,"fram","H",7.3,4.6,557,557,"DS","1.3","AU",NA,NA,3,NA,NA,60,0,NA,0,"W",1,NA,NA,NA,5,0,"none",1,NA
"status_AU_DS_or_DC_but_no_FAD","EM","07-21-2022","b3682f2e-b277-4e52-96d4-eb4071362fa8",1424,142357,1,"fram","H",19.5,13.1,43,43,"AU","1.3","DS",NA,"True",1,"S",44,20,0,NA,0,NA,NA,NA,NA,NA,5,0,"AS,SS,DE",1,NA
"EABF_recorded_but_not_AU_or_dead","EM","07-21-2022","3f416e92-8e73-4cf4-952a-0e428877c0ff",1426,142396,1,"fram","H",10.6,14.2,46,46,"A","1.3","A",NA,NA,1,NA,NA,100,100,NA,3,NA,NA,NA,NA,NA,1,0,"VB",NA,NA
"EABF_recorded_but_not_AU_or_dead","EM","07-21-2022","423b50a4-6c2b-4a62-b840-d3427394908c",1427,142589,1,"fram","H",7.4,14.4,85,85,"AU","1.3","A",NA,NA,3,NA,NA,100,95,NA,4,NA,NA,NA,NA,NA,1,2,"SS,VB",NA,NA
"status_AU_DS_or_DC_but_no_FAD","EM","07-26-2022","22508749-bf76-4ad6-8ade-f0488edc4aca",1513,151066,1,"fram","H",6.8,18.5,97,97,"AU","1.3","DS",NA,"False",2,"I",106,60,0,NA,0,NA,NA,NA,NA,NA,5,0,"SS,AS",NA,NA
"missing_crown_position","EM","07-26-2022","3577ade3-5f7d-45c4-9f85-55c3d0c4c1de",1516,151621,1,"fram","H",16.7,7.7,490,490,"DS","1.3","DS",NA,"False",NA,"CD",490,75,0,NA,0,NA,NA,NA,NA,NA,5,0,"DE",1,NA
"EABF_recorded_but_not_AU_or_dead","EM","07-26-2022","a85bacac-40d9-4a9d-beda-6f2857f2b5c1",1517,152021,1,"fram","H",2.5,12.1,83,83,"A","1.3","A",NA,NA,1,NA,NA,100,100,NA,0,NA,NA,NA,NA,NA,1,0,"VB",NA,NA
"missing_percent_crown_intact","EM","07-27-2022","7c008f05-237f-472e-93ab-168ccf67fa06",1526,152544,1,"fram","H",13.8,12.3,51,51,"DS","1.3","DS",NA,"False",1,"S",51,NA,NA,NA,0,NA,NA,NA,NA,NA,5,0,"VB,AS",NA,NA
"missing_percent_crown_living","EM","07-27-2022","7c008f05-237f-472e-93ab-168ccf67fa06",1526,152544,1,"fram","H",13.8,12.3,51,51,"DS","1.3","DS",NA,"False",1,"S",51,NA,NA,NA,0,NA,NA,NA,NA,NA,5,0,"VB,AS",NA,NA
"EABF_recorded_but_not_AU_or_dead","EM","07-27-2022","7c008f05-237f-472e-93ab-168ccf67fa06",1526,152558,2,"fram","H",0,1.6,12,12,"A","1.3","A",NA,NA,1,NA,NA,100,100,NA,0,NA,NA,NA,NA,NA,1,0,"SS",NA,NA
"missing_stem",NA,NA,NA,1616,161577,1,"chvi",NA,301.79999,311.39999,92,NA,NA,"A",NA,NA,NA,NA,NA,NA,NA,NA,NA,NA,NA,NA,NA,NA,NA,NA,NA,NA,NA,NA
"missing_stem",NA,NA,NA,1616,161577,2,"chvi",NA,301.79999,311.39999,45,NA,NA,"A",NA,NA,NA,NA,NA,NA,NA,NA,NA,NA,NA,NA,NA,NA,NA,NA,NA,NA,NA,NA
"missing_stem",NA,NA,NA,1616,161577,4,"chvi",NA,301.8,311.4,17,NA,NA,"A",NA,NA,NA,NA,NA,NA,NA,NA,NA,NA,NA,NA,NA,NA,NA,NA,NA,NA,NA,NA
"status_AU_DS_or_DC_but_no_FAD","EM","08-05-2022","09d7d215-ddcb-44b3-8330-e47c697a6551",1617,162111,1,"qual","H",18.4,12.2,414,414,"AU","1.3","DS",NA,"False",3,"CD",430,70,0,NA,0,NA,NA,NA,NA,NA,NA,NA,NA,NA,NA
"wounded_but_no_level","EM","08-05-2022","0b0e472e-3db6-48d9-b819-1a33eecdbb66",1619,162056,1,"acru","M",2.4,16.3,117,117,"A","1.3","AU",NA,NA,1,NA,NA,100,100,NA,NA,"W",NA,NA,NA,NA,NA,NA,NA,NA,NA
