"warning_name","SurveyorID","date","Submission.Id","Quad","Tag","StemTag","Species","Disease.Concern.Level","QX","QY","DBH","DBH.numeric","Status.2021","HOM","Status.2022","Tag.maintenance","Dead.with.resprout","Crown.position","Dead.crown.position","Dead.DBH","Percentage.of.crown.intact","Percentage.of.crown.living","Lean.angle.if.greater.than.15.degrees","Lianas","FAD","Wounded.main.stem","Canker..swelling..deformity","Rotting.trunk","Notes.2022","Crown.thinning","Epicormic.growth","EABF","D.shaped.exit.hole.count","Crown.position...10.cm.DBH"
"Dead_but_now_alive","EM","5/30/2022","f3db926d-357c-4b13-9b83-707bfe711b5c",102,10013,1,"fram","H",5.5,3.5,268,268,"DS","1.3","AU","RT","FALSE",NA,NA,NA,60,5,NA,NA,"BB,R",NA,NA,2,"Large liana load >50",NA,NA,NA,NA,NA
"Dead_but_now_alive","EM","5/30/2022","f3db926d-357c-4b13-9b83-707bfe711b5c",102,10134,1,"fram","H",16.8,7.3,511,511,"PD","1.3","AU",NA,"FALSE",NA,NA,NA,90,0,NA,NA,NA,NA,NA,NA,NA,4,1,NA,NA,NA
"Dead_but_now_alive","EM","5/31/2022","4511cd0f-17a6-4fdb-9020-76c2f2997d58",917,92029,1,"quru","M",11.5,14,594,594,"DS","1.3","AU",NA,"FALSE",NA,NA,NA,90,70,NA,NA,"DF,F,R",NA,NA,2,"Epicormic sprouts",NA,NA,NA,NA,NA
"Dead_but_now_alive","EM","6/6/2022","1e2d0f4c-698b-4fdb-93c5-0328a5de0ee6",1023,102266,1,"fram","H",7.8,2.9,93,93,"DS","1.3","A",NA,NA,NA,NA,NA,100,98,NA,NA,NA,NA,NA,NA,NA,2,5,"SS",NA,"I"
"Dead_but_now_alive","EM","05-30-2022","f3db926d-357c-4b13-9b83-707bfe711b5c",102,10013,1,"fram","H",5.5,3.5,268,268,"DS","1.3","AU","RT","False",NA,NA,NA,60,5,NA,NA,"BB,R",NA,NA,2,"Large liana load >50",NA,NA,NA,NA,NA
"Dead_but_now_alive","EM","05-30-2022","f3db926d-357c-4b13-9b83-707bfe711b5c",102,10134,1,"fram","H",16.8,7.3,511,511,"PD","1.3","AU",NA,"False",NA,NA,NA,90,0,NA,NA,NA,NA,NA,NA,NA,4,1,NA,NA,NA
"Dead_but_now_alive","EM","05-31-2022","4511cd0f-17a6-4fdb-9020-76c2f2997d58",917,92029,1,"quru","M",11.5,14,594,594,"DS","1.3","AU",NA,"False",NA,NA,NA,90,70,NA,NA,"DF,F,R",NA,NA,2,"Epicormic sprouts",NA,NA,NA,NA,NA
"Dead_but_now_alive","EM","06-06-2022","1e2d0f4c-698b-4fdb-93c5-0328a5de0ee6",1023,102266,1,"fram","H",7.8,2.9,93,93,"DS","1.3","A",NA,NA,NA,NA,NA,100,98,NA,NA,NA,NA,NA,NA,NA,2,5,"SS",NA,"I"
"Dead_but_now_alive","EM","06-13-2022","8a320031-4ba7-413d-adaf-3286c1b25afb",1122,112215,1,"pist","M",16.2,1.1,170,170,"M","1.3","AU",NA,NA,2,NA,NA,55,20,NA,0,"DF,U",NA,NA,NA,NA,NA,NA,NA,NA,NA
"Dead_but_now_alive","EM","06-14-2022","17d45384-7b7c-470c-b31b-1eb7f83a4dfe",1132,112496,1,"litu","L",10.4,1.6,129,129,"PD","1.3","A",NA,NA,3,NA,NA,100,100,NA,0,NA,NA,NA,NA,NA,NA,NA,NA,NA,NA
"Dead_but_now_alive","EM","06-15-2022","62e41024-3cf3-4728-917d-69610ad54c55",1220,122122,1,"pist","M",9.3,6.3,213,213,"DS","1.3","AU",NA,NA,2,NA,NA,98,15,NA,0,"DF",NA,NA,NA,NA,NA,NA,NA,NA,NA
"Dead_but_now_alive","EM","06-15-2022","62e41024-3cf3-4728-917d-69610ad54c55",1220,122149,1,"pist","M",2,17.4,151,151,"DS","1.3","AU",NA,NA,1,NA,NA,98,5,NA,0,"DF,W",NA,NA,NA,NA,NA,NA,NA,NA,NA
"Dead_but_now_alive","JJ","06-21-2022","10cb1813-b875-4d57-a527-96bc71aefd67",813,80538,1,"cagl","L",4.3,8.3,109,109,"M","1.3","A",NA,NA,1,NA,NA,90,85,NA,0,NA,NA,NA,NA,NA,NA,NA,NA,NA,NA
"Dead_but_now_alive","JJ","07-07-2022","c75e8453-be8c-42bd-ae94-e8dd394d50e6",703,70237,1,"saal","M",16.3,3.6,350,350,"DC","1.3","A",NA,NA,3,NA,NA,90,80,NA,0,NA,NA,NA,NA,NA,NA,NA,NA,NA,NA
"DC_but_now_A_AU_or_DS","JJ","07-07-2022","c75e8453-be8c-42bd-ae94-e8dd394d50e6",703,70237,1,"saal","M",16.3,3.6,350,350,"DC","1.3","A",NA,NA,3,NA,NA,90,80,NA,0,NA,NA,NA,NA,NA,NA,NA,NA,NA,NA
"Dead_but_now_alive","JJ","06-29-2022","d9e2d387-e7b7-4b42-923b-05c39199fdc2",804,80191,1,"nysy","L",13.5,8.2,118,118,"M","1.3","A",NA,NA,2,NA,NA,100,100,NA,0,NA,NA,NA,NA,NA,NA,NA,NA,NA,NA
"Dead_but_now_alive","JJ","06-29-2022","e6356755-b68b-4ff1-83b7-dd3f0fcb3b93",806,83628,1,"havi","M",2.2,14.5,103,103,"PD",NA,"A",NA,NA,1,NA,NA,90,70,NA,0,NA,NA,NA,NA,NA,NA,NA,NA,NA,NA
"Dead_but_now_alive","JJ","06-29-2022","da49081c-b03f-4e0c-892c-3d5a91ed5672",807,80348,1,"acru","M",16.1,4.3,175,175,"M","1.3","A",NA,NA,3,NA,NA,85,75,NA,0,NA,NA,NA,NA,NA,NA,NA,NA,NA,NA
"Dead_but_now_alive","JJ","07-07-2022","6b04e756-21d5-430e-80f2-aa87d5e60c42",902,90236,1,"ulru","H",14.4,2.5,155,155,"M","1.3","A",NA,NA,2,NA,NA,100,100,NA,3,NA,NA,NA,NA,NA,NA,NA,NA,NA,NA
"Dead_but_now_alive","JJ","07-07-2022","bd2d4d56-ced1-435c-9f1a-0178d9c71b8f",903,90112,1,"litu","L",1.1,2.1,273,273,"M","1.3","A",NA,NA,2,NA,NA,100,100,NA,0,NA,NA,NA,NA,NA,NA,NA,NA,NA,NA
"missing_EAB_info","EM","05-30-2022","5e372782-d24c-4a1f-9f50-64c80273826b",101,13322,1,"fram","H",11.3,14.6,27,27,"A","1.3","A",NA,NA,2,NA,NA,100,95,NA,0,NA,NA,NA,NA,NA,NA,NA,NA,NA,NA
"missing_EAB_info","EM","05-30-2022","f3db926d-357c-4b13-9b83-707bfe711b5c",102,10157,1,"fram","H",4.3,18.9,489,489,"AU","1.3","DS","RT","False",3,"I",NA,0,0,NA,0,"I",NA,NA,NA,NA,NA,NA,NA,NA,NA
"Dead_but_now_alive","RB","07-28-2022","d7d9fd8c-21ed-491f-a739-d1c1261feb62",208,20602,1,"qual","H",7.8,11.8,343,343,"DS","1.3","AU",NA,NA,2,NA,NA,39,13,NA,0,"B,W",2,NA,NA,"Tree is alive",NA,NA,NA,NA,NA
"missing_EAB_info","RB","07-28-2022","f93a2cd1-75ca-4e2a-a448-ed630df9ae29",212,20727,1,"fram","H",17.8,19.8,174,174,"AU","1.3","AU",NA,NA,1,NA,NA,87,28,NA,0,"I,W,DF",1,NA,NA,"EAB",NA,NA,NA,NA,NA
"missing_EAB_info",NA,"07-28-2022","6805d258-4ef8-4c3e-9587-b6b85fe64c8c",302,30045,1,"fram","H",1.1,11.3,528,528,"AU","1.3","DS",NA,"False",3,"CD",NA,79,0,NA,0,"W,R,F,I",NA,NA,NA,NA,NA,NA,NA,NA,NA
"missing_EAB_info","AS","07-28-2022","3be6530c-e349-4443-ab47-d684c8c693eb",309,30386,1,"fram","H",18.8,0.3,224,224,"AU","1.3","AU",NA,NA,4,NA,NA,100,29,NA,0,"DF,I",NA,NA,NA,NA,NA,NA,NA,NA,NA
"missing_EAB_info","AS","07-28-2022","8477b1a8-fd24-48d2-be08-4015350c7b30",312,30435,1,"fram","H",16,15.1,305,305,"AU","1.3","DS",NA,"False",3,"CD",305,3,0,NA,1,"B,W,R,I,F,DF",2,NA,2,NA,NA,NA,NA,NA,NA
"missing_EAB_info","AS","07-28-2022","8477b1a8-fd24-48d2-be08-4015350c7b30",312,30435,1,"fram","H",16,15.1,305,305,"AU","1.3","DS",NA,"False",2,"CD",305,98,0,NA,0,NA,NA,NA,NA,NA,NA,NA,NA,NA,NA
"missing_EAB_info","DJ","07-28-2022","8b1d7d10-1cd4-4335-acd5-ec91b2c193e3",401,40043,1,"fram","H",15.3,5.3,154,154,"AU","1.3","AU",NA,NA,1,NA,NA,70,3,NA,4,"I",NA,NA,NA,NA,5,NA,NA,NA,NA
"missing_EAB_info","DJ","07-28-2022","df7cceaa-39c3-4847-a394-8cbed4490f97",410,40719,1,"fram","H",3.8,3.9,235,235,"AU","1.3","AU",NA,NA,3,NA,NA,78,64,NA,0,"I,DF",NA,NA,NA,NA,NA,NA,NA,NA,NA
"missing_EAB_info","DJ","07-28-2022","e035406e-5b53-4d84-990e-737b90108c3e",418,42044,1,"fram","H",18.9,9.1,356,356,"AU","1.3","DS",NA,"False",2,"CD",NA,42,0,NA,0,"I",NA,NA,NA,NA,NA,NA,NA,NA,NA
"Dead_but_now_alive","EM","07-28-2022","709dbd7f-cc3d-4c20-8dcc-b80050369ce8",501,50038,1,"fram","H",9.3,12.5,215,215,"DS","1.3","A","RT",NA,3,NA,NA,100,100,NA,0,NA,NA,NA,NA,NA,NA,NA,NA,NA,NA
"missing_EAB_info","EM","07-28-2022","978e5c03-4824-4065-9759-1fc9a60ada19",502,50160,1,"fram","H",7.4,11,908,908,"AU","1.3","DS","RT","False",3,"CD",907,85,0,NA,0,NA,NA,NA,NA,NA,NA,NA,NA,NA,NA
"missing_EAB_info","EM","08-01-2022","d6bc4a4a-841d-4830-a3d6-9a746702629b",512,50614,1,"fram","H",10.5,13.5,517,517,"AU","1.3","DS",NA,"False",3,"CD",516,98,0,NA,0,"AN",NA,NA,NA,NA,NA,NA,NA,NA,NA
"Dead_but_now_alive","JJ","08-04-2022","7a563808-12a1-435b-b952-9b1f87c6fa12",608,60161,1,"qupr","H",17.5,11.7,869,869,"DS","1.3","AU",NA,NA,3,NA,NA,95,45,20,0,"U",NA,NA,NA,"2 stems - south stem dead steading, north alive",NA,NA,NA,NA,NA
"missing_EAB_info","EM","05-25-2022","bf93d26d-c543-44cc-bdca-ccec855b030d",826,82297,1,"fram","H",2.3,7.2,76,76,"AU","1.3","AU",NA,"False",1,NA,NA,85,70,NA,0,"I",NA,NA,NA,NA,3,3,"AS,SS",NA,NA
"missing_EAB_info","EM","05-26-2022","34774be7-0d76-4392-a934-c734c4f93704",829,82363,1,"fram","H",17.2,9,222,222,"A","1.3","DS",NA,"False",NA,NA,NA,80,0,NA,0,"I,U",NA,NA,NA,NA,NA,NA,"AS",NA,NA
"missing_EAB_info","JJ","07-20-2022","f02da767-b280-4778-bb97-074170f6117d",906,93564,1,"fram","H",12.9,4.2,10,10,"A","1.3",NA,NA,NA,NA,NA,NA,NA,NA,NA,NA,NA,NA,NA,NA,NA,NA,NA,NA,NA,NA
"missing_EAB_info","JJ","07-20-2022","d1c6ec89-ea1d-4985-8ad8-1d20a2cf9c93",913,93993,1,"fram","H",6.5,16.2,11,11,"A","1.3",NA,NA,NA,NA,NA,NA,NA,NA,NA,NA,NA,NA,NA,NA,NA,NA,NA,NA,NA,NA
"missing_EAB_info","EM","05-31-2022","86547df3-6bcb-4290-a244-28331a9887c1",916,90759,1,"frni","H",9.5,14.9,NA,0,"M","NULL","DC",NA,"False",NA,NA,93,NA,NA,NA,NA,NA,NA,NA,NA,"Tree previously dead, probably on the ground",NA,NA,NA,NA,NA
"missing_EAB_info","EM","06-01-2022","7122e550-c18d-426f-bde0-c74d279e0b6f",927,92444,1,"frpe","H",6.5,0.2,58,58,"AU","1.3","A",NA,NA,1,NA,NA,95,90,NA,0,NA,NA,NA,NA,"Stump sprouts",2,NA,NA,NA,NA
"missing_EAB_info","EM","06-08-2022","74d8f40f-6cb6-411a-a6e0-f429d6ef3b6b",1029,102453,1,"fram","H",19.3,17.7,NA,0,"M","NULL","DC",NA,"False",NA,NA,NA,NA,NA,NA,NA,NA,NA,NA,NA,NA,NA,NA,NA,NA,NA
"missing_EAB_info","EM","06-09-2022","902aca0b-1e6d-439b-b9c9-5883af474c54",1116,111290,1,"fram","H",17.4,8.3,NA,0,"M","NULL","DC",NA,"False",NA,NA,365,NA,NA,NA,NA,NA,NA,NA,NA,NA,NA,NA,NA,NA,NA
"missing_EAB_info","EM","06-13-2022","2c5cde0b-19ad-43be-8ec4-e608f42e6c46",1124,112315,1,"frpe","H",4.6,0,216,216,"A","1.3","A",NA,NA,2,NA,NA,100,98,NA,0,NA,NA,NA,NA,NA,NA,NA,NA,NA,NA
"missing_EAB_info","EM","06-14-2022","7802157d-b5aa-4f51-bd7d-ee4ba125408b",1230,122555,1,"fram","H",2.2,12.8,121,121,"AU","1.3","DC",NA,"False",NA,"S",117,NA,NA,NA,0,NA,NA,NA,NA,NA,NA,NA,NA,NA,NA
"missing_EAB_info","EM","06-20-2022","b86834b9-236c-45f8-9d93-2f03140382c1",1328,132431,1,"fram","H",2.1,14.3,61,61,"AU","1.3","DS",NA,"False",1,"S",62,90,0,NA,0,NA,NA,NA,NA,NA,NA,NA,NA,NA,NA
"Dead_but_now_alive","EM","07-26-2022","17660912-db83-4876-b3ba-dae3fcf436ee",1413,141064,1,"fram","H",16.5,12,NA,0,"M","NULL","AU",NA,NA,1,NA,NA,80,80,59,0,"B,OT,W",2,NA,NA,NA,1,1,"SS,AS",NA,"S"
"Dead_but_now_alive","EM","07-25-2022","9c99bb35-fe70-44a8-9681-39531788cf55",1416,141137,2,"chvi","H",17.3,16.9,66,66,"M","1.3","A",NA,NA,3,NA,NA,98,98,NA,0,NA,NA,NA,NA,NA,2,2,"SS",NA,"I"
"Dead_but_now_alive","EM","07-25-2022","42d53bb4-7040-49b9-9b34-ff647aa357d5",1419,142178,1,"fram","H",7.3,4.6,557,557,"DS","1.3","AU",NA,NA,3,NA,NA,60,0,NA,0,"W",1,NA,NA,NA,5,0,"none",6,NA
"Dead_but_now_alive","EM","07-25-2022","307c6685-0a10-40b0-8a69-f54804eb8ec6",1422,142333,1,"fram","H",17.5,6.7,464,464,"PD","1.3","A",NA,NA,3,NA,NA,50,0,NA,0,NA,NA,NA,NA,NA,5,0,"SS,VB,AS",NA,NA
"Dead_but_now_alive","EM","07-26-2022","246ff212-ba33-4533-a901-4ba5fb147a3a",1518,152044,2,"qupr","H",4.6,4.5,352,352,"DS","1.3","A",NA,NA,3,NA,NA,100,98,NA,1,NA,NA,NA,NA,NA,NA,NA,NA,NA,NA
"Dead_but_now_alive","EM","07-27-2022","58fa9c3a-0589-447c-979d-760d19c2b014",1524,152466,1,"qual","H",3,4.1,291,291,"PD","1.3","A",NA,NA,3,NA,NA,40,0,NA,4,NA,NA,NA,NA,NA,NA,NA,NA,NA,NA
"missing_stem",NA,NA,NA,1528,152610,1,"fram",NA,296,546.59998,207,NA,NA,"A",NA,NA,NA,NA,NA,NA,NA,NA,NA,NA,NA,NA,NA,NA,NA,NA,NA,NA,NA,NA
"missing_stem",NA,NA,NA,1528,152612,1,"fram",NA,289.5,547.40002,330,NA,NA,"A",NA,NA,NA,NA,NA,NA,NA,NA,NA,NA,NA,NA,NA,NA,NA,NA,NA,NA,NA,NA
"missing_EAB_info","EM","08-03-2022","0736e6a8-e741-4bd5-b14b-401f5b06b985",1528,152617,1,"fram","H",7.5,16.7,266,266,"AU","1.3","DS",NA,"False",3,"CD",264,90,0,NA,0,NA,NA,NA,NA,NA,NA,NA,NA,NA,NA
"missing_stem",NA,NA,NA,1529,152642,1,"fram",NA,289,568.59998,237,NA,NA,"A",NA,NA,NA,NA,NA,NA,NA,NA,NA,NA,NA,NA,NA,NA,NA,NA,NA,NA,NA,NA
"missing_stem",NA,NA,NA,1529,152644,1,"fram",NA,280.39999,571.29999,154,NA,NA,"A",NA,NA,NA,NA,NA,NA,NA,NA,NA,NA,NA,NA,NA,NA,NA,NA,NA,NA,NA,NA
"missing_EAB_info","EM","08-04-2022","7e37919f-e602-4fc3-80a2-d13b520bb09b",1602,160165,1,"fram","H",2.4,15.2,123,123,"AU","1.3","AU",NA,NA,2,NA,NA,90,90,39,4,"B",NA,NA,NA,NA,NA,NA,NA,NA,NA
"missing_EAB_info","EM","08-04-2022","3263ed1c-f4e4-4bd6-ad85-5afae4461a55",1603,160651,1,"fram","H",3.8,0,144,144,"AU","1.3","DS",NA,"False",1,"S",147,90,0,NA,0,NA,NA,NA,NA,NA,NA,NA,NA,NA,NA
"missing_EAB_info","EM","08-04-2022","c49f9705-3662-42fa-b88c-f48fd077799e",1605,160749,1,"fram","H",13.4,17.4,103,103,"AU","1.3","DS",NA,"True",1,"S",NA,70,0,NA,0,NA,NA,NA,NA,NA,NA,NA,NA,NA,NA
"missing_EAB_info","EM","08-04-2022","afc2711e-ecc0-451e-bcff-53774663a23f",1606,160907,1,"fram","H",1.3,19.2,145,145,"AU","1.3","DS",NA,"True",1,"S",146,70,0,NA,0,NA,NA,NA,NA,NA,NA,NA,NA,NA,NA
"missing_stem",NA,NA,NA,1611,171412,1,"litu",NA,319.79999,210.5,166,NA,NA,"A",NA,NA,NA,NA,NA,NA,NA,NA,NA,NA,NA,NA,NA,NA,NA,NA,NA,NA,NA,NA
"missing_stem",NA,NA,NA,1612,160990,1,"fram",NA,319.70001,238.89999,487,NA,NA,"A",NA,NA,NA,NA,NA,NA,NA,NA,NA,NA,NA,NA,NA,NA,NA,NA,NA,NA,NA,NA
"missing_stem",NA,NA,NA,207,20548,1,"fram",NA,23.5,126.2,655,NA,NA,"D",NA,NA,NA,NA,NA,NA,NA,NA,NA,NA,NA,NA,NA,NA,NA,NA,NA,NA,NA,NA
"missing_stem",NA,NA,NA,208,20593,1,"frni",NA,38.4,144.2,164,NA,NA,"A",NA,NA,NA,NA,NA,NA,NA,NA,NA,NA,NA,NA,NA,NA,NA,NA,NA,NA,NA,NA
"missing_stem",NA,NA,NA,212,20702,1,"cagl",NA,28.3,221.60001,117,NA,NA,"A",NA,NA,NA,NA,NA,NA,NA,NA,NA,NA,NA,NA,NA,NA,NA,NA,NA,NA,NA,NA
"missing_stem",NA,NA,NA,304,30070,1,"juni",NA,40.3,63.3,431,NA,NA,"A",NA,NA,NA,NA,NA,NA,NA,NA,NA,NA,NA,NA,NA,NA,NA,NA,NA,NA,NA,NA
"missing_stem",NA,NA,NA,304,30072,1,"fram",NA,44.2,62.4,140,NA,NA,"A",NA,NA,NA,NA,NA,NA,NA,NA,NA,NA,NA,NA,NA,NA,NA,NA,NA,NA,NA,NA
"missing_stem",NA,NA,NA,305,30309,1,"caovl",NA,51.4,90,234,NA,NA,"A",NA,NA,NA,NA,NA,NA,NA,NA,NA,NA,NA,NA,NA,NA,NA,NA,NA,NA,NA,NA
"missing_stem",NA,NA,NA,413,40888,1,"fram",NA,74.2,243,163,NA,NA,"A",NA,NA,NA,NA,NA,NA,NA,NA,NA,NA,NA,NA,NA,NA,NA,NA,NA,NA,NA,NA
"missing_stem",NA,NA,NA,509,50473,1,"juni",NA,93.9,175.7,326,NA,NA,"A",NA,NA,NA,NA,NA,NA,NA,NA,NA,NA,NA,NA,NA,NA,NA,NA,NA,NA,NA,NA
"missing_stem",NA,NA,NA,510,50479,1,"fram",NA,95.4,192.5,415,NA,NA,"A",NA,NA,NA,NA,NA,NA,NA,NA,NA,NA,NA,NA,NA,NA,NA,NA,NA,NA,NA,NA
"missing_stem",NA,NA,NA,514,50638,1,"litu",NA,100,267.39999,193,NA,NA,"A",NA,NA,NA,NA,NA,NA,NA,NA,NA,NA,NA,NA,NA,NA,NA,NA,NA,NA,NA,NA
"missing_stem",NA,NA,NA,518,52029,1,"fram",NA,84.1,340.5,309,NA,NA,"A",NA,NA,NA,NA,NA,NA,NA,NA,NA,NA,NA,NA,NA,NA,NA,NA,NA,NA,NA,NA
"missing_stem",NA,NA,NA,526,52304,1,"cato",NA,90.6,511.79999,102,NA,NA,"A",NA,NA,NA,NA,NA,NA,NA,NA,NA,NA,NA,NA,NA,NA,NA,NA,NA,NA,NA,NA
"missing_stem",NA,NA,NA,526,52307,1,"litu",NA,89.3,516.29999,167,NA,NA,"A",NA,NA,NA,NA,NA,NA,NA,NA,NA,NA,NA,NA,NA,NA,NA,NA,NA,NA,NA,NA
"missing_stem",NA,NA,NA,530,52389,1,"caovl",NA,87.1,589.09998,304,NA,NA,"A",NA,NA,NA,NA,NA,NA,NA,NA,NA,NA,NA,NA,NA,NA,NA,NA,NA,NA,NA,NA
"missing_stem",NA,NA,NA,530,52401,1,"litu",NA,88.3,596.40002,143,NA,NA,"A",NA,NA,NA,NA,NA,NA,NA,NA,NA,NA,NA,NA,NA,NA,NA,NA,NA,NA,NA,NA
"missing_stem",NA,NA,NA,602,60023,1,"qupr",NA,114.3,22.3,172,NA,NA,"A",NA,NA,NA,NA,NA,NA,NA,NA,NA,NA,NA,NA,NA,NA,NA,NA,NA,NA,NA,NA
"Dead_but_now_alive","JJ","08-05-2022","483f964b-21e3-45f2-beeb-19d814d0ad62",608,60161,1,"qupr","H",17.5,11.7,869,869,"DS","1.3","AU",NA,NA,4,NA,NA,85,45,NA,0,"U,R,LF,F",2,NA,2,"1 of 2 stems still alive",NA,NA,NA,NA,NA
"missing_EAB_info","JJ","06-29-2022","5e6e4ebb-b0c8-4db2-94bd-f11dee92bc8e",808,83589,1,"fram","H",14.4,9.5,14,14,"A","1.3","A",NA,NA,1,NA,NA,100,100,NA,0,NA,NA,NA,NA,NA,1,0,NA,NA,NA
"missing_EAB_info","EM","05-25-2022","bd159b4f-862d-4bdf-9c67-35520624f3c7",820,82145,1,"fram","H",11.9,18.5,78,78,"A","1.3","A",NA,NA,1,NA,NA,100,100,NA,0,NA,NA,NA,NA,NA,1,5,"none",NA,NA
"missing_EAB_info",NA,"05-25-2022","2de095c1-64ac-445c-b6a8-a422c642a501",823,82236,1,"fram","H",13.4,16.1,60,60,"AU","1.3","AU",NA,"True",1,NA,NA,90,15,NA,0,"F",NA,NA,NA,NA,4,1,"AS,SS",NA,NA
"missing_EAB_info","EM","05-26-2022","5e96f409-dbb9-4366-9a4d-9f3fb2c92861",832,82435,1,"fram","H",3.5,3.5,74,74,"M","1.3","DS",NA,"True",1,"S",74,0,0,NA,0,"CR,W",1,NA,NA,NA,5,0,"AS,SS,VB",NA,NA
"missing_EAB_info","JJ","07-07-2022","6b04e756-21d5-430e-80f2-aa87d5e60c42",902,93678,1,"fram","H",1.1,13,11,11,"A","1.3","A",NA,NA,1,NA,NA,100,100,NA,0,NA,NA,NA,NA,NA,1,0,NA,0,NA
"missing_EAB_info","EM","06-01-2022","7122e550-c18d-426f-bde0-c74d279e0b6f",927,92458,1,"fram","H",10.4,15.9,63,63,"AU","1.3","A",NA,NA,1,NA,NA,100,100,NA,NA,NA,NA,NA,NA,NA,2,3,"SS",NA,NA
"Dead_but_now_alive","EM","06-06-2022","1e2d0f4c-698b-4fdb-93c5-0328a5de0ee6",1023,102266,1,"fram","H",7.8,2.9,93,93,"DS","1.3","A",NA,NA,NA,NA,NA,100,98,NA,NA,NA,NA,NA,NA,NA,2,5,"SS",NA,NA
"missing_EAB_info","EM","06-08-2022","8631d2d0-e86b-43c0-9fc4-6d23b97dad12",1028,102435,1,"frpe","H",10.3,14.2,69,69,"AU","1.3","AU",NA,"False",1,NA,NA,90,40,NA,0,"DF",NA,NA,NA,NA,4,2,"AS,SS",NA,NA
"missing_EAB_info","EM","06-13-2022","ed43de5a-af6d-49a1-b183-35f07c029a1d",1128,112410,1,"frpe","H",8.1,4,39,39,"AU","1.3","DS",NA,"True",1,"S",43,40,0,NA,0,"W",1,NA,NA,NA,5,0,"SS,W",NA,NA
"missing_EAB_info","EM","06-14-2022","83052fc8-8a78-45a4-82fb-6cb92b91847b",1227,122475,1,"frpe","H",3,15.1,86,86,"AU","1.3","A",NA,NA,2,NA,NA,100,98,NA,0,NA,NA,NA,NA,NA,2,3,"SS",NA,NA
"missing_EAB_info","EM","06-14-2022","3ef3370b-4903-4366-80a5-926109dd0661",1228,122477,1,"fram","H",11.8,10.6,77,77,"AU","1.3","AU",NA,NA,1,NA,NA,100,80,NA,0,"DF,W",1,NA,NA,NA,3,2,"SS",NA,NA
"missing_EAB_info","EM","06-14-2022","6dbbb382-518a-4eab-abce-e293b21f51f9",1229,122505,1,"fram","H",18.8,14.9,48,48,"AU","1.3","AU",NA,NA,2,NA,NA,100,90,NA,0,"W,I",1,NA,NA,NA,2,2,"SS",NA,NA
"missing_EAB_info","EM","06-20-2022","b86834b9-236c-45f8-9d93-2f03140382c1",1328,132430,1,"frpe","H",2.6,11.8,70,70,"AU","1.3","AU",NA,NA,1,NA,NA,80,15,NA,0,"I",NA,NA,NA,NA,4,1,"AS,SS,W,VB,DE",1,NA
"Dead_but_now_alive","EM","07-26-2022","17660912-db83-4876-b3ba-dae3fcf436ee",1413,141064,1,"fram","H",16.5,12,NA,0,"M","NULL","AU",NA,NA,1,NA,NA,80,80,59,0,"B,OT,W",2,NA,NA,NA,1,1,"SS,AS",NA,NA
"missing_EAB_info","EM","07-25-2022","9c99bb35-fe70-44a8-9681-39531788cf55",1416,141137,1,"chvi","H",17.3,16.9,75,75,"A","1.3","AU",NA,NA,3,NA,NA,100,98,NA,0,"W",1,NA,NA,NA,2,2,"SS,AS",NA,NA
"Dead_but_now_alive","EM","07-25-2022","9c99bb35-fe70-44a8-9681-39531788cf55",1416,141137,2,"chvi","H",17.3,16.9,66,66,"M","1.3","A",NA,NA,3,NA,NA,98,98,NA,0,NA,NA,NA,NA,NA,2,2,"SS",NA,NA
"missing_EAB_info","EM","07-25-2022","9c99bb35-fe70-44a8-9681-39531788cf55",1416,141137,2,"chvi","H",17.3,16.9,66,66,"M","1.3","A",NA,NA,3,NA,NA,98,98,NA,0,NA,NA,NA,NA,NA,2,2,"SS",NA,NA
"missing_EAB_info","EM","07-25-2022","9906d89f-5076-43ed-804b-549259244eb5",1417,142134,1,"fram","H",4.3,19.6,73,73,"A","1.3","A",NA,NA,1,NA,NA,100,100,NA,0,NA,NA,NA,NA,NA,1,0,"none",NA,NA
"Dead_but_now_alive","EM","07-25-2022","42d53bb4-7040-49b9-9b34-ff647aa357d5",1419,142178,1,"fram","H",7.3,4.6,557,557,"DS","1.3","AU",NA,NA,3,NA,NA,60,0,NA,0,"W",1,NA,NA,NA,5,0,"none",1,NA
"missing_EAB_info","EM","07-25-2022","d1fe8091-cb99-495b-9bb7-bb26d4738a85",1423,142340,1,"fram","H",11.5,0.3,74,74,"A","1.3","AU",NA,NA,1,NA,NA,98,98,NA,0,"W",2,NA,NA,NA,2,0,"none",NA,NA
"missing_EAB_info","EM","07-21-2022","b3682f2e-b277-4e52-96d4-eb4071362fa8",1424,142357,1,"fram","H",19.5,13.1,43,43,"AU","1.3","DS",NA,"True",1,"S",44,20,0,NA,0,NA,NA,NA,NA,NA,5,0,"AS,SS,DE",1,NA
"missing_EAB_info","EM","07-21-2022","3f416e92-8e73-4cf4-952a-0e428877c0ff",1426,142396,1,"fram","H",10.6,14.2,46,46,"A","1.3","A",NA,NA,1,NA,NA,100,100,NA,3,NA,NA,NA,NA,NA,1,0,"VB",NA,NA
"missing_EAB_info","EM","07-21-2022","423b50a4-6c2b-4a62-b840-d3427394908c",1427,142589,1,"fram","H",7.4,14.4,85,85,"AU","1.3","A",NA,NA,3,NA,NA,100,95,NA,4,NA,NA,NA,NA,NA,1,2,"SS,VB",NA,NA
"missing_EAB_info","EM","07-21-2022","423b50a4-6c2b-4a62-b840-d3427394908c",1427,142607,1,"fram","H",14.9,10.2,65,65,"AU","1.3","AU",NA,NA,2,NA,NA,98,98,NA,0,"W",1,NA,NA,NA,1,0,"none",NA,NA
"missing_EAB_info","EM","07-26-2022","22508749-bf76-4ad6-8ade-f0488edc4aca",1513,151066,1,"fram","H",6.8,18.5,97,97,"AU","1.3","DS",NA,"False",2,"I",106,60,0,NA,0,NA,NA,NA,NA,NA,5,0,"SS,AS",NA,NA
"missing_EAB_info","EM","07-26-2022","35c23231-f265-4b78-9f5b-b50d6dcc56a3",1515,151191,1,"fram","H",14.3,17.2,65,65,"A","1.3","AU",NA,NA,2,NA,NA,50,20,NA,0,"I",NA,NA,NA,NA,4,2,"SS,AS",NA,NA
"missing_EAB_info","EM","07-26-2022","a85bacac-40d9-4a9d-beda-6f2857f2b5c1",1517,152021,1,"fram","H",2.5,12.1,83,83,"A","1.3","A",NA,NA,1,NA,NA,100,100,NA,0,NA,NA,NA,NA,NA,1,0,"VB",NA,NA
"missing_EAB_info","EM","07-27-2022","2eddc322-3a17-4442-b7c1-bb725f7d267c",1525,152502,1,"fram","H",15.6,2.1,40,40,"AU","1.3","AU",NA,NA,1,NA,NA,90,85,NA,0,"I",NA,NA,NA,NA,2,1,"AS,SS,VB,W",NA,NA
"missing_EAB_info","EM","07-27-2022","7c008f05-237f-472e-93ab-168ccf67fa06",1526,152558,2,"fram","H",0,1.6,12,12,"A","1.3","A",NA,NA,1,NA,NA,100,100,NA,0,NA,NA,NA,NA,NA,1,0,"SS",NA,NA
"missing_EAB_info","EM","08-05-2022","5bb2c3ee-dc23-449c-83a7-040b3ed6a0f6",1615,161501,1,"fram","H",13.7,1.6,104,104,"AU","1.3","A",NA,NA,2,NA,NA,98,98,NA,0,NA,NA,NA,NA,NA,NA,NA,NA,NA,NA
"missing_EAB_info","EM","08-05-2022","5bb2c3ee-dc23-449c-83a7-040b3ed6a0f6",1615,161508,1,"fram","H",14.7,12.3,108,108,"AU","1.3","AU",NA,NA,2,NA,NA,95,80,NA,1,"I",NA,NA,NA,"EAB",NA,NA,NA,NA,NA
"Dead_but_now_alive","EM","08-05-2022","09d7d215-ddcb-44b3-8330-e47c697a6551",1617,162001,1,"pist","M",2.9,2.2,300,300,"DS","1.3","AU",NA,NA,2,NA,NA,80,20,30,0,"OT",NA,NA,NA,NA,NA,NA,NA,NA,NA
"missing_EAB_info","EM","08-05-2022","6fcb268f-8a41-42c1-853a-ce517345bb06",1621,162231,1,"fram","H",9.1,18.3,267,267,"AU","1.3","A",NA,NA,3,NA,NA,100,100,NA,0,NA,NA,NA,NA,NA,NA,NA,NA,NA,NA
"Dead_but_now_alive","EM","05-30-2022","f3db926d-357c-4b13-9b83-707bfe711b5c",102,10134,1,"fram","H",16.8,7.3,511,511,"PD","1.3","AU",NA,"False",NA,NA,NA,90,0,NA,NA,NA,NA,NA,NA,NA,NA,NA,NA,NA,NA
"missing_EAB_info","JS","08-09-2022","f85b6167-2f80-4c27-979e-e8c2089de81a",104,10193,1,"fram","H",17.7,12.3,350,350,"AU","1.3","DS",NA,"False",NA,"I",347,100,0,NA,3,"I",NA,NA,NA,NA,NA,NA,NA,NA,NA
"missing_EAB_info","JS","08-09-2022","55422719-f6b3-4fe5-a84b-040c0dfdb312",106,10279,1,"fram","H",17.5,8.3,155,155,"AU","1.3","DS",NA,"True",2,"I",NA,100,0,NA,1,NA,NA,NA,NA,NA,NA,NA,NA,NA,NA
"missing_EAB_info","JS","08-09-2022","55422719-f6b3-4fe5-a84b-040c0dfdb312",106,10285,1,"fram","H",10.5,3.4,254,254,"AU","1.3","DS","RT","True",NA,"I",254,0,0,NA,NA,NA,NA,NA,NA,NA,NA,NA,NA,NA,NA
"missing_EAB_info","JS","08-09-2022","cc3933c4-49ac-40ea-ae65-d9147fbcc2f9",107,10526,1,"fram","H",6.1,14,173,173,"AU","1.3","DS",NA,"True",1,"I",173,100,0,NA,1,NA,NA,NA,NA,NA,NA,NA,NA,NA,NA
"missing_EAB_info","JS","08-09-2022","7a874e8e-d8e8-4303-9e75-2c9018b6f86e",112,10642,1,"fram","H",2.5,9.7,797,797,"AU","1.3","AU",NA,NA,3,NA,NA,100,80,NA,0,"I",NA,NA,NA,NA,NA,NA,NA,NA,NA
"missing_EAB_info","JS","08-09-2022","6b3619d8-38bc-459d-a2be-c985fa3a2f5e",120,12117,1,"fram","H",6.2,16.1,136,136,"AU","1.3","AU",NA,NA,1,NA,NA,100,95,NA,0,"I",NA,NA,NA,NA,NA,NA,NA,NA,NA
"missing_EAB_info","JS","08-09-2022","8edafdc7-5a2e-4fbe-ab06-22ea4792156a",121,12119,1,"fram","H",8.6,0.6,301,301,"AU","1.3","DS",NA,"True",3,"CD",301,95,0,NA,0,NA,NA,NA,NA,NA,NA,NA,NA,NA,NA
"missing_EAB_info","JS","08-09-2022","3513b7a5-252c-40cb-83a8-bbc1fa7a6a82",123,12229,1,"fram","H",1.5,13.6,201,201,"AU","1.3","AU",NA,NA,1,NA,NA,95,30,NA,1,"I",NA,NA,NA,NA,NA,NA,NA,NA,NA
"missing_EAB_info","JS","08-09-2022","3513b7a5-252c-40cb-83a8-bbc1fa7a6a82",123,12229,2,"fram","H",1.5,13.6,180,180,"AU","1.3","AU",NA,NA,1,NA,NA,99,40,NA,0,"I",NA,NA,NA,NA,NA,NA,NA,NA,NA
"missing_EAB_info","JS","08-09-2022","e907768d-fbf6-4949-9aa9-1c5bbc449897",125,12263,1,"fram","H",18.9,9.5,NA,NA,"AU","NULL","AU",NA,NA,2,NA,NA,85,80,NA,0,"I,B",NA,NA,NA,NA,NA,NA,NA,NA,NA
"missing_EAB_info","JS","08-09-2022","e907768d-fbf6-4949-9aa9-1c5bbc449897",125,12266,1,"frpe","H",10.6,7.2,136,136,"AU","1.3","DS",NA,"True",2,"I",135,NA,NA,NA,0,"I",NA,NA,NA,NA,NA,NA,NA,NA,NA
"missing_EAB_info","JS","08-09-2022","e907768d-fbf6-4949-9aa9-1c5bbc449897",125,12274,1,"fram","H",11.1,19,382,382,"AU","1.3","DS","RT","True",3,"CD",379,97,0,NA,NA,"I",NA,NA,NA,NA,NA,NA,NA,NA,NA
"missing_EAB_info","JS","08-09-2022","e907768d-fbf6-4949-9aa9-1c5bbc449897",125,12276,1,"fram","H",12.1,12.9,196,196,"AU","1.3","DS",NA,"True",2,"I",192,100,0,NA,1,"I",NA,NA,NA,NA,NA,NA,NA,NA,NA
"missing_EAB_info","EM","08-01-2022","d0c1b51c-26f0-4ec7-abd9-ecc8942199c7",508,50384,1,"fram","H",4.2,19,289,289,"AU","1.3","AU",NA,NA,3,NA,NA,100,95,NA,0,"DF",NA,NA,NA,"Epicormic shoots",NA,NA,NA,NA,NA
"missing_EAB_info","JJ","06-29-2022","5e6e4ebb-b0c8-4db2-94bd-f11dee92bc8e",808,83589,1,"fram","H",14.4,9.5,14,14,"A","1.3","A",NA,NA,1,NA,NA,100,100,NA,0,NA,NA,NA,NA,NA,NA,NA,NA,NA,NA
"missing_EAB_info","EM","05-18-2022","d925e96e-0f5d-4695-ab34-56be8b535bcc",815,80596,1,"fram",NA,6.19999999999999,15.4,544,NA,"AU","1.3","AU",NA,"False",4,NA,NA,80,5,NA,0,"I",NA,NA,NA,NA,NA,NA,NA,1,NA
"missing_EAB_info","EM","05-25-2022","bd159b4f-862d-4bdf-9c67-35520624f3c7",820,82145,1,"fram","H",11.9,18.5,78,78,"A","1.3","A",NA,NA,1,NA,NA,100,100,NA,0,NA,NA,NA,NA,NA,NA,NA,NA,NA,NA
"missing_EAB_info",NA,"05-25-2022","2de095c1-64ac-445c-b6a8-a422c642a501",823,82236,1,"fram","H",13.4,16.1,60,60,"AU","1.3","AU",NA,"True",1,NA,NA,90,15,NA,0,"F",NA,NA,NA,NA,NA,NA,NA,NA,NA
"missing_EAB_info","EM","05-25-2022","bf93d26d-c543-44cc-bdca-ccec855b030d",826,82297,1,"fram","H",2.3,7.2,76,76,"AU","1.3","AU",NA,"False",1,NA,NA,85,70,NA,0,"I",NA,NA,NA,NA,NA,NA,NA,NA,NA
"missing_EAB_info","EM","05-26-2022","34774be7-0d76-4392-a934-c734c4f93704",829,82363,1,"fram","H",17.2,9,222,222,"A","1.3","DS",NA,"False",NA,NA,NA,80,0,NA,0,"I,U",NA,NA,NA,NA,NA,NA,NA,NA,NA
"missing_EAB_info","EM","05-26-2022","5e96f409-dbb9-4366-9a4d-9f3fb2c92861",832,82432,1,"fram","H",11.6,16.6,139,139,"AU","1.3","AU",NA,"False",1,NA,NA,98,75,NA,0,"U,I",NA,NA,NA,"Epicormic and stump sprouts",NA,NA,NA,NA,NA
"missing_EAB_info","EM","05-26-2022","5e96f409-dbb9-4366-9a4d-9f3fb2c92861",832,82435,1,"fram","H",3.5,3.5,74,74,"M","1.3","DS",NA,"True",1,"S",74,0,0,NA,0,"CR,W",1,NA,NA,NA,NA,NA,NA,NA,NA
"missing_EAB_info","JJ","07-07-2022","6b04e756-21d5-430e-80f2-aa87d5e60c42",902,93678,1,"fram","H",1.1,13,11,11,"A","1.3","A",NA,NA,1,NA,NA,100,100,NA,0,NA,NA,NA,NA,NA,NA,NA,NA,0,NA
"missing_EAB_info","EM","06-01-2022","7122e550-c18d-426f-bde0-c74d279e0b6f",927,92444,1,"frpe","H",6.5,0.2,58,58,"AU","1.3","A",NA,NA,1,NA,NA,95,90,NA,0,NA,NA,NA,NA,"Stump sprouts",NA,NA,NA,NA,NA
"missing_EAB_info","EM","06-01-2022","7122e550-c18d-426f-bde0-c74d279e0b6f",927,92458,1,"fram","H",10.4,15.9,63,63,"AU","1.3","A",NA,NA,1,NA,NA,100,100,NA,NA,NA,NA,NA,NA,NA,NA,NA,NA,NA,NA
"missing_EAB_info","EM","06-02-2022","ef24798f-cc36-4687-b07c-69a4fb607ff5",1016,101292,1,"fram","H",15,9.4,572,572,"AU","1.3","AU",NA,"False",3,"CD",NA,75,10,NA,0,"DF,I,AN",NA,NA,NA,NA,NA,NA,NA,1,NA
"missing_EAB_info","EM","06-06-2022","f16707cf-90b5-4755-9e8d-4f58aff235ed",1022,102260,1,"fram","H",3.3,13.1,117,117,"AU","1.3","A",NA,NA,1,NA,NA,98,96,NA,0,NA,NA,NA,NA,NA,NA,NA,NA,NA,NA
"Dead_but_now_alive","EM","06-06-2022","1e2d0f4c-698b-4fdb-93c5-0328a5de0ee6",1023,102266,1,"fram","H",7.8,2.9,93,93,"DS","1.3","A",NA,NA,NA,NA,NA,100,98,NA,NA,NA,NA,NA,NA,NA,NA,NA,NA,NA,NA
"missing_EAB_info","EM","06-08-2022","8631d2d0-e86b-43c0-9fc4-6d23b97dad12",1028,102435,1,"frpe","H",10.3,14.2,69,69,"AU","1.3","AU",NA,"False",1,NA,NA,90,40,NA,0,"DF",NA,NA,NA,NA,NA,NA,NA,NA,NA
"missing_stem",NA,NA,NA,105,10251,1,"fram",NA,10.9,98.9,109,NA,NA,"A",NA,NA,NA,NA,NA,NA,NA,NA,NA,NA,NA,NA,NA,NA,NA,NA,NA,NA,NA,NA
"missing_EAB_info","EM","06-09-2022","a863f592-dcde-4af6-a520-69b11bb6da0a",1115,111330,1,"frni","H",8.3,12.9,458,458,"AU","1.3","A",NA,NA,4,NA,NA,95,95,NA,0,NA,NA,NA,NA,"Epicormic sprouts",NA,NA,NA,NA,NA
"missing_EAB_info","EM","06-09-2022","a863f592-dcde-4af6-a520-69b11bb6da0a",1115,111333,1,"fram","H",7.2,17.1,441,441,"AU","1.3","AU",NA,"False",4,NA,NA,98,20,NA,0,"DF",NA,NA,NA,NA,NA,NA,NA,NA,NA
"missing_EAB_info","EM","06-13-2022","b3382cb3-5fbc-40ec-8b53-4d0aca6d18f7",1127,112450,1,"frpe","H",10,7.5,145,145,"AU","1.3","AU",NA,NA,2,NA,NA,85,50,NA,1,"I",NA,NA,NA,NA,NA,NA,NA,NA,NA
"missing_EAB_info","EM","06-13-2022","ed43de5a-af6d-49a1-b183-35f07c029a1d",1128,112410,1,"frpe","H",8.1,4,39,39,"AU","1.3","DS",NA,"True",1,"S",43,40,0,NA,0,"W",1,NA,NA,NA,NA,NA,NA,NA,NA
"missing_EAB_info","EM","06-13-2022","ed43de5a-af6d-49a1-b183-35f07c029a1d",1128,112412,1,"fram","H",0.3,6,121,121,"AU","1.3","DS",NA,"True",1,"S",123,70,0,NA,0,"I",NA,NA,NA,NA,NA,NA,NA,1,NA
"missing_EAB_info","EM","06-15-2022","b2d49994-5b25-43de-8086-cdd79ea5c5da",1216,121364,1,"fram","H",8.6,6.7,360,360,"AU","1.3","AU",NA,NA,3,NA,NA,10,2,NA,0,"I",NA,NA,NA,NA,NA,NA,NA,NA,NA
"missing_EAB_info","EM","06-15-2022","8ea62e10-0472-4c2b-a0fd-6beae1abdfc8",1218,122047,1,"frpe","H",19.7,7.3,106,106,"AU","1.3","A",NA,NA,2,NA,NA,98,95,NA,1,NA,NA,NA,NA,NA,NA,NA,NA,NA,NA
"missing_EAB_info","EM","06-15-2022","836f9912-4c72-43e2-9f86-273c7da8ecc9",1224,122327,1,"fram","H",1.9,16.9,164,164,"AU","1.3","A",NA,NA,2,NA,NA,100,100,NA,0,NA,NA,NA,NA,NA,NA,NA,NA,NA,NA
"missing_EAB_info","EM","06-14-2022","83052fc8-8a78-45a4-82fb-6cb92b91847b",1227,122475,1,"frpe","H",3,15.1,86,86,"AU","1.3","A",NA,NA,2,NA,NA,100,98,NA,0,NA,NA,NA,NA,NA,NA,NA,NA,NA,NA
"missing_EAB_info","EM","06-14-2022","3ef3370b-4903-4366-80a5-926109dd0661",1228,122432,1,"frpe","H",17.8,0.8,142,142,"AU","1.3","A",NA,NA,2,NA,NA,90,88,NA,0,NA,NA,NA,NA,NA,NA,NA,NA,NA,NA
"missing_EAB_info","EM","06-14-2022","3ef3370b-4903-4366-80a5-926109dd0661",1228,122477,1,"fram","H",11.8,10.6,77,77,"AU","1.3","AU",NA,NA,1,NA,NA,100,80,NA,0,"DF,W",1,NA,NA,NA,NA,NA,NA,NA,NA
"missing_EAB_info","EM","06-14-2022","6dbbb382-518a-4eab-abce-e293b21f51f9",1229,122448,1,"frpe","H",17.2,11.5,212,212,"AU","1.3","AU",NA,NA,3,NA,NA,95,60,NA,0,"I,DF,AN",NA,NA,NA,NA,NA,NA,NA,NA,NA
"missing_EAB_info","EM","06-14-2022","6dbbb382-518a-4eab-abce-e293b21f51f9",1229,122505,1,"fram","H",18.8,14.9,48,48,"AU","1.3","AU",NA,NA,2,NA,NA,100,90,NA,0,"W,I",1,NA,NA,NA,NA,NA,NA,NA,NA
"missing_EAB_info","EM","06-14-2022","7802157d-b5aa-4f51-bd7d-ee4ba125408b",1230,122556,1,"fram","H",2,14.3,171,171,"AU","1.3","AU",NA,NA,2,NA,NA,90,40,NA,2,"AN,I",NA,NA,NA,NA,NA,NA,NA,NA,NA
"missing_EAB_info","EM","06-16-2022","3599b792-c4e8-4a80-8360-3a88b334dff0",1316,133461,1,"fram","H",5.5,3.3,321,321,"AU","1.3","A",NA,NA,3,NA,NA,100,100,NA,0,NA,NA,NA,NA,NA,NA,NA,NA,NA,NA
"missing_EAB_info","EM","06-20-2022","1a44805b-996e-4d4f-8ce4-551fa57a3288",1324,132280,1,"fram","H",6.1,18.2,103,103,"AU","1.3","A",NA,NA,2,NA,NA,100,100,NA,0,NA,NA,NA,NA,NA,NA,NA,NA,NA,NA
"missing_EAB_info","EM","06-20-2022","71789ce9-0412-4f90-8a13-e2d9979db85a",1325,132288,1,"fram","H",5.2,4.6,107,107,"AU","1.3","AU",NA,NA,1,NA,NA,100,98,NA,0,"I",NA,NA,NA,NA,NA,NA,NA,NA,NA
"missing_EAB_info","EM","06-20-2022","a43fd0da-b5af-4de6-a54d-d875cb027c39",1327,132502,1,"fram","H",19.5,18,177,177,"AU","1.3","AU",NA,NA,2,NA,NA,95,50,NA,2,"I,AN",NA,NA,NA,NA,NA,NA,NA,NA,NA
"missing_EAB_info","EM","06-20-2022","b86834b9-236c-45f8-9d93-2f03140382c1",1328,132430,1,"frpe","H",2.6,11.8,70,70,"AU","1.3","AU",NA,NA,1,NA,NA,80,15,NA,0,"I",NA,NA,NA,NA,NA,NA,NA,1,NA
"missing_EAB_info","EM","06-20-2022","b86834b9-236c-45f8-9d93-2f03140382c1",1328,132432,1,"fram","H",13.8,4.2,168,168,"AU","1.3","A",NA,NA,2,NA,NA,100,100,NA,0,NA,NA,NA,NA,"Switch QX and QY",NA,NA,NA,NA,NA
"missing_EAB_info","EM","06-20-2022","b86834b9-236c-45f8-9d93-2f03140382c1",1328,132505,1,"fram","H",14.5,9.1,126,126,"AU","1.3","AU",NA,NA,2,NA,NA,100,90,NA,0,"I",NA,NA,NA,NA,NA,NA,NA,NA,NA
"missing_EAB_info","EM","06-20-2022","b86834b9-236c-45f8-9d93-2f03140382c1",1328,132510,1,"fram","H",11.9,16.9,136,136,"AU","1.3","AU",NA,NA,2,NA,NA,98,90,NA,0,"AN",NA,NA,NA,NA,NA,NA,NA,NA,NA
"missing_EAB_info","EM","06-22-2022","42d8c31c-02ce-4ead-af65-de014647955f",1332,132476,1,"fram","H",4.8,14.1,105,105,"AU","1.3","AU",NA,NA,1,NA,NA,100,80,NA,0,"I",NA,NA,NA,NA,NA,NA,NA,NA,NA
"Dead_but_now_alive","EM","07-26-2022","17660912-db83-4876-b3ba-dae3fcf436ee",1413,141064,1,"fram","H",16.5,12,NA,0,"M","NULL","AU",NA,NA,1,NA,NA,80,80,59,0,"B,OT,W",2,NA,NA,NA,NA,NA,NA,NA,NA
"missing_EAB_info","EM","07-26-2022","17660912-db83-4876-b3ba-dae3fcf436ee",1413,141064,1,"fram","H",16.5,12,NA,0,"M","NULL","AU",NA,NA,1,NA,NA,80,80,59,0,"B,OT,W",2,NA,NA,NA,NA,NA,NA,NA,NA
"missing_EAB_info","EM","07-26-2022","09634b6f-9a6d-4104-9379-fb7a68189f2b",1414,140881,1,"fram","H",7.2,13.3,630,630,"AU","1.3","DS",NA,"False",3,"CD",NA,98,0,NA,0,NA,NA,NA,NA,NA,NA,NA,NA,1,NA
"missing_EAB_info","EM","07-25-2022","9c99bb35-fe70-44a8-9681-39531788cf55",1416,141137,1,"chvi","H",17.3,16.9,75,75,"A","1.3","AU",NA,NA,3,NA,NA,100,98,NA,0,"W",1,NA,NA,NA,NA,NA,NA,NA,NA
"Dead_but_now_alive","EM","07-25-2022","9c99bb35-fe70-44a8-9681-39531788cf55",1416,141137,2,"chvi","H",17.3,16.9,66,66,"M","1.3","A",NA,NA,3,NA,NA,98,98,NA,0,NA,NA,NA,NA,NA,NA,NA,NA,NA,NA
"missing_EAB_info","EM","07-25-2022","9c99bb35-fe70-44a8-9681-39531788cf55",1416,141137,2,"chvi","H",17.3,16.9,66,66,"M","1.3","A",NA,NA,3,NA,NA,98,98,NA,0,NA,NA,NA,NA,NA,NA,NA,NA,NA,NA
"missing_EAB_info","EM","07-25-2022","9c99bb35-fe70-44a8-9681-39531788cf55",1416,141255,1,"fram","H",8.9,9.2,153,153,"AU","1.3","DC",NA,"False",NA,NA,150,NA,NA,NA,0,NA,NA,NA,NA,NA,NA,NA,NA,NA,NA
"missing_EAB_info","EM","07-25-2022","9906d89f-5076-43ed-804b-549259244eb5",1417,142005,1,"fram","H",16.3,9.8,129,129,"AU","1.3","DS","RT","False",1,"S",NA,50,0,NA,0,NA,NA,NA,NA,NA,NA,NA,NA,NA,NA
"missing_EAB_info","EM","07-25-2022","9906d89f-5076-43ed-804b-549259244eb5",1417,142134,1,"fram","H",4.3,19.6,73,73,"A","1.3","A",NA,NA,1,NA,NA,100,100,NA,0,NA,NA,NA,NA,NA,NA,NA,NA,NA,NA
"missing_EAB_info","EM","07-25-2022","42d53bb4-7040-49b9-9b34-ff647aa357d5",1419,142082,1,"fram","H",16.5,3.3,507,507,"AU","1.3","DS",NA,"False",1,"S",507,0,0,NA,0,NA,NA,NA,NA,NA,NA,NA,NA,1,NA
"Dead_but_now_alive","EM","07-25-2022","42d53bb4-7040-49b9-9b34-ff647aa357d5",1419,142178,1,"fram","H",7.3,4.6,557,557,"DS","1.3","AU",NA,NA,3,NA,NA,60,0,NA,0,"W",1,NA,NA,NA,NA,NA,NA,1,NA
"Dead_but_now_alive","EM","07-25-2022","307c6685-0a10-40b0-8a69-f54804eb8ec6",1422,142333,1,"fram","H",17.5,6.7,464,464,"PD","1.3","A",NA,NA,3,NA,NA,50,0,NA,0,NA,NA,NA,NA,NA,NA,NA,NA,NA,NA
"missing_EAB_info","EM","07-25-2022","d1fe8091-cb99-495b-9bb7-bb26d4738a85",1423,142340,1,"fram","H",11.5,0.3,74,74,"A","1.3","AU",NA,NA,1,NA,NA,98,98,NA,0,"W",2,NA,NA,NA,NA,NA,NA,NA,NA
"missing_EAB_info","EM","07-25-2022","d1fe8091-cb99-495b-9bb7-bb26d4738a85",1423,142341,1,"fram","H",12,6.6,138,138,"AU","1.3","A",NA,NA,2,NA,NA,98,98,NA,0,NA,NA,NA,NA,NA,NA,NA,NA,NA,NA
"missing_EAB_info","EM","07-21-2022","b3682f2e-b277-4e52-96d4-eb4071362fa8",1424,142357,1,"fram","H",19.5,13.1,43,43,"AU","1.3","DS",NA,"True",1,"S",44,20,0,NA,0,NA,NA,NA,NA,NA,NA,NA,NA,1,NA
"missing_EAB_info","EM","07-21-2022","3f416e92-8e73-4cf4-952a-0e428877c0ff",1426,142396,1,"fram","H",10.6,14.2,46,46,"A","1.3","A",NA,NA,1,NA,NA,100,100,NA,3,NA,NA,NA,NA,NA,NA,NA,NA,NA,NA
"missing_EAB_info","EM","07-21-2022","423b50a4-6c2b-4a62-b840-d3427394908c",1427,142589,1,"fram","H",7.4,14.4,85,85,"AU","1.3","A",NA,NA,3,NA,NA,100,95,NA,4,NA,NA,NA,NA,NA,NA,NA,NA,NA,NA
"missing_EAB_info","EM","07-21-2022","423b50a4-6c2b-4a62-b840-d3427394908c",1427,142607,1,"fram","H",14.9,10.2,65,65,"AU","1.3","AU",NA,NA,2,NA,NA,98,98,NA,0,"W",1,NA,NA,NA,NA,NA,NA,NA,NA
"missing_EAB_info","EM","07-21-2022","7c9d740c-1eb9-4e20-9a42-67b294b2aa8a",1430,142715,1,"frpe","H",1.3,2.1,175,175,"AU","1.3","AU",NA,NA,2,NA,NA,70,20,NA,0,"I",NA,NA,NA,NA,NA,NA,NA,1,NA
"missing_EAB_info","EM","07-26-2022","22508749-bf76-4ad6-8ade-f0488edc4aca",1513,151066,1,"fram","H",6.8,18.5,97,97,"AU","1.3","DS",NA,"False",2,"I",106,60,0,NA,0,NA,NA,NA,NA,NA,NA,NA,NA,NA,NA
"missing_EAB_info","EM","07-26-2022","35c23231-f265-4b78-9f5b-b50d6dcc56a3",1515,151092,1,"fram","H",16.1,7,656,656,"AU","1.3","AU",NA,NA,4,NA,NA,95,70,NA,0,"I,AN,DF",NA,NA,NA,NA,NA,NA,NA,1,NA
"missing_EAB_info","EM","07-26-2022","35c23231-f265-4b78-9f5b-b50d6dcc56a3",1515,151191,1,"fram","H",14.3,17.2,65,65,"A","1.3","AU",NA,NA,2,NA,NA,50,20,NA,0,"I",NA,NA,NA,NA,NA,NA,NA,NA,NA
"missing_EAB_info","EM","07-26-2022","a85bacac-40d9-4a9d-beda-6f2857f2b5c1",1517,152021,1,"fram","H",2.5,12.1,83,83,"A","1.3","A",NA,NA,1,NA,NA,100,100,NA,0,NA,NA,NA,NA,NA,NA,NA,NA,NA,NA
"missing_EAB_info","EM","07-27-2022","dc319c23-69f3-4e9e-9305-a0e96908e78d",1520,152161,1,"frpe","H",17.8,3.3,373,373,"AU","1.3","A",NA,NA,3,NA,NA,98,95,NA,2,NA,NA,NA,NA,NA,NA,NA,NA,NA,NA
"missing_EAB_info","EM","07-27-2022","2eddc322-3a17-4442-b7c1-bb725f7d267c",1525,152502,1,"fram","H",15.6,2.1,40,40,"AU","1.3","AU",NA,NA,1,NA,NA,90,85,NA,0,"I",NA,NA,NA,NA,NA,NA,NA,NA,NA
"missing_EAB_info","EM","07-27-2022","7c008f05-237f-472e-93ab-168ccf67fa06",1526,152558,2,"fram","H",0,1.6,12,12,"A","1.3","A",NA,NA,1,NA,NA,100,100,NA,0,NA,NA,NA,NA,NA,NA,NA,NA,NA,NA
"missing_EAB_info","EM","08-09-2022","a9cf60b4-b015-4590-9e74-b5814831e949",1627,162537,1,"fram","H",9.8,11.5,136,136,"AU","1.3","AU",NA,NA,2,NA,NA,90,15,NA,0,"I",NA,NA,NA,"EAB",NA,NA,NA,NA,NA
"missing_EAB_info","EM","08-09-2022","61f1e89b-2052-4a02-8d08-fa62078e25cc",1629,162585,1,"fram","H",6.6,6.7,650,650,"AU","1.3","AU",NA,NA,3,NA,NA,90,65,NA,0,"I",NA,NA,NA,NA,NA,NA,NA,NA,NA
"missing_EAB_info","EM","08-09-2022","e9710d28-a390-4070-87c1-2d63eee5c79d",1726,172432,1,"fram","H",18.2,10.9,125,125,"AU","1.3","AU",NA,NA,1,NA,NA,100,95,NA,0,"CR",NA,NA,NA,NA,NA,NA,NA,NA,NA
"missing_stem",NA,NA,NA,1727,172526,1,"fram",NA,323.70001,525,70,NA,NA,"A",NA,NA,NA,NA,NA,NA,NA,NA,NA,NA,NA,NA,NA,NA,NA,NA,NA,NA,NA,NA
"missing_EAB_info","EM","08-09-2022","511a67b2-3593-4f1f-8ec1-4f7ea3a23d04",1727,172527,1,"fram","H",1.8,4.5,194,194,"AU","1.3","AU",NA,NA,3,NA,NA,98,85,NA,0,"I",NA,NA,NA,"Epicormic growth",NA,NA,NA,NA,NA
"missing_EAB_info","EM","08-09-2022","13aafcc4-c691-4d86-9327-4fc6dd8a7523",1728,172542,1,"fram","H",10.3,11.5,207,207,"AU","1.3","DS",NA,"False",2,"I",203,30,0,NA,0,"I,HS,AN",NA,NA,NA,NA,NA,NA,NA,NA,NA
"missing_stem",NA,NA,NA,1728,172544,1,"fram",NA,329.60001,555.40002,158,NA,NA,"A",NA,NA,NA,NA,NA,NA,NA,NA,NA,NA,NA,NA,NA,NA,NA,NA,NA,NA,NA,NA
"missing_EAB_info","EM","08-09-2022","8715cd16-3b03-47ff-8fe3-64d5314703e6",1729,172479,1,"fram","H",17,7.9,161,161,"AU","1.3","AU",NA,NA,3,NA,NA,80,2,NA,NA,"I,AN",NA,NA,NA,"Epicormic growth, buck rub, eab",NA,NA,NA,NA,NA
"missing_EAB_info","EM","08-09-2022","8715cd16-3b03-47ff-8fe3-64d5314703e6",1729,172495,1,"fram","H",3.5,19,252,252,"AU","1.3","AU",NA,NA,3,NA,NA,35,5,NA,NA,"I,DF",NA,NA,NA,"EAB",NA,NA,NA,NA,NA
"missing_EAB_info","EM","08-09-2022","c2df698b-4b0d-474f-a4de-f3717b959736",1730,172575,1,"fram","H",7.7,8.7,267,267,"AU","1.3","AU",NA,NA,3,NA,NA,100,100,NA,0,"W",NA,NA,NA,NA,NA,NA,NA,NA,NA
"missing_stem",NA,NA,NA,1731,172587,1,"fram",NA,330.39999,615.40002,451,NA,NA,"D",NA,NA,NA,NA,NA,NA,NA,NA,NA,NA,NA,NA,NA,NA,NA,NA,NA,NA,NA,NA
"missing_EAB_info","EM","08-09-2022","e85d80a5-8849-422c-b1ed-91fdb02f2724",1731,172616,1,"fram","H",9.5,1.4,214,214,"AU","1.3","A",NA,NA,2,NA,NA,100,95,NA,0,"U",NA,NA,NA,"Epicormic growth",NA,NA,NA,NA,NA
"missing_stem",NA,NA,NA,1731,172626,1,"fram",NA,332.5,615.70001,501,NA,NA,"D",NA,NA,NA,NA,NA,NA,NA,NA,NA,NA,NA,NA,NA,NA,NA,NA,NA,NA,NA,NA
"missing_EAB_info","JS","08-09-2022","55422719-f6b3-4fe5-a84b-040c0dfdb312",106,10279,1,"fram","H",17.5,8.3,155,155,"AU","1.3","DS",NA,"True",2,"I",NA,100,0,NA,1,"I",NA,NA,NA,NA,NA,NA,NA,NA,NA
"missing_EAB_info","JS","08-09-2022","55422719-f6b3-4fe5-a84b-040c0dfdb312",106,10285,1,"fram","H",10.5,3.4,254,254,"AU","1.3","DS","RT","True",NA,"I",254,0,0,NA,NA,"I",NA,NA,NA,NA,NA,NA,NA,NA,NA
"missing_EAB_info","JS","08-09-2022","cc3933c4-49ac-40ea-ae65-d9147fbcc2f9",107,10526,1,"fram","H",6.1,14,173,173,"AU","1.3","DS",NA,"True",1,"I",173,100,0,NA,1,"I",NA,NA,NA,NA,NA,NA,NA,NA,NA
"missing_EAB_info","JS","08-09-2022","8edafdc7-5a2e-4fbe-ab06-22ea4792156a",121,12119,1,"fram","H",8.6,0.6,301,301,"AU","1.3","DS",NA,"True",3,"CD",301,95,0,NA,0,"I",NA,NA,NA,NA,NA,NA,NA,NA,NA
"missing_EAB_info","JS","08-09-2022","e907768d-fbf6-4949-9aa9-1c5bbc449897",125,12266,1,"frpe","H",10.6,7.2,136,136,"AU","1.3","DS",NA,"True",2,"I",135,99,0,NA,0,"I",NA,NA,NA,NA,NA,NA,NA,NA,NA
"Dead_but_now_alive","JS","08-09-2022","4f01e78a-a34c-43b0-8fd4-aeaed16e7ec7",126,12323,1,"acru","M",4.4,17.3,393,393,"DS","1.3","AU",NA,NA,2,NA,NA,0,0,NA,3,"R,B",NA,NA,2,"epicormic branches living, main crown topped",NA,NA,NA,NA,NA
"missing_EAB_info","JS","08-10-2022","a9abd7d0-18b4-4281-aac2-bc55aa4d367d",127,12332,1,"fram","H",8.8,8.2,210,210,"A","1.3","A",NA,NA,2,NA,NA,100,99,NA,0,NA,NA,NA,NA,NA,NA,NA,NA,NA,NA
"missing_EAB_info","JS","08-10-2022","a9abd7d0-18b4-4281-aac2-bc55aa4d367d",127,12335,1,"fram","H",14.4,2.5,120,120,"A","1.3","AU",NA,NA,2,NA,NA,100,97,NA,0,"I",NA,NA,NA,"bark, stem splitting",NA,NA,NA,NA,NA
"missing_EAB_info","JS","08-10-2022","373c4b4b-b927-4feb-8d49-fa2cab8b24e6",222,22205,1,"fram","H",16.2,19.6,143,143,"AU","1.3","DS",NA,"False",2,"I",142,100,0,NA,0,"I,F",NA,NA,NA,NA,NA,NA,NA,NA,NA
"missing_EAB_info","JS","08-10-2022","a66ce055-e44e-442b-a203-b0cac9a99bf4",223,22221,1,"fram","H",7.5,6.8,196,196,"AU","1.3","AU","NN",NA,2,NA,NA,100,60,NA,0,"I",NA,NA,NA,NA,NA,NA,NA,NA,NA
"missing_EAB_info","JS","08-10-2022","a66ce055-e44e-442b-a203-b0cac9a99bf4",223,22241,1,"frpe","H",13.6,13,217,217,"A","1.3","AU",NA,NA,3,NA,NA,100,65,NA,0,"I",NA,NA,NA,NA,NA,NA,NA,NA,NA
"missing_EAB_info","JS","08-10-2022","5d74ffb9-30d9-442e-aff3-0a04248870b2",224,22254,1,"fram","H",5.8,0.9,124,124,"AU","1.3","DS",NA,"False",1,"S",116,98,0,NA,0,"I",NA,NA,NA,NA,NA,NA,NA,NA,NA
"missing_EAB_info","JS","08-10-2022","0260c93d-f18d-4d4e-8b98-b3727f469c1b",227,22370,1,"fram","H",7.7,5.7,108,108,"AU","1.3","AU",NA,NA,1,NA,NA,97,95,NA,0,"I",NA,NA,NA,NA,NA,NA,NA,NA,NA
"missing_stem",NA,NA,NA,128,12351,1,"fram",NA,4.1,544.20001,126,NA,NA,"A",NA,NA,NA,NA,NA,NA,NA,NA,NA,NA,NA,NA,NA,NA,NA,NA,NA,NA,NA,NA
"missing_stem",NA,NA,NA,129,12392,1,"litu",NA,17.2,561.09998,111,NA,NA,"A",NA,NA,NA,NA,NA,NA,NA,NA,NA,NA,NA,NA,NA,NA,NA,NA,NA,NA,NA,NA
"missing_EAB_info","EM","08-10-2022","4e185447-abb1-4c0e-a1ed-08d15c259df0",1712,171421,1,"fram","H",7.4,10.5,276,276,"AU","1.3","AU",NA,NA,2,NA,NA,100,85,NA,0,"I",NA,NA,NA,NA,NA,NA,NA,NA,NA
"missing_EAB_info","EM","08-10-2022","3cee323b-1a12-40f0-b1c4-3ff3d57247e3",1714,171448,1,"fram","H",8.3,3.6,143,143,"AU","1.3","DC",NA,"False",NA,NA,146,NA,NA,NA,0,"B,CR",NA,NA,NA,NA,NA,NA,NA,NA,NA
"missing_EAB_info","EM","08-10-2022","f5a96c9c-f0e7-43a3-b7aa-bb314f7d7fdd",1720,172264,1,"fram","H",19,12.8,147,147,"AU","1.3","A",NA,NA,2,NA,NA,100,98,NA,0,NA,NA,NA,NA,NA,NA,NA,NA,NA,NA
"missing_EAB_info","EM","08-10-2022","8ced505e-0a28-4a55-ade9-522494d83585",1721,172332,1,"fram","H",3.3,15.5,250,250,"AU","1.3","DS",NA,"False",1,"S",243,0,0,NA,0,"I",NA,NA,NA,"EAB",NA,NA,NA,NA,NA
"missing_stem",NA,NA,NA,1722,172151,1,"vipr",NA,321.39999,434.79999,109,NA,NA,"A",NA,NA,NA,NA,NA,NA,NA,NA,NA,NA,NA,NA,NA,NA,NA,NA,NA,NA,NA,NA
"missing_EAB_info","EM","08-10-2022","9f6fb715-73b1-4b17-94ef-a6ba08996558",1722,172362,1,"fram","H",18.8,11.6,149,149,"AU","1.3","DS",NA,"True",3,"CD",140,90,0,NA,0,NA,NA,NA,NA,NA,NA,NA,NA,NA,NA
"missing_EAB_info","EM","08-10-2022","fc25971e-d009-4cf1-afd3-67dfc6b34275",1724,172175,1,"fram","H",7.1,12.1,314,314,"AU","1.3","AU",NA,NA,3,NA,NA,100,90,NA,0,"DF",NA,NA,NA,NA,NA,NA,NA,NA,NA
"missing_stem",NA,NA,NA,223,22220,1,"fram",NA,29.1,445.39999,66,NA,NA,"D",NA,NA,NA,NA,NA,NA,NA,NA,NA,NA,NA,NA,NA,NA,NA,NA,NA,NA,NA,NA
"missing_stem",NA,NA,NA,223,22236,1,"fram",NA,33.5,448,101,NA,NA,"A",NA,NA,NA,NA,NA,NA,NA,NA,NA,NA,NA,NA,NA,NA,NA,NA,NA,NA,NA,NA
"missing_stem",NA,NA,NA,226,22331,1,"caca",NA,23.6,500.5,105,NA,NA,"A",NA,NA,NA,NA,NA,NA,NA,NA,NA,NA,NA,NA,NA,NA,NA,NA,NA,NA,NA,NA
"missing_stem",NA,NA,NA,228,22450,1,"saal",NA,31.8,550.90002,227,NA,NA,"A",NA,NA,NA,NA,NA,NA,NA,NA,NA,NA,NA,NA,NA,NA,NA,NA,NA,NA,NA,NA
"missing_stem",NA,NA,NA,228,22466,1,"litu",NA,20.6,554.59998,100,NA,NA,"D",NA,NA,NA,NA,NA,NA,NA,NA,NA,NA,NA,NA,NA,NA,NA,NA,NA,NA,NA,NA
"missing_EAB_info","EM","08-11-2022","539a7028-6f5a-4f7c-88c7-b3329e24546d",1703,170647,1,"fram","H",10.5,2.5,137,137,"AU","1.3","AU",NA,NA,1,NA,NA,80,80,NA,0,"B",NA,NA,NA,NA,NA,NA,NA,NA,NA
"missing_EAB_info","EM","08-11-2022","539a7028-6f5a-4f7c-88c7-b3329e24546d",1703,170695,1,"fram","H",9.8,10.8,276,276,"AU","1.3","AU","RT",NA,3,NA,NA,98,75,NA,2,"W",2,NA,NA,NA,NA,NA,NA,NA,NA
"missing_EAB_info","EM","08-11-2022","fd86973d-e580-4e6d-87e7-134f1b556a0a",1704,170982,1,"fram","H",12.4,2.6,329,329,"AU","1.3","AU",NA,NA,3,NA,NA,80,20,NA,4,"I",NA,NA,NA,"EAB",NA,NA,NA,NA,NA
"Dead_but_now_alive","EM","08-11-2022","fd86973d-e580-4e6d-87e7-134f1b556a0a",1704,171104,1,"ulru","H",8.5,2.4,130,130,"DS","1.3","A",NA,NA,1,NA,NA,100,95,NA,0,NA,NA,NA,NA,"Epicormic growth",NA,NA,NA,NA,NA
"missing_EAB_info","EM","08-11-2022","92ad5de0-76b9-41af-be22-cc1e6fbf40e5",1705,171134,1,"fram","H",13.3,6.3,111,111,"AU","1.3","DS",NA,"True",1,"S",122,90,0,NA,0,"I,R",NA,NA,NA,NA,NA,NA,NA,NA,NA
"missing_EAB_info","EM","08-11-2022","92ad5de0-76b9-41af-be22-cc1e6fbf40e5",1705,171139,1,"fram","H",5.5,10.9,113,113,"AU","1.3","AU",NA,NA,1,NA,NA,90,20,NA,0,"I",NA,NA,NA,"EAB",NA,NA,NA,NA,NA
"missing_stem",NA,NA,NA,1802,180141,1,"ulru",NA,342.60001,28.3,166,NA,NA,"D",NA,NA,NA,NA,NA,NA,NA,NA,NA,NA,NA,NA,NA,NA,NA,NA,NA,NA,NA,NA
"Dead_but_now_alive","EM","08-11-2022","988d62a1-6e9a-48a4-9168-496bdb65b9b1",1802,180426,1,"fram","H",0.9,14.1,102,102,"DS","1.3","AU",NA,NA,1,NA,NA,80,5,NA,4,"I",NA,NA,NA,"EAB",NA,NA,NA,NA,NA
"missing_EAB_info","EM","08-11-2022","988d62a1-6e9a-48a4-9168-496bdb65b9b1",1802,180494,1,"fram","H",7.5,16.6,155,155,"A","1.3","A",NA,NA,2,NA,NA,100,98,NA,1,NA,NA,NA,NA,NA,NA,NA,NA,NA,NA
"missing_EAB_info","EM","08-11-2022","4faeca3b-e68b-4492-be59-4354176348c1",1803,180881,1,"fram","H",18,13.9,141,141,"AU","1.3","DC",NA,"False",NA,NA,170,NA,NA,NA,NA,"CR",NA,NA,NA,NA,NA,NA,NA,NA,NA
"missing_EAB_info","EM","08-11-2022","4faeca3b-e68b-4492-be59-4354176348c1",1803,181594,1,"fram","H",3.1,9.3,192,192,"AU","1.3","AU",NA,NA,2,NA,NA,90,70,NA,4,"I",NA,NA,NA,NA,NA,NA,NA,NA,NA
"missing_EAB_info","EM","08-11-2022","d7c84593-43a3-4105-8881-ed60c4fb4473",1805,180657,1,"fram","H",7.4,7.8,179,179,"AU","1.3","AU",NA,NA,1,NA,NA,98,75,NA,0,"I",NA,NA,NA,NA,NA,NA,NA,NA,NA
"missing_EAB_info","EM","08-11-2022","7d120802-e795-4b9c-a26f-7cb6d5f3c2cc",1807,180684,1,"fram","H",2.3,5.9,136,136,"AU","1.3","AU",NA,NA,3,NA,NA,90,5,NA,0,"I",NA,NA,NA,NA,NA,NA,NA,NA,NA
"missing_stem",NA,NA,NA,1810,180940,1,"litu",NA,352,192.39999,163,NA,NA,"A",NA,NA,NA,NA,NA,NA,NA,NA,NA,NA,NA,NA,NA,NA,NA,NA,NA,NA,NA,NA
"missing_EAB_info","EM","08-11-2022","81f2c654-b394-4684-b7ca-8783590d4ae8",1812,180808,1,"fram","H",11,2.7,150,150,"AU","1.3","AU","RT",NA,3,NA,NA,90,10,NA,0,"I",NA,NA,NA,"EAB",NA,NA,NA,NA,NA
"missing_stem",NA,NA,NA,1812,180967,1,"fram",NA,341.5,226.60001,196,NA,NA,"D",NA,NA,NA,NA,NA,NA,NA,NA,NA,NA,NA,NA,NA,NA,NA,NA,NA,NA,NA,NA
"missing_EAB_info","EM","08-11-2022","81f2c654-b394-4684-b7ca-8783590d4ae8",1812,180971,1,"fram","H",2,12.9,116,116,"AU","1.3","AU",NA,NA,2,NA,NA,100,100,NA,0,"W",NA,NA,NA,NA,NA,NA,NA,NA,NA
"missing_stem",NA,NA,NA,620,62148,1,"qual",NA,110.4,394.79999,350,NA,NA,"A",NA,NA,NA,NA,NA,NA,NA,NA,NA,NA,NA,NA,NA,NA,NA,NA,NA,NA,NA,NA
"missing_stem",NA,NA,NA,623,62241,2,"litu",NA,113.9,440.70001,142,NA,NA,"A",NA,NA,NA,NA,NA,NA,NA,NA,NA,NA,NA,NA,NA,NA,NA,NA,NA,NA,NA,NA
"missing_stem",NA,NA,NA,627,62348,1,"cagl",NA,114.9,539.79999,236,NA,NA,"A",NA,NA,NA,NA,NA,NA,NA,NA,NA,NA,NA,NA,NA,NA,NA,NA,NA,NA,NA,NA
"missing_stem",NA,NA,NA,630,62417,1,"quve",NA,108.9,597,958,NA,NA,"A",NA,NA,NA,NA,NA,NA,NA,NA,NA,NA,NA,NA,NA,NA,NA,NA,NA,NA,NA,NA
"missing_stem",NA,NA,NA,631,62440,1,"quve",NA,119,619.5,772,NA,NA,"A",NA,NA,NA,NA,NA,NA,NA,NA,NA,NA,NA,NA,NA,NA,NA,NA,NA,NA,NA,NA
"Dead_but_now_alive","EM","08-12-2022","b910b882-0743-4dd0-b432-577978e6d1f4",1813,180829,1,"ceoc","M",19.2,10,107,107,"DS","1.3","AU",NA,NA,1,NA,NA,75,75,81,NA,"R1",NA,NA,NA,"Large lean over dbh",NA,NA,NA,NA,NA
"missing_stem",NA,NA,NA,1814,180833,1,"fram",NA,359.60001,264.39999,64,NA,NA,"D",NA,NA,NA,NA,NA,NA,NA,NA,NA,NA,NA,NA,NA,NA,NA,NA,NA,NA,NA,NA
"Dead_but_now_alive","EM","08-12-2022","4e260921-0465-42ec-8dc0-89a1a2482e0f",1824,182396,1,"fram","H",19.9,18.6,373,373,"DS","1.3","A",NA,NA,1,NA,NA,0,0,NA,0,NA,NA,NA,NA,NA,NA,NA,NA,NA,NA
"missing_EAB_info","EM","08-12-2022","9a2f5d5c-243f-40ed-ba53-c8607d538d0c",1825,182401,1,"fram","H",11.6,4.8,448,448,"AU","1.3","DS",NA,"False",3,"CD",450,85,0,NA,0,NA,NA,NA,NA,NA,NA,NA,NA,NA,NA
"missing_EAB_info","EM","08-12-2022","b9e84ccf-c524-40fe-b56b-3856e5b9ee14",1827,182423,1,"fram","H",0.8,1.7,137,137,"AU","1.3","AU",NA,NA,1,NA,NA,100,80,NA,0,"I",NA,NA,NA,NA,NA,NA,NA,NA,NA
"missing_stem",NA,NA,NA,614,60562,1,"fagr",NA,119,268.70001,157,NA,NA,"A",NA,NA,NA,NA,NA,NA,NA,NA,NA,NA,NA,NA,NA,NA,NA,NA,NA,NA,NA,NA
"missing_stem",NA,NA,NA,616,60474,1,"fram",NA,101.6,309.60001,300,NA,NA,"A",NA,NA,NA,NA,NA,NA,NA,NA,NA,NA,NA,NA,NA,NA,NA,NA,NA,NA,NA,NA
"missing_stem",NA,NA,NA,616,60494,1,"cato",NA,110.5,310.39999,241,NA,NA,"A",NA,NA,NA,NA,NA,NA,NA,NA,NA,NA,NA,NA,NA,NA,NA,NA,NA,NA,NA,NA
"missing_stem",NA,NA,NA,616,60595,1,"fram",NA,116,303.10001,411,NA,NA,"A",NA,NA,NA,NA,NA,NA,NA,NA,NA,NA,NA,NA,NA,NA,NA,NA,NA,NA,NA,NA
"missing_EAB_info","EM","08-15-2022","cbc7024d-c0cf-4765-916b-af01f95dd929",730,72417,1,"fram","H",11.7,16.2,121,121,"AU","1.3","AU",NA,NA,1,NA,NA,100,70,NA,NA,"DF,I",NA,NA,NA,NA,NA,NA,NA,NA,NA
"missing_EAB_info","EM","08-12-2022","4bb90d8f-2bde-4e52-940b-54df86e18c58",1829,182451,1,"fram","H",1.3,1.4,370,370,"AU","1.3","AU",NA,NA,3,NA,NA,90,20,NA,2,"I",NA,NA,NA,NA,NA,NA,NA,NA,NA
"missing_EAB_info","EM","08-15-2022","ab97e86c-9318-4846-ad5a-8252bdda8c50",1831,182497,1,"fram","H",3.6,16.3,115,115,"AU","1.3","DS",NA,"True",1,"S",119,90,0,NA,0,NA,NA,NA,NA,NA,NA,NA,NA,NA,NA
"missing_EAB_info","EM","08-15-2022","ab97e86c-9318-4846-ad5a-8252bdda8c50",1831,182498,1,"fram","H",0.9,18.3,162,162,"AU","1.3","DS",NA,"False",3,"CD",148,80,0,NA,0,NA,NA,NA,NA,NA,NA,NA,NA,NA,NA
"missing_EAB_info","EM","08-15-2022","0ed50cd6-7eb8-40ac-868d-135ecf057d57",1832,182500,1,"fram","H",11.2,0.4,421,421,"AU","1.3","DS",NA,"False",4,"D",422,70,0,NA,0,NA,NA,NA,NA,NA,NA,NA,NA,NA,NA
"missing_EAB_info","EM","08-15-2022","0ed50cd6-7eb8-40ac-868d-135ecf057d57",1832,182739,1,"fram","H",18.8,1.9,186,186,"AU","1.3","AU",NA,NA,1,NA,NA,80,20,NA,0,"I",NA,NA,NA,"Epicormic growth",NA,NA,NA,NA,NA
"Dead_but_now_alive","EM","08-15-2022","0ed50cd6-7eb8-40ac-868d-135ecf057d57",1832,182744,1,"fram","H",19,4.6,475,475,"DS","1.3","AU",NA,NA,4,NA,NA,90,30,NA,0,"I",NA,NA,NA,NA,NA,NA,NA,NA,NA
"missing_EAB_info","EM","08-15-2022","0ed50cd6-7eb8-40ac-868d-135ecf057d57",1832,182747,1,"fram","H",14.1,11.6,315,315,"AU","1.3","DS",NA,"True",3,"CD",317,80,0,NA,0,NA,NA,NA,NA,NA,NA,NA,NA,NA,NA
"missing_stem",NA,NA,NA,1921,192088,1,"qual",NA,365.79999,414.60001,318,NA,NA,"D",NA,NA,NA,NA,NA,NA,NA,NA,NA,NA,NA,NA,NA,NA,NA,NA,NA,NA,NA,NA
"missing_EAB_info","KW","08-16-2022","20c18a53-5531-412c-b49d-ba8edc2f4c69",1924,192318,1,"fram","H",1.4,0.3,173,173,"AU","1.3","AU","NN",NA,3,NA,NA,100,80,NA,3,"AN,F",NA,NA,NA,NA,NA,NA,NA,NA,NA
"missing_EAB_info","KW","08-16-2022","20c18a53-5531-412c-b49d-ba8edc2f4c69",1924,192350,1,"fram","H",7.9,2,125,125,"AU","1.3","AU",NA,NA,2,NA,NA,100,70,NA,0,"I",NA,NA,NA,"Epicormic sprouts",NA,NA,NA,NA,NA
"missing_stem",NA,NA,NA,1927,192519,1,"frpe",NA,378.70001,538,117,NA,NA,"A",NA,NA,NA,NA,NA,NA,NA,NA,NA,NA,NA,NA,NA,NA,NA,NA,NA,NA,NA,NA
"missing_EAB_info","KT","08-16-2022","6a58d1a4-1859-44db-801e-f72877b90a05",1927,192520,1,"fram","H",15.8,17.1,219,219,"AU","1.3","AU",NA,NA,2,NA,NA,100,80,NA,0,"I,AN",NA,NA,NA,"EAB",NA,NA,NA,NA,NA
"missing_EAB_info","KT,KW","08-16-2022","e3023b4f-0280-49f8-8068-bfe33f958342",1930,192682,1,"fram","H",0.6,6.7,280,280,"AU","1.3","AU",NA,NA,2,NA,NA,100,40,NA,0,"I",NA,NA,NA,"EAB",NA,NA,NA,NA,NA
"missing_stem",NA,NA,NA,2025,202379,1,"fram",NA,386.20001,480.39999,NA,NA,NA,"D",NA,NA,NA,NA,NA,NA,NA,NA,NA,NA,NA,NA,NA,NA,NA,NA,NA,NA,NA,NA
"missing_stem",NA,NA,NA,2027,202759,1,"fram",NA,387.79999,520.70001,145,NA,NA,"D",NA,NA,NA,NA,NA,NA,NA,NA,NA,NA,NA,NA,NA,NA,NA,NA,NA,NA,NA,NA
"missing_EAB_info","EM","08-16-2022","69f24392-f0c7-4a12-948d-9ccdefbb115c",2028,202536,1,"fram","H",9.5,13.3,446,446,"AU","1.3","DS",NA,"False",3,"CD",449,0,0,NA,0,"CR,U,I",NA,NA,NA,"EAB",NA,NA,NA,NA,NA
"missing_stem",NA,NA,NA,2031,202570,1,"ulru",NA,384.79999,600.59998,185,NA,NA,"D",NA,NA,NA,NA,NA,NA,NA,NA,NA,NA,NA,NA,NA,NA,NA,NA,NA,NA,NA,NA
"missing_stem",NA,NA,NA,2031,202580,1,"fram",NA,387.20001,613.90002,121,NA,NA,"A",NA,NA,NA,NA,NA,NA,NA,NA,NA,NA,NA,NA,NA,NA,NA,NA,NA,NA,NA,NA
"missing_EAB_info","EM","08-16-2022","fbe94a23-3403-4d60-9824-26f3be3a75d4",2031,202935,1,"fram","H",15.4,1.4,312,312,"AU","1.3","AU",NA,NA,3,NA,NA,95,85,NA,2,"AN",NA,NA,NA,NA,NA,NA,NA,NA,NA
"missing_EAB_info","EM","08-16-2022","fbe94a23-3403-4d60-9824-26f3be3a75d4",2031,202949,1,"fram","H",9.6,13.8,105,105,"AU","1.3","AU","RT",NA,1,NA,NA,90,70,NA,1,"W",1,NA,NA,NA,NA,NA,NA,NA,NA
"missing_EAB_info","EM","08-16-2022","e3a539f0-b373-4574-86bc-0bf7d4c83ca6",2032,202586,1,"fram","H",4.2,5.3,455,455,"AU","1.3","DS",NA,"True",3,"CD",460,90,0,NA,0,NA,NA,NA,NA,NA,NA,NA,NA,NA,NA
"Dead_but_now_alive","EM","08-16-2022","e3a539f0-b373-4574-86bc-0bf7d4c83ca6",2032,202595,1,"fram","H",8.7,16.8,492,492,"DS","1.3","A",NA,NA,3,NA,NA,80,0,NA,0,NA,NA,NA,NA,NA,NA,NA,NA,NA,NA
"missing_stem",NA,NA,NA,2032,202960,1,"fram",NA,394,628.09998,95,NA,NA,"D",NA,NA,NA,NA,NA,NA,NA,NA,NA,NA,NA,NA,NA,NA,NA,NA,NA,NA,NA,NA
"missing_stem",NA,NA,NA,728,72359,1,"cagl",NA,128.7,549.5,120,NA,NA,"A",NA,NA,NA,NA,NA,NA,NA,NA,NA,NA,NA,NA,NA,NA,NA,NA,NA,NA,NA,NA
"missing_EAB_info","KW","08-18-2022","0c096ba2-41b1-4716-b7eb-7e8030285178",1912,190562,1,"frni","H",3.8,13.8,420,420,"AU","1.3","AU",NA,NA,1,NA,NA,40,40,NA,4,"AN",NA,NA,NA,NA,NA,NA,NA,NA,NA
"missing_stem",NA,NA,NA,1912,190750,1,"fram",NA,374.5,220.7,161,NA,NA,"D",NA,NA,NA,NA,NA,NA,NA,NA,NA,NA,NA,NA,NA,NA,NA,NA,NA,NA,NA,NA
"missing_EAB_info","KW","08-18-2022","8078cff1-3d91-4bc5-a519-72b865e7f0a3",1913,190577,1,"fram","H",2,15.2,129,129,"AU","1.3","AU",NA,NA,1,NA,NA,30,30,NA,4,"B,DF",NA,NA,NA,NA,NA,NA,NA,NA,NA
"missing_EAB_info","KW","08-18-2022","9a756912-6c07-4a61-92ba-6906099e472e",1914,190591,1,"fram","H",7.6,3.7,117,117,"AU","1.3","DS",NA,"False",2,"I",118,95,0,NA,0,"AN",NA,NA,NA,NA,NA,NA,NA,NA,NA
"missing_stem",NA,NA,NA,1914,190593,1,"fram",NA,368.79999,265.39999,57,NA,NA,"D",NA,NA,NA,NA,NA,NA,NA,NA,NA,NA,NA,NA,NA,NA,NA,NA,NA,NA,NA,NA
"missing_stem",NA,NA,NA,1914,190596,1,"fram",NA,360.70001,270.10001,116,NA,NA,"A",NA,NA,NA,NA,NA,NA,NA,NA,NA,NA,NA,NA,NA,NA,NA,NA,NA,NA,NA,NA
"missing_stem",NA,NA,NA,1914,190799,1,"fram",NA,371.10001,270.20001,78,NA,NA,"D",NA,NA,NA,NA,NA,NA,NA,NA,NA,NA,NA,NA,NA,NA,NA,NA,NA,NA,NA,NA
"missing_stem",NA,NA,NA,1915,190819,1,"fram",NA,376.60001,291.79999,30,NA,NA,"D",NA,NA,NA,NA,NA,NA,NA,NA,NA,NA,NA,NA,NA,NA,NA,NA,NA,NA,NA,NA
"missing_EAB_info","EM","08-18-2022","6fd8a005-9453-4c8c-aec2-f3407a571bf0",2002,200307,1,"fram","H",15.1,2.6,129,129,"AU","1.3","AU",NA,NA,1,NA,NA,100,100,NA,4,"I",NA,NA,NA,NA,NA,NA,NA,NA,NA
"missing_stem",NA,NA,NA,2011,201176,1,"ulam",NA,381.29999,215.7,230,NA,NA,"A",NA,NA,NA,NA,NA,NA,NA,NA,NA,NA,NA,NA,NA,NA,NA,NA,NA,NA,NA,NA
"missing_EAB_info",NA,"08-18-2022","6f95cae6-7a39-4b2f-82e2-926491be7704",2012,201209,1,"fram","H",2,2.1,128,128,"AU","1.3","AU",NA,NA,1,NA,NA,90,70,NA,4,"U",NA,NA,NA,NA,NA,NA,NA,NA,NA
"missing_EAB_info",NA,"08-18-2022","6f95cae6-7a39-4b2f-82e2-926491be7704",2012,201211,1,"fram","H",3.4,1.8,110,110,"AU","1.3","AU",NA,NA,1,NA,NA,92,45,NA,0,"W,K",1,1,NA,NA,NA,NA,NA,NA,NA
"missing_EAB_info",NA,"08-18-2022","6f95cae6-7a39-4b2f-82e2-926491be7704",2012,201218,1,"frpe","H",6.2,5.6,122,122,"AU","1.3","A",NA,NA,3,NA,NA,80,80,NA,2,NA,NA,NA,NA,NA,NA,NA,NA,NA,NA
